[2026/4/14 下午1:13:32] 🔍 GiveMe API 監控開始
[2026/4/14 下午1:13:32] 🛡️ 防護機制狀態正常：腳本層 ✅ API層 ✅
[2026/4/14 下午1:13:32] ✅ 檢查完成：最近 14 筆發票記錄正常，無儲值金誤開發票
[2026/4/14 下午1:13:32] 🔍 GiveMe API 監控完成
[2026/4/14 下午1:43:42] 🔍 GiveMe API 監控開始
[2026/4/14 下午1:43:42] 🛡️ 防護機制狀態正常：腳本層 ✅ API層 ✅
[2026/4/14 下午1:43:42] ✅ 檢查完成：最近 14 筆發票記錄正常，無儲值金誤開發票
[2026/4/14 下午1:43:42] 🔍 GiveMe API 監控完成
[2026/4/14 下午2:13:52] 🔍 GiveMe API 監控開始
[2026/4/14 下午2:13:52] 🛡️ 防護機制狀態正常：腳本層 ✅ API層 ✅
[2026/4/14 下午2:13:52] ✅ 檢查完成：最近 15 筆發票記錄正常，無儲值金誤開發票
[2026/4/14 下午2:13:52] 🔍 GiveMe API 監控完成
[2026/4/14 下午2:44:02] 🔍 GiveMe API 監控開始
[2026/4/14 下午2:44:02] 🛡️ 防護機制狀態正常：腳本層 ✅ API層 ✅
[2026/4/14 下午2:44:02] ✅ 檢查完成：最近 15 筆發票記錄正常，無儲值金誤開發票
[2026/4/14 下午2:44:02] 🔍 GiveMe API 監控完成
[2026/4/14 下午3:14:13] 🔍 GiveMe API 監控開始
[2026/4/14 下午3:14:13] 🛡️ 防護機制狀態正常：腳本層 ✅ API層 ✅
[2026/4/14 下午3:14:13] ✅ 檢查完成：最近 15 筆發票記錄正常，無儲值金誤開發票
[2026/4/14 下午3:14:13] 🔍 GiveMe API 監控完成
[2026/4/14 下午3:44:23] 🔍 GiveMe API 監控開始
[2026/4/14 下午3:44:23] 🛡️ 防護機制狀態正常：腳本層 ✅ API層 ✅
[2026/4/14 下午3:44:23] ✅ 檢查完成：最近 15 筆發票記錄正常，無儲值金誤開發票
[2026/4/14 下午3:44:23] 🔍 GiveMe API 監控完成
[2026/4/14 下午4:14:33] 🔍 GiveMe API 監控開始
[2026/4/14 下午4:14:33] 🛡️ 防護機制狀態正常：腳本層 ✅ API層 ✅
[2026/4/14 下午4:14:33] ✅ 檢查完成：最近 20 筆發票記錄正常，無儲值金誤開發票
[2026/4/14 下午4:14:33] 🔍 GiveMe API 監控完成
[2026/4/14 下午4:44:43] 🔍 GiveMe API 監控開始
[2026/4/14 下午4:44:43] 🛡️ 防護機制狀態正常：腳本層 ✅ API層 ✅
[2026/4/14 下午4:44:43] ✅ 檢查完成：最近 20 筆發票記錄正常，無儲值金誤開發票
[2026/4/14 下午4:44:43] 🔍 GiveMe API 監控完成
[2026/4/14 下午5:14:53] 🔍 GiveMe API 監控開始
[2026/4/14 下午5:14:53] 🛡️ 防護機制狀態正常：腳本層 ✅ API層 ✅
[2026/4/14 下午5:14:53] ❌ 警告：發現 5 筆儲值金被誤開發票！
[2026/4/14 下午5:14:53]    - ID:3550 新莊中平店 $90397.00 → INV/2026/04/000064
[2026/4/14 下午5:14:53]    - ID:3549 三峽大同店 $108044.00 → INV/2026/04/000063
[2026/4/14 下午5:14:53]    - ID:3548 鶯歌鳳鳴店 $54518.00 → INV/2026/04/000062
[2026/4/14 下午5:14:53]    - ID:3547 桃園八德店 $25554.00 → INV/2026/04/000067
[2026/4/14 下午5:14:53]    - ID:3546 土城中央店 $74416.00 → INV/2026/04/000066
[2026/4/14 下午5:14:53] 🔧 自動修正了 10 筆儲值金記錄
[2026/4/14 下午5:14:55] 📱 Telegram 警報發送失敗
[2026/4/14 下午5:14:55] 🔍 GiveMe API 監控完成
[2026/4/14 下午5:45:03] 🔍 GiveMe API 監控開始
[2026/4/14 下午5:45:03] 🛡️ 防護機制狀態正常：腳本層 ✅ API層 ✅
[2026/4/14 下午5:45:03] ✅ 檢查完成：最近 20 筆發票記錄正常，無儲值金誤開發票
[2026/4/14 下午5:45:03] 🔍 GiveMe API 監控完成
[2026/4/14 下午6:15:14] 🔍 GiveMe API 監控開始
[2026/4/14 下午6:15:14] 🛡️ 防護機制狀態正常：腳本層 ✅ API層 ✅
[2026/4/14 下午6:15:14] ❌ 警告：發現 12 筆儲值金被誤開發票！
[2026/4/14 下午6:15:14]    - ID:3550 新莊中平店 $90397.00 → INV/2026/04/000064
[2026/4/14 下午6:15:14]    - ID:3549 三峽大同店 $108044.00 → INV/2026/04/000063
[2026/4/14 下午6:15:14]    - ID:3548 鶯歌鳳鳴店 $54518.00 → INV/2026/04/000062
[2026/4/14 下午6:15:14]    - ID:3547 桃園八德店 $25554.00 → INV/2026/04/000067
[2026/4/14 下午6:15:14]    - ID:3546 土城中央店 $74416.00 → INV/2026/04/000066
[2026/4/14 下午6:15:14]    - ID:3539 內湖東湖店 $50141.00 → INV/2026/04/000048
[2026/4/14 下午6:15:14]    - ID:3538 鳳山五甲店 $21893.00 → INV/2026/04/000049
[2026/4/14 下午6:15:14]    - ID:3537 高雄前鎮店 $31760.00 → INV/2026/04/000053
[2026/4/14 下午6:15:14]    - ID:3536 左營海軍店 $35346.00 → INV/2026/04/000052
[2026/4/14 下午6:15:14]    - ID:3535 桃園內壢店 $11310.00 → INV/2026/04/000068
[2026/4/14 下午6:15:14]    - ID:3534 花蓮中華店 $54724.00 → INV/2026/04/000055
[2026/4/14 下午6:15:14]    - ID:3533 台南善化店 $59068.00 → INV/2026/04/000051
[2026/4/14 下午6:15:14] 🔧 自動修正了 0 筆儲值金記錄
[2026/4/14 下午6:15:19] 📱 Telegram 警報發送失敗
[2026/4/14 下午6:15:19] 🔍 GiveMe API 監控完成
[2026/4/14 下午6:45:24] 🔍 GiveMe API 監控開始
[2026/4/14 下午6:45:24] 🛡️ 防護機制狀態正常：腳本層 ✅ API層 ✅
[2026/4/14 下午6:45:24] ❌ 警告：發現 12 筆儲值金被誤開發票！
[2026/4/14 下午6:45:24]    - ID:3550 新莊中平店 $90397.00 → INV/2026/04/000064
[2026/4/14 下午6:45:24]    - ID:3549 三峽大同店 $108044.00 → INV/2026/04/000063
[2026/4/14 下午6:45:24]    - ID:3548 鶯歌鳳鳴店 $54518.00 → INV/2026/04/000062
[2026/4/14 下午6:45:24]    - ID:3547 桃園八德店 $25554.00 → INV/2026/04/000067
[2026/4/14 下午6:45:24]    - ID:3546 土城中央店 $74416.00 → INV/2026/04/000066
[2026/4/14 下午6:45:24]    - ID:3539 內湖東湖店 $50141.00 → INV/2026/04/000048
[2026/4/14 下午6:45:24]    - ID:3538 鳳山五甲店 $21893.00 → INV/2026/04/000049
[2026/4/14 下午6:45:24]    - ID:3537 高雄前鎮店 $31760.00 → INV/2026/04/000053
[2026/4/14 下午6:45:24]    - ID:3536 左營海軍店 $35346.00 → INV/2026/04/000052
[2026/4/14 下午6:45:24]    - ID:3535 桃園內壢店 $11310.00 → INV/2026/04/000068
[2026/4/14 下午6:45:24]    - ID:3534 花蓮中華店 $54724.00 → INV/2026/04/000055
[2026/4/14 下午6:45:24]    - ID:3533 台南善化店 $59068.00 → INV/2026/04/000051
[2026/4/14 下午6:45:24] 🔧 自動修正了 0 筆儲值金記錄
[2026/4/14 下午6:45:37] 📱 Telegram 警報發送失敗
[2026/4/14 下午6:45:37] 🔍 GiveMe API 監控完成
[2026/4/14 下午7:15:37] 🔍 GiveMe API 監控開始
[2026/4/14 下午7:15:37] 🛡️ 防護機制狀態正常：腳本層 ✅ API層 ✅
[2026/4/14 下午7:15:37] ❌ 警告：發現 12 筆儲值金被誤開發票！
[2026/4/14 下午7:15:37]    - ID:3550 新莊中平店 $90397.00 → INV/2026/04/000064
[2026/4/14 下午7:15:37]    - ID:3549 三峽大同店 $108044.00 → INV/2026/04/000063
[2026/4/14 下午7:15:37]    - ID:3548 鶯歌鳳鳴店 $54518.00 → INV/2026/04/000062
[2026/4/14 下午7:15:37]    - ID:3547 桃園八德店 $25554.00 → INV/2026/04/000067
[2026/4/14 下午7:15:37]    - ID:3546 土城中央店 $74416.00 → INV/2026/04/000066
[2026/4/14 下午7:15:37]    - ID:3539 內湖東湖店 $50141.00 → INV/2026/04/000048
[2026/4/14 下午7:15:37]    - ID:3538 鳳山五甲店 $21893.00 → INV/2026/04/000049
[2026/4/14 下午7:15:37]    - ID:3537 高雄前鎮店 $31760.00 → INV/2026/04/000053
[2026/4/14 下午7:15:37]    - ID:3536 左營海軍店 $35346.00 → INV/2026/04/000052
[2026/4/14 下午7:15:37]    - ID:3535 桃園內壢店 $11310.00 → INV/2026/04/000068
[2026/4/14 下午7:15:37]    - ID:3534 花蓮中華店 $54724.00 → INV/2026/04/000055
[2026/4/14 下午7:15:37]    - ID:3533 台南善化店 $59068.00 → INV/2026/04/000051
[2026/4/14 下午7:15:37] 🔧 自動修正了 0 筆儲值金記錄
[2026/4/14 下午7:15:40] 📱 Telegram 警報發送失敗
[2026/4/14 下午7:15:40] 🔍 GiveMe API 監控完成
[2026/4/14 下午7:45:47] 🔍 GiveMe API 監控開始
[2026/4/14 下午7:45:47] 🛡️ 防護機制狀態正常：腳本層 ✅ API層 ✅
[2026/4/14 下午7:45:47] ❌ 警告：發現 19 筆儲值金被誤開發票！
[2026/4/14 下午7:45:47]    - ID:3550 新莊中平店 $90397.00 → INV/2026/04/000064
[2026/4/14 下午7:45:47]    - ID:3549 三峽大同店 $108044.00 → INV/2026/04/000063
[2026/4/14 下午7:45:47]    - ID:3548 鶯歌鳳鳴店 $54518.00 → INV/2026/04/000062
[2026/4/14 下午7:45:47]    - ID:3547 桃園八德店 $25554.00 → INV/2026/04/000067
[2026/4/14 下午7:45:47]    - ID:3546 土城中央店 $74416.00 → INV/2026/04/000066
[2026/4/14 下午7:45:47]    - ID:3545 楊梅金山店 $55264.00 → INV/2026/04/000058
[2026/4/14 下午7:45:47]    - ID:3544 台南安南店 $54992.00 → INV/2026/04/000050
[2026/4/14 下午7:45:47]    - ID:3543 桃園小檜溪店 $22331.00 → INV/2026/04/000061
[2026/4/14 下午7:45:47]    - ID:3542 桃園南崁店 $11915.00 → INV/2026/04/000060
[2026/4/14 下午7:45:47]    - ID:3541 蘆洲集賢店 $33274.00 → INV/2026/04/000057
[2026/4/14 下午7:45:47]    - ID:3540 桃園中路縣府店 $23981.00 → INV/2026/04/000059
[2026/4/14 下午7:45:47]    - ID:3539 內湖東湖店 $50141.00 → INV/2026/04/000048
[2026/4/14 下午7:45:47]    - ID:3538 鳳山五甲店 $21893.00 → INV/2026/04/000049
[2026/4/14 下午7:45:47]    - ID:3537 高雄前鎮店 $31760.00 → INV/2026/04/000053
[2026/4/14 下午7:45:47]    - ID:3536 左營海軍店 $35346.00 → INV/2026/04/000052
[2026/4/14 下午7:45:47]    - ID:3535 桃園內壢店 $11310.00 → INV/2026/04/000068
[2026/4/14 下午7:45:47]    - ID:3534 花蓮中華店 $54724.00 → INV/2026/04/000055
[2026/4/14 下午7:45:47]    - ID:3533 台南善化店 $59068.00 → INV/2026/04/000051
[2026/4/14 下午7:45:47]    - ID:3532 員林中山店 $54303.00 → INV/2026/04/000056
[2026/4/14 下午7:45:47] 🔧 自動修正了 0 筆儲值金記錄
[2026/4/14 下午7:45:50] 📱 Telegram 警報發送失敗
[2026/4/14 下午7:45:50] 🔍 GiveMe API 監控完成
[2026/4/14 下午8:15:57] 🔍 GiveMe API 監控開始
[2026/4/14 下午8:15:57] 🛡️ 防護機制狀態正常：腳本層 ✅ API層 ✅
[2026/4/14 下午8:15:57] ❌ 警告：發現 19 筆儲值金被誤開發票！
[2026/4/14 下午8:15:57]    - ID:3550 新莊中平店 $90397.00 → INV/2026/04/000064
[2026/4/14 下午8:15:57]    - ID:3549 三峽大同店 $108044.00 → INV/2026/04/000063
[2026/4/14 下午8:15:57]    - ID:3548 鶯歌鳳鳴店 $54518.00 → INV/2026/04/000062
[2026/4/14 下午8:15:57]    - ID:3547 桃園八德店 $25554.00 → INV/2026/04/000067
[2026/4/14 下午8:15:57]    - ID:3546 土城中央店 $74416.00 → INV/2026/04/000066
[2026/4/14 下午8:15:57]    - ID:3545 楊梅金山店 $55264.00 → INV/2026/04/000058
[2026/4/14 下午8:15:57]    - ID:3544 台南安南店 $54992.00 → INV/2026/04/000050
[2026/4/14 下午8:15:57]    - ID:3543 桃園小檜溪店 $22331.00 → INV/2026/04/000061
[2026/4/14 下午8:15:57]    - ID:3542 桃園南崁店 $11915.00 → INV/2026/04/000060
[2026/4/14 下午8:15:57]    - ID:3541 蘆洲集賢店 $33274.00 → INV/2026/04/000057
[2026/4/14 下午8:15:57]    - ID:3540 桃園中路縣府店 $23981.00 → INV/2026/04/000059
[2026/4/14 下午8:15:57]    - ID:3539 內湖東湖店 $50141.00 → INV/2026/04/000048
[2026/4/14 下午8:15:57]    - ID:3538 鳳山五甲店 $21893.00 → INV/2026/04/000049
[2026/4/14 下午8:15:57]    - ID:3537 高雄前鎮店 $31760.00 → INV/2026/04/000053
[2026/4/14 下午8:15:57]    - ID:3536 左營海軍店 $35346.00 → INV/2026/04/000052
[2026/4/14 下午8:15:57]    - ID:3535 桃園內壢店 $11310.00 → INV/2026/04/000068
[2026/4/14 下午8:15:57]    - ID:3534 花蓮中華店 $54724.00 → INV/2026/04/000055
[2026/4/14 下午8:15:58]    - ID:3533 台南善化店 $59068.00 → INV/2026/04/000051
[2026/4/14 下午8:15:58]    - ID:3532 員林中山店 $54303.00 → INV/2026/04/000056
[2026/4/14 下午8:15:58] 🔧 自動修正了 0 筆儲值金記錄
[2026/4/14 下午8:16:01] 📱 Telegram 警報發送失敗
[2026/4/14 下午8:16:01] 🔍 GiveMe API 監控完成
[2026/4/14 下午8:46:08] 🔍 GiveMe API 監控開始
[2026/4/14 下午8:46:08] 🛡️ 防護機制狀態正常：腳本層 ✅ API層 ✅
[2026/4/14 下午8:46:08] ❌ 警告：發現 19 筆儲值金被誤開發票！
[2026/4/14 下午8:46:08]    - ID:3550 新莊中平店 $90397.00 → INV/2026/04/000064
[2026/4/14 下午8:46:08]    - ID:3549 三峽大同店 $108044.00 → INV/2026/04/000063
[2026/4/14 下午8:46:08]    - ID:3548 鶯歌鳳鳴店 $54518.00 → INV/2026/04/000062
[2026/4/14 下午8:46:08]    - ID:3547 桃園八德店 $25554.00 → INV/2026/04/000067
[2026/4/14 下午8:46:08]    - ID:3546 土城中央店 $74416.00 → INV/2026/04/000066
[2026/4/14 下午8:46:08]    - ID:3545 楊梅金山店 $55264.00 → INV/2026/04/000058
[2026/4/14 下午8:46:08]    - ID:3544 台南安南店 $54992.00 → INV/2026/04/000050
[2026/4/14 下午8:46:08]    - ID:3543 桃園小檜溪店 $22331.00 → INV/2026/04/000061
[2026/4/14 下午8:46:08]    - ID:3542 桃園南崁店 $11915.00 → INV/2026/04/000060
[2026/4/14 下午8:46:08]    - ID:3541 蘆洲集賢店 $33274.00 → INV/2026/04/000057
[2026/4/14 下午8:46:08]    - ID:3540 桃園中路縣府店 $23981.00 → INV/2026/04/000059
[2026/4/14 下午8:46:08]    - ID:3539 內湖東湖店 $50141.00 → INV/2026/04/000048
[2026/4/14 下午8:46:08]    - ID:3538 鳳山五甲店 $21893.00 → INV/2026/04/000049
[2026/4/14 下午8:46:08]    - ID:3537 高雄前鎮店 $31760.00 → INV/2026/04/000053
[2026/4/14 下午8:46:08]    - ID:3536 左營海軍店 $35346.00 → INV/2026/04/000052
[2026/4/14 下午8:46:08]    - ID:3535 桃園內壢店 $11310.00 → INV/2026/04/000068
[2026/4/14 下午8:46:08]    - ID:3534 花蓮中華店 $54724.00 → INV/2026/04/000055
[2026/4/14 下午8:46:08]    - ID:3533 台南善化店 $59068.00 → INV/2026/04/000051
[2026/4/14 下午8:46:08]    - ID:3532 員林中山店 $54303.00 → INV/2026/04/000056
[2026/4/14 下午8:46:08] 🔧 自動修正了 0 筆儲值金記錄
[2026/4/14 下午8:46:11] 📱 Telegram 警報發送失敗
[2026/4/14 下午8:46:11] 🔍 GiveMe API 監控完成
[2026/4/14 下午9:16:18] 🔍 GiveMe API 監控開始
[2026/4/14 下午9:16:18] 🛡️ 防護機制狀態正常：腳本層 ✅ API層 ✅
[2026/4/14 下午9:16:18] ❌ 警告：發現 19 筆儲值金被誤開發票！
[2026/4/14 下午9:16:18]    - ID:3550 新莊中平店 $90397.00 → INV/2026/04/000064
[2026/4/14 下午9:16:18]    - ID:3549 三峽大同店 $108044.00 → INV/2026/04/000063
[2026/4/14 下午9:16:18]    - ID:3548 鶯歌鳳鳴店 $54518.00 → INV/2026/04/000062
[2026/4/14 下午9:16:18]    - ID:3547 桃園八德店 $25554.00 → INV/2026/04/000067
[2026/4/14 下午9:16:18]    - ID:3546 土城中央店 $74416.00 → INV/2026/04/000066
[2026/4/14 下午9:16:18]    - ID:3545 楊梅金山店 $55264.00 → INV/2026/04/000058
[2026/4/14 下午9:16:18]    - ID:3544 台南安南店 $54992.00 → INV/2026/04/000050
[2026/4/14 下午9:16:18]    - ID:3543 桃園小檜溪店 $22331.00 → INV/2026/04/000061
[2026/4/14 下午9:16:18]    - ID:3542 桃園南崁店 $11915.00 → INV/2026/04/000060
[2026/4/14 下午9:16:18]    - ID:3541 蘆洲集賢店 $33274.00 → INV/2026/04/000057
[2026/4/14 下午9:16:18]    - ID:3540 桃園中路縣府店 $23981.00 → INV/2026/04/000059
[2026/4/14 下午9:16:18]    - ID:3539 內湖東湖店 $50141.00 → INV/2026/04/000048
[2026/4/14 下午9:16:18]    - ID:3538 鳳山五甲店 $21893.00 → INV/2026/04/000049
[2026/4/14 下午9:16:18]    - ID:3537 高雄前鎮店 $31760.00 → INV/2026/04/000053
[2026/4/14 下午9:16:18]    - ID:3536 左營海軍店 $35346.00 → INV/2026/04/000052
[2026/4/14 下午9:16:18]    - ID:3535 桃園內壢店 $11310.00 → INV/2026/04/000068
[2026/4/14 下午9:16:18]    - ID:3534 花蓮中華店 $54724.00 → INV/2026/04/000055
[2026/4/14 下午9:16:18]    - ID:3533 台南善化店 $59068.00 → INV/2026/04/000051
[2026/4/14 下午9:16:18]    - ID:3532 員林中山店 $54303.00 → INV/2026/04/000056
[2026/4/14 下午9:16:18] 🔧 自動修正了 0 筆儲值金記錄
[2026/4/14 下午9:16:22] 📱 Telegram 警報發送失敗
[2026/4/14 下午9:16:22] 🔍 GiveMe API 監控完成
[2026/4/14 下午9:46:28] 🔍 GiveMe API 監控開始
[2026/4/14 下午9:46:28] 🛡️ 防護機制狀態正常：腳本層 ✅ API層 ✅
[2026/4/14 下午9:46:28] ❌ 警告：發現 19 筆儲值金被誤開發票！
[2026/4/14 下午9:46:28]    - ID:3550 新莊中平店 $90397.00 → INV/2026/04/000064
[2026/4/14 下午9:46:28]    - ID:3549 三峽大同店 $108044.00 → INV/2026/04/000063
[2026/4/14 下午9:46:28]    - ID:3548 鶯歌鳳鳴店 $54518.00 → INV/2026/04/000062
[2026/4/14 下午9:46:28]    - ID:3547 桃園八德店 $25554.00 → INV/2026/04/000067
[2026/4/14 下午9:46:28]    - ID:3546 土城中央店 $74416.00 → INV/2026/04/000066
[2026/4/14 下午9:46:28]    - ID:3545 楊梅金山店 $55264.00 → INV/2026/04/000058
[2026/4/14 下午9:46:28]    - ID:3544 台南安南店 $54992.00 → INV/2026/04/000050
[2026/4/14 下午9:46:28]    - ID:3543 桃園小檜溪店 $22331.00 → INV/2026/04/000061
[2026/4/14 下午9:46:28]    - ID:3542 桃園南崁店 $11915.00 → INV/2026/04/000060
[2026/4/14 下午9:46:28]    - ID:3541 蘆洲集賢店 $33274.00 → INV/2026/04/000057
[2026/4/14 下午9:46:28]    - ID:3540 桃園中路縣府店 $23981.00 → INV/2026/04/000059
[2026/4/14 下午9:46:28]    - ID:3539 內湖東湖店 $50141.00 → INV/2026/04/000048
[2026/4/14 下午9:46:28]    - ID:3538 鳳山五甲店 $21893.00 → INV/2026/04/000049
[2026/4/14 下午9:46:28]    - ID:3537 高雄前鎮店 $31760.00 → INV/2026/04/000053
[2026/4/14 下午9:46:28]    - ID:3536 左營海軍店 $35346.00 → INV/2026/04/000052
[2026/4/14 下午9:46:28]    - ID:3535 桃園內壢店 $11310.00 → INV/2026/04/000068
[2026/4/14 下午9:46:28]    - ID:3534 花蓮中華店 $54724.00 → INV/2026/04/000055
[2026/4/14 下午9:46:28]    - ID:3533 台南善化店 $59068.00 → INV/2026/04/000051
[2026/4/14 下午9:46:28]    - ID:3532 員林中山店 $54303.00 → INV/2026/04/000056
[2026/4/14 下午9:46:28] 🔧 自動修正了 0 筆儲值金記錄
[2026/4/14 下午9:46:31] 📱 Telegram 警報發送失敗
[2026/4/14 下午9:46:31] 🔍 GiveMe API 監控完成
[2026/4/14 下午10:16:38] 🔍 GiveMe API 監控開始
[2026/4/14 下午10:16:38] 🛡️ 防護機制狀態正常：腳本層 ✅ API層 ✅
[2026/4/14 下午10:16:38] ❌ 警告：發現 19 筆儲值金被誤開發票！
[2026/4/14 下午10:16:38]    - ID:3550 新莊中平店 $90397.00 → INV/2026/04/000064
[2026/4/14 下午10:16:38]    - ID:3549 三峽大同店 $108044.00 → INV/2026/04/000063
[2026/4/14 下午10:16:38]    - ID:3548 鶯歌鳳鳴店 $54518.00 → INV/2026/04/000062
[2026/4/14 下午10:16:38]    - ID:3547 桃園八德店 $25554.00 → INV/2026/04/000067
[2026/4/14 下午10:16:38]    - ID:3546 土城中央店 $74416.00 → INV/2026/04/000066
[2026/4/14 下午10:16:38]    - ID:3545 楊梅金山店 $55264.00 → INV/2026/04/000058
[2026/4/14 下午10:16:38]    - ID:3544 台南安南店 $54992.00 → INV/2026/04/000050
[2026/4/14 下午10:16:38]    - ID:3543 桃園小檜溪店 $22331.00 → INV/2026/04/000061
[2026/4/14 下午10:16:38]    - ID:3542 桃園南崁店 $11915.00 → INV/2026/04/000060
[2026/4/14 下午10:16:38]    - ID:3541 蘆洲集賢店 $33274.00 → INV/2026/04/000057
[2026/4/14 下午10:16:38]    - ID:3540 桃園中路縣府店 $23981.00 → INV/2026/04/000059
[2026/4/14 下午10:16:38]    - ID:3539 內湖東湖店 $50141.00 → INV/2026/04/000048
[2026/4/14 下午10:16:38]    - ID:3538 鳳山五甲店 $21893.00 → INV/2026/04/000049
[2026/4/14 下午10:16:38]    - ID:3537 高雄前鎮店 $31760.00 → INV/2026/04/000053
[2026/4/14 下午10:16:38]    - ID:3536 左營海軍店 $35346.00 → INV/2026/04/000052
[2026/4/14 下午10:16:38]    - ID:3535 桃園內壢店 $11310.00 → INV/2026/04/000068
[2026/4/14 下午10:16:38]    - ID:3534 花蓮中華店 $54724.00 → INV/2026/04/000055
[2026/4/14 下午10:16:38]    - ID:3533 台南善化店 $59068.00 → INV/2026/04/000051
[2026/4/14 下午10:16:38]    - ID:3532 員林中山店 $54303.00 → INV/2026/04/000056
[2026/4/14 下午10:16:38] 🔧 自動修正了 0 筆儲值金記錄
[2026/4/14 下午10:16:42] 📱 Telegram 警報發送失敗
[2026/4/14 下午10:16:42] 🔍 GiveMe API 監控完成
[2026/4/14 下午10:46:48] 🔍 GiveMe API 監控開始
[2026/4/14 下午10:46:48] 🛡️ 防護機制狀態正常：腳本層 ✅ API層 ✅
[2026/4/14 下午10:46:48] ❌ 警告：發現 19 筆儲值金被誤開發票！
[2026/4/14 下午10:46:48]    - ID:3550 新莊中平店 $90397.00 → INV/2026/04/000064
[2026/4/14 下午10:46:48]    - ID:3549 三峽大同店 $108044.00 → INV/2026/04/000063
[2026/4/14 下午10:46:48]    - ID:3548 鶯歌鳳鳴店 $54518.00 → INV/2026/04/000062
[2026/4/14 下午10:46:48]    - ID:3547 桃園八德店 $25554.00 → INV/2026/04/000067
[2026/4/14 下午10:46:48]    - ID:3546 土城中央店 $74416.00 → INV/2026/04/000066
[2026/4/14 下午10:46:48]    - ID:3545 楊梅金山店 $55264.00 → INV/2026/04/000058
[2026/4/14 下午10:46:48]    - ID:3544 台南安南店 $54992.00 → INV/2026/04/000050
[2026/4/14 下午10:46:48]    - ID:3543 桃園小檜溪店 $22331.00 → INV/2026/04/000061
[2026/4/14 下午10:46:48]    - ID:3542 桃園南崁店 $11915.00 → INV/2026/04/000060
[2026/4/14 下午10:46:48]    - ID:3541 蘆洲集賢店 $33274.00 → INV/2026/04/000057
[2026/4/14 下午10:46:48]    - ID:3540 桃園中路縣府店 $23981.00 → INV/2026/04/000059
[2026/4/14 下午10:46:48]    - ID:3539 內湖東湖店 $50141.00 → INV/2026/04/000048
[2026/4/14 下午10:46:48]    - ID:3538 鳳山五甲店 $21893.00 → INV/2026/04/000049
[2026/4/14 下午10:46:48]    - ID:3537 高雄前鎮店 $31760.00 → INV/2026/04/000053
[2026/4/14 下午10:46:48]    - ID:3536 左營海軍店 $35346.00 → INV/2026/04/000052
[2026/4/14 下午10:46:48]    - ID:3535 桃園內壢店 $11310.00 → INV/2026/04/000068
[2026/4/14 下午10:46:48]    - ID:3534 花蓮中華店 $54724.00 → INV/2026/04/000055
[2026/4/14 下午10:46:48]    - ID:3533 台南善化店 $59068.00 → INV/2026/04/000051
[2026/4/14 下午10:46:48]    - ID:3532 員林中山店 $54303.00 → INV/2026/04/000056
[2026/4/14 下午10:46:48] 🔧 自動修正了 0 筆儲值金記錄
[2026/4/14 下午10:46:51] 📱 Telegram 警報發送失敗
[2026/4/14 下午10:46:51] 🔍 GiveMe API 監控完成
[2026/4/14 下午11:16:59] 🔍 GiveMe API 監控開始
[2026/4/14 下午11:16:59] 🛡️ 防護機制狀態正常：腳本層 ✅ API層 ✅
[2026/4/14 下午11:16:59] ❌ 警告：發現 19 筆儲值金被誤開發票！
[2026/4/14 下午11:16:59]    - ID:3550 新莊中平店 $90397.00 → INV/2026/04/000064
[2026/4/14 下午11:16:59]    - ID:3549 三峽大同店 $108044.00 → INV/2026/04/000063
[2026/4/14 下午11:16:59]    - ID:3548 鶯歌鳳鳴店 $54518.00 → INV/2026/04/000062
[2026/4/14 下午11:16:59]    - ID:3547 桃園八德店 $25554.00 → INV/2026/04/000067
[2026/4/14 下午11:16:59]    - ID:3546 土城中央店 $74416.00 → INV/2026/04/000066
[2026/4/14 下午11:16:59]    - ID:3545 楊梅金山店 $55264.00 → INV/2026/04/000058
[2026/4/14 下午11:16:59]    - ID:3544 台南安南店 $54992.00 → INV/2026/04/000050
[2026/4/14 下午11:16:59]    - ID:3543 桃園小檜溪店 $22331.00 → INV/2026/04/000061
[2026/4/14 下午11:16:59]    - ID:3542 桃園南崁店 $11915.00 → INV/2026/04/000060
[2026/4/14 下午11:16:59]    - ID:3541 蘆洲集賢店 $33274.00 → INV/2026/04/000057
[2026/4/14 下午11:16:59]    - ID:3540 桃園中路縣府店 $23981.00 → INV/2026/04/000059
[2026/4/14 下午11:16:59]    - ID:3539 內湖東湖店 $50141.00 → INV/2026/04/000048
[2026/4/14 下午11:16:59]    - ID:3538 鳳山五甲店 $21893.00 → INV/2026/04/000049
[2026/4/14 下午11:16:59]    - ID:3537 高雄前鎮店 $31760.00 → INV/2026/04/000053
[2026/4/14 下午11:16:59]    - ID:3536 左營海軍店 $35346.00 → INV/2026/04/000052
[2026/4/14 下午11:16:59]    - ID:3535 桃園內壢店 $11310.00 → INV/2026/04/000068
[2026/4/14 下午11:16:59]    - ID:3534 花蓮中華店 $54724.00 → INV/2026/04/000055
[2026/4/14 下午11:16:59]    - ID:3533 台南善化店 $59068.00 → INV/2026/04/000051
[2026/4/14 下午11:16:59]    - ID:3532 員林中山店 $54303.00 → INV/2026/04/000056
[2026/4/14 下午11:16:59] 🔧 自動修正了 0 筆儲值金記錄
[2026/4/14 下午11:17:01] 📱 Telegram 警報發送失敗
[2026/4/14 下午11:17:01] 🔍 GiveMe API 監控完成
[2026/4/14 下午11:47:09] 🔍 GiveMe API 監控開始
[2026/4/14 下午11:47:09] 🛡️ 防護機制狀態正常：腳本層 ✅ API層 ✅
[2026/4/14 下午11:47:09] ❌ 警告：發現 19 筆儲值金被誤開發票！
[2026/4/14 下午11:47:09]    - ID:3550 新莊中平店 $90397.00 → INV/2026/04/000064
[2026/4/14 下午11:47:09]    - ID:3549 三峽大同店 $108044.00 → INV/2026/04/000063
[2026/4/14 下午11:47:09]    - ID:3548 鶯歌鳳鳴店 $54518.00 → INV/2026/04/000062
[2026/4/14 下午11:47:09]    - ID:3547 桃園八德店 $25554.00 → INV/2026/04/000067
[2026/4/14 下午11:47:09]    - ID:3546 土城中央店 $74416.00 → INV/2026/04/000066
[2026/4/14 下午11:47:09]    - ID:3545 楊梅金山店 $55264.00 → INV/2026/04/000058
[2026/4/14 下午11:47:09]    - ID:3544 台南安南店 $54992.00 → INV/2026/04/000050
[2026/4/14 下午11:47:09]    - ID:3543 桃園小檜溪店 $22331.00 → INV/2026/04/000061
[2026/4/14 下午11:47:09]    - ID:3542 桃園南崁店 $11915.00 → INV/2026/04/000060
[2026/4/14 下午11:47:09]    - ID:3541 蘆洲集賢店 $33274.00 → INV/2026/04/000057
[2026/4/14 下午11:47:09]    - ID:3540 桃園中路縣府店 $23981.00 → INV/2026/04/000059
[2026/4/14 下午11:47:09]    - ID:3539 內湖東湖店 $50141.00 → INV/2026/04/000048
[2026/4/14 下午11:47:09]    - ID:3538 鳳山五甲店 $21893.00 → INV/2026/04/000049
[2026/4/14 下午11:47:09]    - ID:3537 高雄前鎮店 $31760.00 → INV/2026/04/000053
[2026/4/14 下午11:47:09]    - ID:3536 左營海軍店 $35346.00 → INV/2026/04/000052
[2026/4/14 下午11:47:09]    - ID:3535 桃園內壢店 $11310.00 → INV/2026/04/000068
[2026/4/14 下午11:47:09]    - ID:3534 花蓮中華店 $54724.00 → INV/2026/04/000055
[2026/4/14 下午11:47:09]    - ID:3533 台南善化店 $59068.00 → INV/2026/04/000051
[2026/4/14 下午11:47:09]    - ID:3532 員林中山店 $54303.00 → INV/2026/04/000056
[2026/4/14 下午11:47:09] 🔧 自動修正了 0 筆儲值金記錄
[2026/4/14 下午11:47:14] 📱 Telegram 警報發送失敗
[2026/4/14 下午11:47:14] 🔍 GiveMe API 監控完成
[2026/4/15 上午12:17:19] 🔍 GiveMe API 監控開始
[2026/4/15 上午12:17:19] 🛡️ 防護機制狀態正常：腳本層 ✅ API層 ✅
[2026/4/15 上午12:17:19] ❌ 警告：發現 19 筆儲值金被誤開發票！
[2026/4/15 上午12:17:19]    - ID:3550 新莊中平店 $90397.00 → INV/2026/04/000064
[2026/4/15 上午12:17:19]    - ID:3549 三峽大同店 $108044.00 → INV/2026/04/000063
[2026/4/15 上午12:17:19]    - ID:3548 鶯歌鳳鳴店 $54518.00 → INV/2026/04/000062
[2026/4/15 上午12:17:19]    - ID:3547 桃園八德店 $25554.00 → INV/2026/04/000067
[2026/4/15 上午12:17:19]    - ID:3546 土城中央店 $74416.00 → INV/2026/04/000066
[2026/4/15 上午12:17:19]    - ID:3545 楊梅金山店 $55264.00 → INV/2026/04/000058
[2026/4/15 上午12:17:19]    - ID:3544 台南安南店 $54992.00 → INV/2026/04/000050
[2026/4/15 上午12:17:19]    - ID:3543 桃園小檜溪店 $22331.00 → INV/2026/04/000061
[2026/4/15 上午12:17:19]    - ID:3542 桃園南崁店 $11915.00 → INV/2026/04/000060
[2026/4/15 上午12:17:19]    - ID:3541 蘆洲集賢店 $33274.00 → INV/2026/04/000057
[2026/4/15 上午12:17:19]    - ID:3540 桃園中路縣府店 $23981.00 → INV/2026/04/000059
[2026/4/15 上午12:17:19]    - ID:3539 內湖東湖店 $50141.00 → INV/2026/04/000048
[2026/4/15 上午12:17:19]    - ID:3538 鳳山五甲店 $21893.00 → INV/2026/04/000049
[2026/4/15 上午12:17:19]    - ID:3537 高雄前鎮店 $31760.00 → INV/2026/04/000053
[2026/4/15 上午12:17:19]    - ID:3536 左營海軍店 $35346.00 → INV/2026/04/000052
[2026/4/15 上午12:17:19]    - ID:3535 桃園內壢店 $11310.00 → INV/2026/04/000068
[2026/4/15 上午12:17:19]    - ID:3534 花蓮中華店 $54724.00 → INV/2026/04/000055
[2026/4/15 上午12:17:19]    - ID:3533 台南善化店 $59068.00 → INV/2026/04/000051
[2026/4/15 上午12:17:19]    - ID:3532 員林中山店 $54303.00 → INV/2026/04/000056
[2026/4/15 上午12:17:19] 🔧 自動修正了 0 筆儲值金記錄
[2026/4/15 上午12:17:21] 📱 Telegram 警報發送失敗
[2026/4/15 上午12:17:21] 🔍 GiveMe API 監控完成
[2026/4/15 上午12:47:29] 🔍 GiveMe API 監控開始
[2026/4/15 上午12:47:29] 🛡️ 防護機制狀態正常：腳本層 ✅ API層 ✅
[2026/4/15 上午12:47:29] ❌ 警告：發現 19 筆儲值金被誤開發票！
[2026/4/15 上午12:47:29]    - ID:3550 新莊中平店 $90397.00 → INV/2026/04/000064
[2026/4/15 上午12:47:29]    - ID:3549 三峽大同店 $108044.00 → INV/2026/04/000063
[2026/4/15 上午12:47:29]    - ID:3548 鶯歌鳳鳴店 $54518.00 → INV/2026/04/000062
[2026/4/15 上午12:47:29]    - ID:3547 桃園八德店 $25554.00 → INV/2026/04/000067
[2026/4/15 上午12:47:29]    - ID:3546 土城中央店 $74416.00 → INV/2026/04/000066
[2026/4/15 上午12:47:29]    - ID:3545 楊梅金山店 $55264.00 → INV/2026/04/000058
[2026/4/15 上午12:47:29]    - ID:3544 台南安南店 $54992.00 → INV/2026/04/000050
[2026/4/15 上午12:47:29]    - ID:3543 桃園小檜溪店 $22331.00 → INV/2026/04/000061
[2026/4/15 上午12:47:29]    - ID:3542 桃園南崁店 $11915.00 → INV/2026/04/000060
[2026/4/15 上午12:47:29]    - ID:3541 蘆洲集賢店 $33274.00 → INV/2026/04/000057
[2026/4/15 上午12:47:29]    - ID:3540 桃園中路縣府店 $23981.00 → INV/2026/04/000059
[2026/4/15 上午12:47:29]    - ID:3539 內湖東湖店 $50141.00 → INV/2026/04/000048
[2026/4/15 上午12:47:29]    - ID:3538 鳳山五甲店 $21893.00 → INV/2026/04/000049
[2026/4/15 上午12:47:29]    - ID:3537 高雄前鎮店 $31760.00 → INV/2026/04/000053
[2026/4/15 上午12:47:29]    - ID:3536 左營海軍店 $35346.00 → INV/2026/04/000052
[2026/4/15 上午12:47:29]    - ID:3535 桃園內壢店 $11310.00 → INV/2026/04/000068
[2026/4/15 上午12:47:29]    - ID:3534 花蓮中華店 $54724.00 → INV/2026/04/000055
[2026/4/15 上午12:47:29]    - ID:3533 台南善化店 $59068.00 → INV/2026/04/000051
[2026/4/15 上午12:47:29]    - ID:3532 員林中山店 $54303.00 → INV/2026/04/000056
[2026/4/15 上午12:47:29] 🔧 自動修正了 0 筆儲值金記錄
[2026/4/15 上午12:47:32] 📱 Telegram 警報發送失敗
[2026/4/15 上午12:47:32] 🔍 GiveMe API 監控完成
[2026/4/15 上午1:17:39] 🔍 GiveMe API 監控開始
[2026/4/15 上午1:17:39] 🛡️ 防護機制狀態正常：腳本層 ✅ API層 ✅
[2026/4/15 上午1:17:39] ❌ 警告：發現 19 筆儲值金被誤開發票！
[2026/4/15 上午1:17:39]    - ID:3550 新莊中平店 $90397.00 → INV/2026/04/000064
[2026/4/15 上午1:17:39]    - ID:3549 三峽大同店 $108044.00 → INV/2026/04/000063
[2026/4/15 上午1:17:39]    - ID:3548 鶯歌鳳鳴店 $54518.00 → INV/2026/04/000062
[2026/4/15 上午1:17:39]    - ID:3547 桃園八德店 $25554.00 → INV/2026/04/000067
[2026/4/15 上午1:17:39]    - ID:3546 土城中央店 $74416.00 → INV/2026/04/000066
[2026/4/15 上午1:17:39]    - ID:3545 楊梅金山店 $55264.00 → INV/2026/04/000058
[2026/4/15 上午1:17:39]    - ID:3544 台南安南店 $54992.00 → INV/2026/04/000050
[2026/4/15 上午1:17:39]    - ID:3543 桃園小檜溪店 $22331.00 → INV/2026/04/000061
[2026/4/15 上午1:17:39]    - ID:3542 桃園南崁店 $11915.00 → INV/2026/04/000060
[2026/4/15 上午1:17:39]    - ID:3541 蘆洲集賢店 $33274.00 → INV/2026/04/000057
[2026/4/15 上午1:17:39]    - ID:3540 桃園中路縣府店 $23981.00 → INV/2026/04/000059
[2026/4/15 上午1:17:39]    - ID:3539 內湖東湖店 $50141.00 → INV/2026/04/000048
[2026/4/15 上午1:17:39]    - ID:3538 鳳山五甲店 $21893.00 → INV/2026/04/000049
[2026/4/15 上午1:17:39]    - ID:3537 高雄前鎮店 $31760.00 → INV/2026/04/000053
[2026/4/15 上午1:17:39]    - ID:3536 左營海軍店 $35346.00 → INV/2026/04/000052
[2026/4/15 上午1:17:39]    - ID:3535 桃園內壢店 $11310.00 → INV/2026/04/000068
[2026/4/15 上午1:17:39]    - ID:3534 花蓮中華店 $54724.00 → INV/2026/04/000055
[2026/4/15 上午1:17:39]    - ID:3533 台南善化店 $59068.00 → INV/2026/04/000051
[2026/4/15 上午1:17:39]    - ID:3532 員林中山店 $54303.00 → INV/2026/04/000056
[2026/4/15 上午1:17:39] 🔧 自動修正了 0 筆儲值金記錄
[2026/4/15 上午1:17:41] 📱 Telegram 警報發送失敗
[2026/4/15 上午1:17:41] 🔍 GiveMe API 監控完成
[2026/4/15 上午1:47:49] 🔍 GiveMe API 監控開始
[2026/4/15 上午1:47:49] 🛡️ 防護機制狀態正常：腳本層 ✅ API層 ✅
[2026/4/15 上午1:47:49] ❌ 警告：發現 19 筆儲值金被誤開發票！
[2026/4/15 上午1:47:49]    - ID:3550 新莊中平店 $90397.00 → INV/2026/04/000064
[2026/4/15 上午1:47:49]    - ID:3549 三峽大同店 $108044.00 → INV/2026/04/000063
[2026/4/15 上午1:47:49]    - ID:3548 鶯歌鳳鳴店 $54518.00 → INV/2026/04/000062
[2026/4/15 上午1:47:49]    - ID:3547 桃園八德店 $25554.00 → INV/2026/04/000067
[2026/4/15 上午1:47:49]    - ID:3546 土城中央店 $74416.00 → INV/2026/04/000066
[2026/4/15 上午1:47:49]    - ID:3545 楊梅金山店 $55264.00 → INV/2026/04/000058
[2026/4/15 上午1:47:49]    - ID:3544 台南安南店 $54992.00 → INV/2026/04/000050
[2026/4/15 上午1:47:49]    - ID:3543 桃園小檜溪店 $22331.00 → INV/2026/04/000061
[2026/4/15 上午1:47:49]    - ID:3542 桃園南崁店 $11915.00 → INV/2026/04/000060
[2026/4/15 上午1:47:49]    - ID:3541 蘆洲集賢店 $33274.00 → INV/2026/04/000057
[2026/4/15 上午1:47:49]    - ID:3540 桃園中路縣府店 $23981.00 → INV/2026/04/000059
[2026/4/15 上午1:47:49]    - ID:3539 內湖東湖店 $50141.00 → INV/2026/04/000048
[2026/4/15 上午1:47:49]    - ID:3538 鳳山五甲店 $21893.00 → INV/2026/04/000049
[2026/4/15 上午1:47:49]    - ID:3537 高雄前鎮店 $31760.00 → INV/2026/04/000053
[2026/4/15 上午1:47:49]    - ID:3536 左營海軍店 $35346.00 → INV/2026/04/000052
[2026/4/15 上午1:47:49]    - ID:3535 桃園內壢店 $11310.00 → INV/2026/04/000068
[2026/4/15 上午1:47:49]    - ID:3534 花蓮中華店 $54724.00 → INV/2026/04/000055
[2026/4/15 上午1:47:49]    - ID:3533 台南善化店 $59068.00 → INV/2026/04/000051
[2026/4/15 上午1:47:49]    - ID:3532 員林中山店 $54303.00 → INV/2026/04/000056
[2026/4/15 上午1:47:49] 🔧 自動修正了 0 筆儲值金記錄
[2026/4/15 上午1:47:52] 📱 Telegram 警報發送失敗
[2026/4/15 上午1:47:52] 🔍 GiveMe API 監控完成
[2026/4/15 上午2:18:00] 🔍 GiveMe API 監控開始
[2026/4/15 上午2:18:00] 🛡️ 防護機制狀態正常：腳本層 ✅ API層 ✅
[2026/4/15 上午2:18:00] ❌ 警告：發現 19 筆儲值金被誤開發票！
[2026/4/15 上午2:18:00]    - ID:3550 新莊中平店 $90397.00 → INV/2026/04/000064
[2026/4/15 上午2:18:00]    - ID:3549 三峽大同店 $108044.00 → INV/2026/04/000063
[2026/4/15 上午2:18:00]    - ID:3548 鶯歌鳳鳴店 $54518.00 → INV/2026/04/000062
[2026/4/15 上午2:18:00]    - ID:3547 桃園八德店 $25554.00 → INV/2026/04/000067
[2026/4/15 上午2:18:00]    - ID:3546 土城中央店 $74416.00 → INV/2026/04/000066
[2026/4/15 上午2:18:00]    - ID:3545 楊梅金山店 $55264.00 → INV/2026/04/000058
[2026/4/15 上午2:18:00]    - ID:3544 台南安南店 $54992.00 → INV/2026/04/000050
[2026/4/15 上午2:18:00]    - ID:3543 桃園小檜溪店 $22331.00 → INV/2026/04/000061
[2026/4/15 上午2:18:00]    - ID:3542 桃園南崁店 $11915.00 → INV/2026/04/000060
[2026/4/15 上午2:18:00]    - ID:3541 蘆洲集賢店 $33274.00 → INV/2026/04/000057
[2026/4/15 上午2:18:00]    - ID:3540 桃園中路縣府店 $23981.00 → INV/2026/04/000059
[2026/4/15 上午2:18:00]    - ID:3539 內湖東湖店 $50141.00 → INV/2026/04/000048
[2026/4/15 上午2:18:00]    - ID:3538 鳳山五甲店 $21893.00 → INV/2026/04/000049
[2026/4/15 上午2:18:00]    - ID:3537 高雄前鎮店 $31760.00 → INV/2026/04/000053
[2026/4/15 上午2:18:00]    - ID:3536 左營海軍店 $35346.00 → INV/2026/04/000052
[2026/4/15 上午2:18:00]    - ID:3535 桃園內壢店 $11310.00 → INV/2026/04/000068
[2026/4/15 上午2:18:00]    - ID:3534 花蓮中華店 $54724.00 → INV/2026/04/000055
[2026/4/15 上午2:18:00]    - ID:3533 台南善化店 $59068.00 → INV/2026/04/000051
[2026/4/15 上午2:18:00]    - ID:3532 員林中山店 $54303.00 → INV/2026/04/000056
[2026/4/15 上午2:18:00] 🔧 自動修正了 0 筆儲值金記錄
[2026/4/15 上午2:18:04] 📱 Telegram 警報發送失敗
[2026/4/15 上午2:18:04] 🔍 GiveMe API 監控完成
[2026/4/15 上午2:48:10] 🔍 GiveMe API 監控開始
[2026/4/15 上午2:48:10] 🛡️ 防護機制狀態正常：腳本層 ✅ API層 ✅
[2026/4/15 上午2:48:10] ❌ 警告：發現 19 筆儲值金被誤開發票！
[2026/4/15 上午2:48:10]    - ID:3550 新莊中平店 $90397.00 → INV/2026/04/000064
[2026/4/15 上午2:48:10]    - ID:3549 三峽大同店 $108044.00 → INV/2026/04/000063
[2026/4/15 上午2:48:10]    - ID:3548 鶯歌鳳鳴店 $54518.00 → INV/2026/04/000062
[2026/4/15 上午2:48:10]    - ID:3547 桃園八德店 $25554.00 → INV/2026/04/000067
[2026/4/15 上午2:48:10]    - ID:3546 土城中央店 $74416.00 → INV/2026/04/000066
[2026/4/15 上午2:48:10]    - ID:3545 楊梅金山店 $55264.00 → INV/2026/04/000058
[2026/4/15 上午2:48:10]    - ID:3544 台南安南店 $54992.00 → INV/2026/04/000050
[2026/4/15 上午2:48:10]    - ID:3543 桃園小檜溪店 $22331.00 → INV/2026/04/000061
[2026/4/15 上午2:48:10]    - ID:3542 桃園南崁店 $11915.00 → INV/2026/04/000060
[2026/4/15 上午2:48:10]    - ID:3541 蘆洲集賢店 $33274.00 → INV/2026/04/000057
[2026/4/15 上午2:48:10]    - ID:3540 桃園中路縣府店 $23981.00 → INV/2026/04/000059
[2026/4/15 上午2:48:10]    - ID:3539 內湖東湖店 $50141.00 → INV/2026/04/000048
[2026/4/15 上午2:48:10]    - ID:3538 鳳山五甲店 $21893.00 → INV/2026/04/000049
[2026/4/15 上午2:48:10]    - ID:3537 高雄前鎮店 $31760.00 → INV/2026/04/000053
[2026/4/15 上午2:48:10]    - ID:3536 左營海軍店 $35346.00 → INV/2026/04/000052
[2026/4/15 上午2:48:10]    - ID:3535 桃園內壢店 $11310.00 → INV/2026/04/000068
[2026/4/15 上午2:48:10]    - ID:3534 花蓮中華店 $54724.00 → INV/2026/04/000055
[2026/4/15 上午2:48:10]    - ID:3533 台南善化店 $59068.00 → INV/2026/04/000051
[2026/4/15 上午2:48:10]    - ID:3532 員林中山店 $54303.00 → INV/2026/04/000056
[2026/4/15 上午2:48:10] 🔧 自動修正了 0 筆儲值金記錄
[2026/4/15 上午2:48:12] 📱 Telegram 警報發送失敗
[2026/4/15 上午2:48:12] 🔍 GiveMe API 監控完成
[2026/4/15 上午3:18:20] 🔍 GiveMe API 監控開始
[2026/4/15 上午3:18:20] 🛡️ 防護機制狀態正常：腳本層 ✅ API層 ✅
[2026/4/15 上午3:18:20] ❌ 警告：發現 19 筆儲值金被誤開發票！
[2026/4/15 上午3:18:20]    - ID:3550 新莊中平店 $90397.00 → INV/2026/04/000064
[2026/4/15 上午3:18:20]    - ID:3549 三峽大同店 $108044.00 → INV/2026/04/000063
[2026/4/15 上午3:18:20]    - ID:3548 鶯歌鳳鳴店 $54518.00 → INV/2026/04/000062
[2026/4/15 上午3:18:20]    - ID:3547 桃園八德店 $25554.00 → INV/2026/04/000067
[2026/4/15 上午3:18:20]    - ID:3546 土城中央店 $74416.00 → INV/2026/04/000066
[2026/4/15 上午3:18:20]    - ID:3545 楊梅金山店 $55264.00 → INV/2026/04/000058
[2026/4/15 上午3:18:20]    - ID:3544 台南安南店 $54992.00 → INV/2026/04/000050
[2026/4/15 上午3:18:20]    - ID:3543 桃園小檜溪店 $22331.00 → INV/2026/04/000061
[2026/4/15 上午3:18:20]    - ID:3542 桃園南崁店 $11915.00 → INV/2026/04/000060
[2026/4/15 上午3:18:20]    - ID:3541 蘆洲集賢店 $33274.00 → INV/2026/04/000057
[2026/4/15 上午3:18:20]    - ID:3540 桃園中路縣府店 $23981.00 → INV/2026/04/000059
[2026/4/15 上午3:18:20]    - ID:3539 內湖東湖店 $50141.00 → INV/2026/04/000048
[2026/4/15 上午3:18:20]    - ID:3538 鳳山五甲店 $21893.00 → INV/2026/04/000049
[2026/4/15 上午3:18:20]    - ID:3537 高雄前鎮店 $31760.00 → INV/2026/04/000053
[2026/4/15 上午3:18:20]    - ID:3536 左營海軍店 $35346.00 → INV/2026/04/000052
[2026/4/15 上午3:18:20]    - ID:3535 桃園內壢店 $11310.00 → INV/2026/04/000068
[2026/4/15 上午3:18:20]    - ID:3534 花蓮中華店 $54724.00 → INV/2026/04/000055
[2026/4/15 上午3:18:20]    - ID:3533 台南善化店 $59068.00 → INV/2026/04/000051
[2026/4/15 上午3:18:20]    - ID:3532 員林中山店 $54303.00 → INV/2026/04/000056
[2026/4/15 上午3:18:20] 🔧 自動修正了 0 筆儲值金記錄
[2026/4/15 上午3:18:24] 📱 Telegram 警報發送失敗
[2026/4/15 上午3:18:24] 🔍 GiveMe API 監控完成
[2026/4/15 上午3:48:30] 🔍 GiveMe API 監控開始
[2026/4/15 上午3:48:30] 🛡️ 防護機制狀態正常：腳本層 ✅ API層 ✅
[2026/4/15 上午3:48:30] ❌ 警告：發現 19 筆儲值金被誤開發票！
[2026/4/15 上午3:48:30]    - ID:3550 新莊中平店 $90397.00 → INV/2026/04/000064
[2026/4/15 上午3:48:30]    - ID:3549 三峽大同店 $108044.00 → INV/2026/04/000063
[2026/4/15 上午3:48:30]    - ID:3548 鶯歌鳳鳴店 $54518.00 → INV/2026/04/000062
[2026/4/15 上午3:48:30]    - ID:3547 桃園八德店 $25554.00 → INV/2026/04/000067
[2026/4/15 上午3:48:30]    - ID:3546 土城中央店 $74416.00 → INV/2026/04/000066
[2026/4/15 上午3:48:30]    - ID:3545 楊梅金山店 $55264.00 → INV/2026/04/000058
[2026/4/15 上午3:48:30]    - ID:3544 台南安南店 $54992.00 → INV/2026/04/000050
[2026/4/15 上午3:48:30]    - ID:3543 桃園小檜溪店 $22331.00 → INV/2026/04/000061
[2026/4/15 上午3:48:30]    - ID:3542 桃園南崁店 $11915.00 → INV/2026/04/000060
[2026/4/15 上午3:48:30]    - ID:3541 蘆洲集賢店 $33274.00 → INV/2026/04/000057
[2026/4/15 上午3:48:30]    - ID:3540 桃園中路縣府店 $23981.00 → INV/2026/04/000059
[2026/4/15 上午3:48:30]    - ID:3539 內湖東湖店 $50141.00 → INV/2026/04/000048
[2026/4/15 上午3:48:30]    - ID:3538 鳳山五甲店 $21893.00 → INV/2026/04/000049
[2026/4/15 上午3:48:30]    - ID:3537 高雄前鎮店 $31760.00 → INV/2026/04/000053
[2026/4/15 上午3:48:30]    - ID:3536 左營海軍店 $35346.00 → INV/2026/04/000052
[2026/4/15 上午3:48:30]    - ID:3535 桃園內壢店 $11310.00 → INV/2026/04/000068
[2026/4/15 上午3:48:30]    - ID:3534 花蓮中華店 $54724.00 → INV/2026/04/000055
[2026/4/15 上午3:48:30]    - ID:3533 台南善化店 $59068.00 → INV/2026/04/000051
[2026/4/15 上午3:48:30]    - ID:3532 員林中山店 $54303.00 → INV/2026/04/000056
[2026/4/15 上午3:48:30] 🔧 自動修正了 0 筆儲值金記錄
[2026/4/15 上午3:48:34] 📱 Telegram 警報發送失敗
[2026/4/15 上午3:48:34] 🔍 GiveMe API 監控完成
[2026/4/15 上午4:18:40] 🔍 GiveMe API 監控開始
[2026/4/15 上午4:18:40] 🛡️ 防護機制狀態正常：腳本層 ✅ API層 ✅
[2026/4/15 上午4:18:40] ❌ 警告：發現 19 筆儲值金被誤開發票！
[2026/4/15 上午4:18:40]    - ID:3550 新莊中平店 $90397.00 → INV/2026/04/000064
[2026/4/15 上午4:18:40]    - ID:3549 三峽大同店 $108044.00 → INV/2026/04/000063
[2026/4/15 上午4:18:40]    - ID:3548 鶯歌鳳鳴店 $54518.00 → INV/2026/04/000062
[2026/4/15 上午4:18:40]    - ID:3547 桃園八德店 $25554.00 → INV/2026/04/000067
[2026/4/15 上午4:18:40]    - ID:3546 土城中央店 $74416.00 → INV/2026/04/000066
[2026/4/15 上午4:18:40]    - ID:3545 楊梅金山店 $55264.00 → INV/2026/04/000058
[2026/4/15 上午4:18:40]    - ID:3544 台南安南店 $54992.00 → INV/2026/04/000050
[2026/4/15 上午4:18:40]    - ID:3543 桃園小檜溪店 $22331.00 → INV/2026/04/000061
[2026/4/15 上午4:18:40]    - ID:3542 桃園南崁店 $11915.00 → INV/2026/04/000060
[2026/4/15 上午4:18:40]    - ID:3541 蘆洲集賢店 $33274.00 → INV/2026/04/000057
[2026/4/15 上午4:18:40]    - ID:3540 桃園中路縣府店 $23981.00 → INV/2026/04/000059
[2026/4/15 上午4:18:40]    - ID:3539 內湖東湖店 $50141.00 → INV/2026/04/000048
[2026/4/15 上午4:18:40]    - ID:3538 鳳山五甲店 $21893.00 → INV/2026/04/000049
[2026/4/15 上午4:18:40]    - ID:3537 高雄前鎮店 $31760.00 → INV/2026/04/000053
[2026/4/15 上午4:18:40]    - ID:3536 左營海軍店 $35346.00 → INV/2026/04/000052
[2026/4/15 上午4:18:40]    - ID:3535 桃園內壢店 $11310.00 → INV/2026/04/000068
[2026/4/15 上午4:18:40]    - ID:3534 花蓮中華店 $54724.00 → INV/2026/04/000055
[2026/4/15 上午4:18:40]    - ID:3533 台南善化店 $59068.00 → INV/2026/04/000051
[2026/4/15 上午4:18:40]    - ID:3532 員林中山店 $54303.00 → INV/2026/04/000056
[2026/4/15 上午4:18:40] 🔧 自動修正了 0 筆儲值金記錄
[2026/4/15 上午4:18:43] 📱 Telegram 警報發送失敗
[2026/4/15 上午4:18:43] 🔍 GiveMe API 監控完成
[2026/4/15 上午4:48:50] 🔍 GiveMe API 監控開始
[2026/4/15 上午4:48:50] 🛡️ 防護機制狀態正常：腳本層 ✅ API層 ✅
[2026/4/15 上午4:48:50] ❌ 警告：發現 19 筆儲值金被誤開發票！
[2026/4/15 上午4:48:50]    - ID:3550 新莊中平店 $90397.00 → INV/2026/04/000064
[2026/4/15 上午4:48:50]    - ID:3549 三峽大同店 $108044.00 → INV/2026/04/000063
[2026/4/15 上午4:48:50]    - ID:3548 鶯歌鳳鳴店 $54518.00 → INV/2026/04/000062
[2026/4/15 上午4:48:50]    - ID:3547 桃園八德店 $25554.00 → INV/2026/04/000067
[2026/4/15 上午4:48:50]    - ID:3546 土城中央店 $74416.00 → INV/2026/04/000066
[2026/4/15 上午4:48:50]    - ID:3545 楊梅金山店 $55264.00 → INV/2026/04/000058
[2026/4/15 上午4:48:50]    - ID:3544 台南安南店 $54992.00 → INV/2026/04/000050
[2026/4/15 上午4:48:50]    - ID:3543 桃園小檜溪店 $22331.00 → INV/2026/04/000061
[2026/4/15 上午4:48:50]    - ID:3542 桃園南崁店 $11915.00 → INV/2026/04/000060
[2026/4/15 上午4:48:50]    - ID:3541 蘆洲集賢店 $33274.00 → INV/2026/04/000057
[2026/4/15 上午4:48:50]    - ID:3540 桃園中路縣府店 $23981.00 → INV/2026/04/000059
[2026/4/15 上午4:48:50]    - ID:3539 內湖東湖店 $50141.00 → INV/2026/04/000048
[2026/4/15 上午4:48:50]    - ID:3538 鳳山五甲店 $21893.00 → INV/2026/04/000049
[2026/4/15 上午4:48:50]    - ID:3537 高雄前鎮店 $31760.00 → INV/2026/04/000053
[2026/4/15 上午4:48:50]    - ID:3536 左營海軍店 $35346.00 → INV/2026/04/000052
[2026/4/15 上午4:48:50]    - ID:3535 桃園內壢店 $11310.00 → INV/2026/04/000068
[2026/4/15 上午4:48:50]    - ID:3534 花蓮中華店 $54724.00 → INV/2026/04/000055
[2026/4/15 上午4:48:50]    - ID:3533 台南善化店 $59068.00 → INV/2026/04/000051
[2026/4/15 上午4:48:50]    - ID:3532 員林中山店 $54303.00 → INV/2026/04/000056
[2026/4/15 上午4:48:51] 🔧 自動修正了 0 筆儲值金記錄
[2026/4/15 上午4:48:53] 📱 Telegram 警報發送失敗
[2026/4/15 上午4:48:53] 🔍 GiveMe API 監控完成
[2026/4/15 上午5:19:01] 🔍 GiveMe API 監控開始
[2026/4/15 上午5:19:01] 🛡️ 防護機制狀態正常：腳本層 ✅ API層 ✅
[2026/4/15 上午5:19:01] ❌ 警告：發現 19 筆儲值金被誤開發票！
[2026/4/15 上午5:19:01]    - ID:3550 新莊中平店 $90397.00 → INV/2026/04/000064
[2026/4/15 上午5:19:01]    - ID:3549 三峽大同店 $108044.00 → INV/2026/04/000063
[2026/4/15 上午5:19:01]    - ID:3548 鶯歌鳳鳴店 $54518.00 → INV/2026/04/000062
[2026/4/15 上午5:19:01]    - ID:3547 桃園八德店 $25554.00 → INV/2026/04/000067
[2026/4/15 上午5:19:01]    - ID:3546 土城中央店 $74416.00 → INV/2026/04/000066
[2026/4/15 上午5:19:01]    - ID:3545 楊梅金山店 $55264.00 → INV/2026/04/000058
[2026/4/15 上午5:19:01]    - ID:3544 台南安南店 $54992.00 → INV/2026/04/000050
[2026/4/15 上午5:19:01]    - ID:3543 桃園小檜溪店 $22331.00 → INV/2026/04/000061
[2026/4/15 上午5:19:01]    - ID:3542 桃園南崁店 $11915.00 → INV/2026/04/000060
[2026/4/15 上午5:19:01]    - ID:3541 蘆洲集賢店 $33274.00 → INV/2026/04/000057
[2026/4/15 上午5:19:01]    - ID:3540 桃園中路縣府店 $23981.00 → INV/2026/04/000059
[2026/4/15 上午5:19:01]    - ID:3539 內湖東湖店 $50141.00 → INV/2026/04/000048
[2026/4/15 上午5:19:01]    - ID:3538 鳳山五甲店 $21893.00 → INV/2026/04/000049
[2026/4/15 上午5:19:01]    - ID:3537 高雄前鎮店 $31760.00 → INV/2026/04/000053
[2026/4/15 上午5:19:01]    - ID:3536 左營海軍店 $35346.00 → INV/2026/04/000052
[2026/4/15 上午5:19:01]    - ID:3535 桃園內壢店 $11310.00 → INV/2026/04/000068
[2026/4/15 上午5:19:01]    - ID:3534 花蓮中華店 $54724.00 → INV/2026/04/000055
[2026/4/15 上午5:19:01]    - ID:3533 台南善化店 $59068.00 → INV/2026/04/000051
[2026/4/15 上午5:19:01]    - ID:3532 員林中山店 $54303.00 → INV/2026/04/000056
[2026/4/15 上午5:19:01] 🔧 自動修正了 0 筆儲值金記錄
[2026/4/15 上午5:19:04] 📱 Telegram 警報發送失敗
[2026/4/15 上午5:19:04] 🔍 GiveMe API 監控完成
[2026/4/15 上午5:49:11] 🔍 GiveMe API 監控開始
[2026/4/15 上午5:49:11] 🛡️ 防護機制狀態正常：腳本層 ✅ API層 ✅
[2026/4/15 上午5:49:11] ❌ 警告：發現 19 筆儲值金被誤開發票！
[2026/4/15 上午5:49:11]    - ID:3550 新莊中平店 $90397.00 → INV/2026/04/000064
[2026/4/15 上午5:49:11]    - ID:3549 三峽大同店 $108044.00 → INV/2026/04/000063
[2026/4/15 上午5:49:11]    - ID:3548 鶯歌鳳鳴店 $54518.00 → INV/2026/04/000062
[2026/4/15 上午5:49:11]    - ID:3547 桃園八德店 $25554.00 → INV/2026/04/000067
[2026/4/15 上午5:49:11]    - ID:3546 土城中央店 $74416.00 → INV/2026/04/000066
[2026/4/15 上午5:49:11]    - ID:3545 楊梅金山店 $55264.00 → INV/2026/04/000058
[2026/4/15 上午5:49:11]    - ID:3544 台南安南店 $54992.00 → INV/2026/04/000050
[2026/4/15 上午5:49:11]    - ID:3543 桃園小檜溪店 $22331.00 → INV/2026/04/000061
[2026/4/15 上午5:49:11]    - ID:3542 桃園南崁店 $11915.00 → INV/2026/04/000060
[2026/4/15 上午5:49:11]    - ID:3541 蘆洲集賢店 $33274.00 → INV/2026/04/000057
[2026/4/15 上午5:49:11]    - ID:3540 桃園中路縣府店 $23981.00 → INV/2026/04/000059
[2026/4/15 上午5:49:11]    - ID:3539 內湖東湖店 $50141.00 → INV/2026/04/000048
[2026/4/15 上午5:49:11]    - ID:3538 鳳山五甲店 $21893.00 → INV/2026/04/000049
[2026/4/15 上午5:49:11]    - ID:3537 高雄前鎮店 $31760.00 → INV/2026/04/000053
[2026/4/15 上午5:49:11]    - ID:3536 左營海軍店 $35346.00 → INV/2026/04/000052
[2026/4/15 上午5:49:11]    - ID:3535 桃園內壢店 $11310.00 → INV/2026/04/000068
[2026/4/15 上午5:49:11]    - ID:3534 花蓮中華店 $54724.00 → INV/2026/04/000055
[2026/4/15 上午5:49:11]    - ID:3533 台南善化店 $59068.00 → INV/2026/04/000051
[2026/4/15 上午5:49:11]    - ID:3532 員林中山店 $54303.00 → INV/2026/04/000056
[2026/4/15 上午5:49:11] 🔧 自動修正了 0 筆儲值金記錄
[2026/4/15 上午5:49:14] 📱 Telegram 警報發送失敗
[2026/4/15 上午5:49:14] 🔍 GiveMe API 監控完成
[2026/4/15 上午6:19:21] 🔍 GiveMe API 監控開始
[2026/4/15 上午6:19:21] 🛡️ 防護機制狀態正常：腳本層 ✅ API層 ✅
[2026/4/15 上午6:19:21] ❌ 警告：發現 19 筆儲值金被誤開發票！
[2026/4/15 上午6:19:21]    - ID:3550 新莊中平店 $90397.00 → INV/2026/04/000064
[2026/4/15 上午6:19:21]    - ID:3549 三峽大同店 $108044.00 → INV/2026/04/000063
[2026/4/15 上午6:19:21]    - ID:3548 鶯歌鳳鳴店 $54518.00 → INV/2026/04/000062
[2026/4/15 上午6:19:21]    - ID:3547 桃園八德店 $25554.00 → INV/2026/04/000067
[2026/4/15 上午6:19:21]    - ID:3546 土城中央店 $74416.00 → INV/2026/04/000066
[2026/4/15 上午6:19:21]    - ID:3545 楊梅金山店 $55264.00 → INV/2026/04/000058
[2026/4/15 上午6:19:21]    - ID:3544 台南安南店 $54992.00 → INV/2026/04/000050
[2026/4/15 上午6:19:21]    - ID:3543 桃園小檜溪店 $22331.00 → INV/2026/04/000061
[2026/4/15 上午6:19:21]    - ID:3542 桃園南崁店 $11915.00 → INV/2026/04/000060
[2026/4/15 上午6:19:21]    - ID:3541 蘆洲集賢店 $33274.00 → INV/2026/04/000057
[2026/4/15 上午6:19:21]    - ID:3540 桃園中路縣府店 $23981.00 → INV/2026/04/000059
[2026/4/15 上午6:19:21]    - ID:3539 內湖東湖店 $50141.00 → INV/2026/04/000048
[2026/4/15 上午6:19:21]    - ID:3538 鳳山五甲店 $21893.00 → INV/2026/04/000049
[2026/4/15 上午6:19:21]    - ID:3537 高雄前鎮店 $31760.00 → INV/2026/04/000053
[2026/4/15 上午6:19:21]    - ID:3536 左營海軍店 $35346.00 → INV/2026/04/000052
[2026/4/15 上午6:19:21]    - ID:3535 桃園內壢店 $11310.00 → INV/2026/04/000068
[2026/4/15 上午6:19:21]    - ID:3534 花蓮中華店 $54724.00 → INV/2026/04/000055
[2026/4/15 上午6:19:21]    - ID:3533 台南善化店 $59068.00 → INV/2026/04/000051
[2026/4/15 上午6:19:21]    - ID:3532 員林中山店 $54303.00 → INV/2026/04/000056
[2026/4/15 上午6:19:21] 🔧 自動修正了 0 筆儲值金記錄
[2026/4/15 上午6:19:24] 📱 Telegram 警報發送失敗
[2026/4/15 上午6:19:24] 🔍 GiveMe API 監控完成
[2026/4/15 上午6:49:31] 🔍 GiveMe API 監控開始
[2026/4/15 上午6:49:31] 🛡️ 防護機制狀態正常：腳本層 ✅ API層 ✅
[2026/4/15 上午6:49:31] ❌ 警告：發現 19 筆儲值金被誤開發票！
[2026/4/15 上午6:49:31]    - ID:3550 新莊中平店 $90397.00 → INV/2026/04/000064
[2026/4/15 上午6:49:31]    - ID:3549 三峽大同店 $108044.00 → INV/2026/04/000063
[2026/4/15 上午6:49:31]    - ID:3548 鶯歌鳳鳴店 $54518.00 → INV/2026/04/000062
[2026/4/15 上午6:49:31]    - ID:3547 桃園八德店 $25554.00 → INV/2026/04/000067
[2026/4/15 上午6:49:31]    - ID:3546 土城中央店 $74416.00 → INV/2026/04/000066
[2026/4/15 上午6:49:31]    - ID:3545 楊梅金山店 $55264.00 → INV/2026/04/000058
[2026/4/15 上午6:49:31]    - ID:3544 台南安南店 $54992.00 → INV/2026/04/000050
[2026/4/15 上午6:49:31]    - ID:3543 桃園小檜溪店 $22331.00 → INV/2026/04/000061
[2026/4/15 上午6:49:31]    - ID:3542 桃園南崁店 $11915.00 → INV/2026/04/000060
[2026/4/15 上午6:49:31]    - ID:3541 蘆洲集賢店 $33274.00 → INV/2026/04/000057
[2026/4/15 上午6:49:31]    - ID:3540 桃園中路縣府店 $23981.00 → INV/2026/04/000059
[2026/4/15 上午6:49:31]    - ID:3539 內湖東湖店 $50141.00 → INV/2026/04/000048
[2026/4/15 上午6:49:31]    - ID:3538 鳳山五甲店 $21893.00 → INV/2026/04/000049
[2026/4/15 上午6:49:31]    - ID:3537 高雄前鎮店 $31760.00 → INV/2026/04/000053
[2026/4/15 上午6:49:31]    - ID:3536 左營海軍店 $35346.00 → INV/2026/04/000052
[2026/4/15 上午6:49:31]    - ID:3535 桃園內壢店 $11310.00 → INV/2026/04/000068
[2026/4/15 上午6:49:31]    - ID:3534 花蓮中華店 $54724.00 → INV/2026/04/000055
[2026/4/15 上午6:49:31]    - ID:3533 台南善化店 $59068.00 → INV/2026/04/000051
[2026/4/15 上午6:49:31]    - ID:3532 員林中山店 $54303.00 → INV/2026/04/000056
[2026/4/15 上午6:49:31] 🔧 自動修正了 0 筆儲值金記錄
[2026/4/15 上午6:49:33] 📱 Telegram 警報發送失敗
[2026/4/15 上午6:49:33] 🔍 GiveMe API 監控完成
[2026/4/15 上午7:19:41] 🔍 GiveMe API 監控開始
[2026/4/15 上午7:19:41] 🛡️ 防護機制狀態正常：腳本層 ✅ API層 ✅
[2026/4/15 上午7:19:41] ❌ 警告：發現 19 筆儲值金被誤開發票！
[2026/4/15 上午7:19:41]    - ID:3550 新莊中平店 $90397.00 → INV/2026/04/000064
[2026/4/15 上午7:19:41]    - ID:3549 三峽大同店 $108044.00 → INV/2026/04/000063
[2026/4/15 上午7:19:41]    - ID:3548 鶯歌鳳鳴店 $54518.00 → INV/2026/04/000062
[2026/4/15 上午7:19:41]    - ID:3547 桃園八德店 $25554.00 → INV/2026/04/000067
[2026/4/15 上午7:19:41]    - ID:3546 土城中央店 $74416.00 → INV/2026/04/000066
[2026/4/15 上午7:19:41]    - ID:3545 楊梅金山店 $55264.00 → INV/2026/04/000058
[2026/4/15 上午7:19:41]    - ID:3544 台南安南店 $54992.00 → INV/2026/04/000050
[2026/4/15 上午7:19:41]    - ID:3543 桃園小檜溪店 $22331.00 → INV/2026/04/000061
[2026/4/15 上午7:19:41]    - ID:3542 桃園南崁店 $11915.00 → INV/2026/04/000060
[2026/4/15 上午7:19:41]    - ID:3541 蘆洲集賢店 $33274.00 → INV/2026/04/000057
[2026/4/15 上午7:19:41]    - ID:3540 桃園中路縣府店 $23981.00 → INV/2026/04/000059
[2026/4/15 上午7:19:41]    - ID:3539 內湖東湖店 $50141.00 → INV/2026/04/000048
[2026/4/15 上午7:19:41]    - ID:3538 鳳山五甲店 $21893.00 → INV/2026/04/000049
[2026/4/15 上午7:19:41]    - ID:3537 高雄前鎮店 $31760.00 → INV/2026/04/000053
[2026/4/15 上午7:19:41]    - ID:3536 左營海軍店 $35346.00 → INV/2026/04/000052
[2026/4/15 上午7:19:41]    - ID:3535 桃園內壢店 $11310.00 → INV/2026/04/000068
[2026/4/15 上午7:19:41]    - ID:3534 花蓮中華店 $54724.00 → INV/2026/04/000055
[2026/4/15 上午7:19:41]    - ID:3533 台南善化店 $59068.00 → INV/2026/04/000051
[2026/4/15 上午7:19:41]    - ID:3532 員林中山店 $54303.00 → INV/2026/04/000056
[2026/4/15 上午7:19:41] 🔧 自動修正了 0 筆儲值金記錄
[2026/4/15 上午7:19:44] 📱 Telegram 警報發送失敗
[2026/4/15 上午7:19:44] 🔍 GiveMe API 監控完成
[2026/4/15 上午7:49:52] 🔍 GiveMe API 監控開始
[2026/4/15 上午7:49:52] 🛡️ 防護機制狀態正常：腳本層 ✅ API層 ✅
[2026/4/15 上午7:49:52] ❌ 警告：發現 19 筆儲值金被誤開發票！
[2026/4/15 上午7:49:52]    - ID:3550 新莊中平店 $90397.00 → INV/2026/04/000064
[2026/4/15 上午7:49:52]    - ID:3549 三峽大同店 $108044.00 → INV/2026/04/000063
[2026/4/15 上午7:49:52]    - ID:3548 鶯歌鳳鳴店 $54518.00 → INV/2026/04/000062
[2026/4/15 上午7:49:52]    - ID:3547 桃園八德店 $25554.00 → INV/2026/04/000067
[2026/4/15 上午7:49:52]    - ID:3546 土城中央店 $74416.00 → INV/2026/04/000066
[2026/4/15 上午7:49:52]    - ID:3545 楊梅金山店 $55264.00 → INV/2026/04/000058
[2026/4/15 上午7:49:52]    - ID:3544 台南安南店 $54992.00 → INV/2026/04/000050
[2026/4/15 上午7:49:52]    - ID:3543 桃園小檜溪店 $22331.00 → INV/2026/04/000061
[2026/4/15 上午7:49:52]    - ID:3542 桃園南崁店 $11915.00 → INV/2026/04/000060
[2026/4/15 上午7:49:52]    - ID:3541 蘆洲集賢店 $33274.00 → INV/2026/04/000057
[2026/4/15 上午7:49:52]    - ID:3540 桃園中路縣府店 $23981.00 → INV/2026/04/000059
[2026/4/15 上午7:49:52]    - ID:3539 內湖東湖店 $50141.00 → INV/2026/04/000048
[2026/4/15 上午7:49:52]    - ID:3538 鳳山五甲店 $21893.00 → INV/2026/04/000049
[2026/4/15 上午7:49:52]    - ID:3537 高雄前鎮店 $31760.00 → INV/2026/04/000053
[2026/4/15 上午7:49:52]    - ID:3536 左營海軍店 $35346.00 → INV/2026/04/000052
[2026/4/15 上午7:49:52]    - ID:3535 桃園內壢店 $11310.00 → INV/2026/04/000068
[2026/4/15 上午7:49:52]    - ID:3534 花蓮中華店 $54724.00 → INV/2026/04/000055
[2026/4/15 上午7:49:52]    - ID:3533 台南善化店 $59068.00 → INV/2026/04/000051
[2026/4/15 上午7:49:52]    - ID:3532 員林中山店 $54303.00 → INV/2026/04/000056
[2026/4/15 上午7:49:52] 🔧 自動修正了 0 筆儲值金記錄
[2026/4/15 上午7:49:55] 📱 Telegram 警報發送失敗
[2026/4/15 上午7:49:55] 🔍 GiveMe API 監控完成
[2026/4/15 上午8:20:02] 🔍 GiveMe API 監控開始
[2026/4/15 上午8:20:02] 🛡️ 防護機制狀態正常：腳本層 ✅ API層 ✅
[2026/4/15 上午8:20:02] ❌ 警告：發現 19 筆儲值金被誤開發票！
[2026/4/15 上午8:20:02]    - ID:3550 新莊中平店 $90397.00 → INV/2026/04/000064
[2026/4/15 上午8:20:02]    - ID:3549 三峽大同店 $108044.00 → INV/2026/04/000063
[2026/4/15 上午8:20:02]    - ID:3548 鶯歌鳳鳴店 $54518.00 → INV/2026/04/000062
[2026/4/15 上午8:20:02]    - ID:3547 桃園八德店 $25554.00 → INV/2026/04/000067
[2026/4/15 上午8:20:02]    - ID:3546 土城中央店 $74416.00 → INV/2026/04/000066
[2026/4/15 上午8:20:02]    - ID:3545 楊梅金山店 $55264.00 → INV/2026/04/000058
[2026/4/15 上午8:20:02]    - ID:3544 台南安南店 $54992.00 → INV/2026/04/000050
[2026/4/15 上午8:20:02]    - ID:3543 桃園小檜溪店 $22331.00 → INV/2026/04/000061
[2026/4/15 上午8:20:02]    - ID:3542 桃園南崁店 $11915.00 → INV/2026/04/000060
[2026/4/15 上午8:20:02]    - ID:3541 蘆洲集賢店 $33274.00 → INV/2026/04/000057
[2026/4/15 上午8:20:02]    - ID:3540 桃園中路縣府店 $23981.00 → INV/2026/04/000059
[2026/4/15 上午8:20:02]    - ID:3539 內湖東湖店 $50141.00 → INV/2026/04/000048
[2026/4/15 上午8:20:02]    - ID:3538 鳳山五甲店 $21893.00 → INV/2026/04/000049
[2026/4/15 上午8:20:02]    - ID:3537 高雄前鎮店 $31760.00 → INV/2026/04/000053
[2026/4/15 上午8:20:02]    - ID:3536 左營海軍店 $35346.00 → INV/2026/04/000052
[2026/4/15 上午8:20:02]    - ID:3535 桃園內壢店 $11310.00 → INV/2026/04/000068
[2026/4/15 上午8:20:02]    - ID:3534 花蓮中華店 $54724.00 → INV/2026/04/000055
[2026/4/15 上午8:20:02]    - ID:3533 台南善化店 $59068.00 → INV/2026/04/000051
[2026/4/15 上午8:20:02]    - ID:3532 員林中山店 $54303.00 → INV/2026/04/000056
[2026/4/15 上午8:20:02] 🔧 自動修正了 0 筆儲值金記錄
[2026/4/15 上午8:20:05] 📱 Telegram 警報發送失敗
[2026/4/15 上午8:20:05] 🔍 GiveMe API 監控完成
[2026/4/15 上午8:50:12] 🔍 GiveMe API 監控開始
[2026/4/15 上午8:50:12] 🛡️ 防護機制狀態正常：腳本層 ✅ API層 ✅
[2026/4/15 上午8:50:12] ❌ 警告：發現 19 筆儲值金被誤開發票！
[2026/4/15 上午8:50:12]    - ID:3550 新莊中平店 $90397.00 → INV/2026/04/000064
[2026/4/15 上午8:50:12]    - ID:3549 三峽大同店 $108044.00 → INV/2026/04/000063
[2026/4/15 上午8:50:12]    - ID:3548 鶯歌鳳鳴店 $54518.00 → INV/2026/04/000062
[2026/4/15 上午8:50:12]    - ID:3547 桃園八德店 $25554.00 → INV/2026/04/000067
[2026/4/15 上午8:50:12]    - ID:3546 土城中央店 $74416.00 → INV/2026/04/000066
[2026/4/15 上午8:50:12]    - ID:3545 楊梅金山店 $55264.00 → INV/2026/04/000058
[2026/4/15 上午8:50:12]    - ID:3544 台南安南店 $54992.00 → INV/2026/04/000050
[2026/4/15 上午8:50:12]    - ID:3543 桃園小檜溪店 $22331.00 → INV/2026/04/000061
[2026/4/15 上午8:50:12]    - ID:3542 桃園南崁店 $11915.00 → INV/2026/04/000060
[2026/4/15 上午8:50:12]    - ID:3541 蘆洲集賢店 $33274.00 → INV/2026/04/000057
[2026/4/15 上午8:50:12]    - ID:3540 桃園中路縣府店 $23981.00 → INV/2026/04/000059
[2026/4/15 上午8:50:12]    - ID:3539 內湖東湖店 $50141.00 → INV/2026/04/000048
[2026/4/15 上午8:50:12]    - ID:3538 鳳山五甲店 $21893.00 → INV/2026/04/000049
[2026/4/15 上午8:50:12]    - ID:3537 高雄前鎮店 $31760.00 → INV/2026/04/000053
[2026/4/15 上午8:50:12]    - ID:3536 左營海軍店 $35346.00 → INV/2026/04/000052
[2026/4/15 上午8:50:12]    - ID:3535 桃園內壢店 $11310.00 → INV/2026/04/000068
[2026/4/15 上午8:50:12]    - ID:3534 花蓮中華店 $54724.00 → INV/2026/04/000055
[2026/4/15 上午8:50:12]    - ID:3533 台南善化店 $59068.00 → INV/2026/04/000051
[2026/4/15 上午8:50:12]    - ID:3532 員林中山店 $54303.00 → INV/2026/04/000056
[2026/4/15 上午8:50:12] 🔧 自動修正了 0 筆儲值金記錄
[2026/4/15 上午8:50:16] 📱 Telegram 警報發送失敗
[2026/4/15 上午8:50:16] 🔍 GiveMe API 監控完成
[2026/4/15 上午9:20:22] 🔍 GiveMe API 監控開始
[2026/4/15 上午9:20:22] 🛡️ 防護機制狀態正常：腳本層 ✅ API層 ✅
[2026/4/15 上午9:20:22] ❌ 警告：發現 19 筆儲值金被誤開發票！
[2026/4/15 上午9:20:22]    - ID:3550 新莊中平店 $90397.00 → INV/2026/04/000064
[2026/4/15 上午9:20:22]    - ID:3549 三峽大同店 $108044.00 → INV/2026/04/000063
[2026/4/15 上午9:20:22]    - ID:3548 鶯歌鳳鳴店 $54518.00 → INV/2026/04/000062
[2026/4/15 上午9:20:22]    - ID:3547 桃園八德店 $25554.00 → INV/2026/04/000067
[2026/4/15 上午9:20:22]    - ID:3546 土城中央店 $74416.00 → INV/2026/04/000066
[2026/4/15 上午9:20:22]    - ID:3545 楊梅金山店 $55264.00 → INV/2026/04/000058
[2026/4/15 上午9:20:22]    - ID:3544 台南安南店 $54992.00 → INV/2026/04/000050
[2026/4/15 上午9:20:22]    - ID:3543 桃園小檜溪店 $22331.00 → INV/2026/04/000061
[2026/4/15 上午9:20:22]    - ID:3542 桃園南崁店 $11915.00 → INV/2026/04/000060
[2026/4/15 上午9:20:22]    - ID:3541 蘆洲集賢店 $33274.00 → INV/2026/04/000057
[2026/4/15 上午9:20:22]    - ID:3540 桃園中路縣府店 $23981.00 → INV/2026/04/000059
[2026/4/15 上午9:20:22]    - ID:3539 內湖東湖店 $50141.00 → INV/2026/04/000048
[2026/4/15 上午9:20:22]    - ID:3538 鳳山五甲店 $21893.00 → INV/2026/04/000049
[2026/4/15 上午9:20:22]    - ID:3537 高雄前鎮店 $31760.00 → INV/2026/04/000053
[2026/4/15 上午9:20:22]    - ID:3536 左營海軍店 $35346.00 → INV/2026/04/000052
[2026/4/15 上午9:20:22]    - ID:3535 桃園內壢店 $11310.00 → INV/2026/04/000068
[2026/4/15 上午9:20:22]    - ID:3534 花蓮中華店 $54724.00 → INV/2026/04/000055
[2026/4/15 上午9:20:22]    - ID:3533 台南善化店 $59068.00 → INV/2026/04/000051
[2026/4/15 上午9:20:22]    - ID:3532 員林中山店 $54303.00 → INV/2026/04/000056
[2026/4/15 上午9:20:22] 🔧 自動修正了 0 筆儲值金記錄
[2026/4/15 上午9:20:25] 📱 Telegram 警報發送失敗
[2026/4/15 上午9:20:25] 🔍 GiveMe API 監控完成
[2026/4/15 上午9:50:32] 🔍 GiveMe API 監控開始
[2026/4/15 上午9:50:32] 🛡️ 防護機制狀態正常：腳本層 ✅ API層 ✅
[2026/4/15 上午9:50:32] ❌ 警告：發現 19 筆儲值金被誤開發票！
[2026/4/15 上午9:50:32]    - ID:3550 新莊中平店 $90397.00 → INV/2026/04/000064
[2026/4/15 上午9:50:32]    - ID:3549 三峽大同店 $108044.00 → INV/2026/04/000063
[2026/4/15 上午9:50:32]    - ID:3548 鶯歌鳳鳴店 $54518.00 → INV/2026/04/000062
[2026/4/15 上午9:50:32]    - ID:3547 桃園八德店 $25554.00 → INV/2026/04/000067
[2026/4/15 上午9:50:32]    - ID:3546 土城中央店 $74416.00 → INV/2026/04/000066
[2026/4/15 上午9:50:32]    - ID:3545 楊梅金山店 $55264.00 → INV/2026/04/000058
[2026/4/15 上午9:50:32]    - ID:3544 台南安南店 $54992.00 → INV/2026/04/000050
[2026/4/15 上午9:50:32]    - ID:3543 桃園小檜溪店 $22331.00 → INV/2026/04/000061
[2026/4/15 上午9:50:32]    - ID:3542 桃園南崁店 $11915.00 → INV/2026/04/000060
[2026/4/15 上午9:50:32]    - ID:3541 蘆洲集賢店 $33274.00 → INV/2026/04/000057
[2026/4/15 上午9:50:32]    - ID:3540 桃園中路縣府店 $23981.00 → INV/2026/04/000059
[2026/4/15 上午9:50:32]    - ID:3539 內湖東湖店 $50141.00 → INV/2026/04/000048
[2026/4/15 上午9:50:32]    - ID:3538 鳳山五甲店 $21893.00 → INV/2026/04/000049
[2026/4/15 上午9:50:32]    - ID:3537 高雄前鎮店 $31760.00 → INV/2026/04/000053
[2026/4/15 上午9:50:32]    - ID:3536 左營海軍店 $35346.00 → INV/2026/04/000052
[2026/4/15 上午9:50:32]    - ID:3535 桃園內壢店 $11310.00 → INV/2026/04/000068
[2026/4/15 上午9:50:32]    - ID:3534 花蓮中華店 $54724.00 → INV/2026/04/000055
[2026/4/15 上午9:50:32]    - ID:3533 台南善化店 $59068.00 → INV/2026/04/000051
[2026/4/15 上午9:50:32]    - ID:3532 員林中山店 $54303.00 → INV/2026/04/000056
[2026/4/15 上午9:50:32] 🔧 自動修正了 0 筆儲值金記錄
[2026/4/15 上午9:50:35] 📱 Telegram 警報發送失敗
[2026/4/15 上午9:50:35] 🔍 GiveMe API 監控完成
[2026/4/15 上午10:20:42] 🔍 GiveMe API 監控開始
[2026/4/15 上午10:20:42] 🛡️ 防護機制狀態正常：腳本層 ✅ API層 ✅
[2026/4/15 上午10:20:42] ❌ 警告：發現 19 筆儲值金被誤開發票！
[2026/4/15 上午10:20:42]    - ID:3550 新莊中平店 $90397.00 → INV/2026/04/000064
[2026/4/15 上午10:20:42]    - ID:3549 三峽大同店 $108044.00 → INV/2026/04/000063
[2026/4/15 上午10:20:42]    - ID:3548 鶯歌鳳鳴店 $54518.00 → INV/2026/04/000062
[2026/4/15 上午10:20:42]    - ID:3547 桃園八德店 $25554.00 → INV/2026/04/000067
[2026/4/15 上午10:20:42]    - ID:3546 土城中央店 $74416.00 → INV/2026/04/000066
[2026/4/15 上午10:20:42]    - ID:3545 楊梅金山店 $55264.00 → INV/2026/04/000058
[2026/4/15 上午10:20:42]    - ID:3544 台南安南店 $54992.00 → INV/2026/04/000050
[2026/4/15 上午10:20:42]    - ID:3543 桃園小檜溪店 $22331.00 → INV/2026/04/000061
[2026/4/15 上午10:20:42]    - ID:3542 桃園南崁店 $11915.00 → INV/2026/04/000060
[2026/4/15 上午10:20:42]    - ID:3541 蘆洲集賢店 $33274.00 → INV/2026/04/000057
[2026/4/15 上午10:20:42]    - ID:3540 桃園中路縣府店 $23981.00 → INV/2026/04/000059
[2026/4/15 上午10:20:42]    - ID:3539 內湖東湖店 $50141.00 → INV/2026/04/000048
[2026/4/15 上午10:20:42]    - ID:3538 鳳山五甲店 $21893.00 → INV/2026/04/000049
[2026/4/15 上午10:20:42]    - ID:3537 高雄前鎮店 $31760.00 → INV/2026/04/000053
[2026/4/15 上午10:20:42]    - ID:3536 左營海軍店 $35346.00 → INV/2026/04/000052
[2026/4/15 上午10:20:42]    - ID:3535 桃園內壢店 $11310.00 → INV/2026/04/000068
[2026/4/15 上午10:20:42]    - ID:3534 花蓮中華店 $54724.00 → INV/2026/04/000055
[2026/4/15 上午10:20:42]    - ID:3533 台南善化店 $59068.00 → INV/2026/04/000051
[2026/4/15 上午10:20:42]    - ID:3532 員林中山店 $54303.00 → INV/2026/04/000056
[2026/4/15 上午10:20:42] 🔧 自動修正了 0 筆儲值金記錄
[2026/4/15 上午10:20:45] 📱 Telegram 警報發送失敗
[2026/4/15 上午10:20:45] 🔍 GiveMe API 監控完成
[2026/4/15 上午10:50:53] 🔍 GiveMe API 監控開始
[2026/4/15 上午10:50:53] 🛡️ 防護機制狀態正常：腳本層 ✅ API層 ✅
[2026/4/15 上午10:50:53] ❌ 警告：發現 19 筆儲值金被誤開發票！
[2026/4/15 上午10:50:53]    - ID:3550 新莊中平店 $90397.00 → INV/2026/04/000064
[2026/4/15 上午10:50:53]    - ID:3549 三峽大同店 $108044.00 → INV/2026/04/000063
[2026/4/15 上午10:50:53]    - ID:3548 鶯歌鳳鳴店 $54518.00 → INV/2026/04/000062
[2026/4/15 上午10:50:53]    - ID:3547 桃園八德店 $25554.00 → INV/2026/04/000067
[2026/4/15 上午10:50:53]    - ID:3546 土城中央店 $74416.00 → INV/2026/04/000066
[2026/4/15 上午10:50:53]    - ID:3545 楊梅金山店 $55264.00 → INV/2026/04/000058
[2026/4/15 上午10:50:53]    - ID:3544 台南安南店 $54992.00 → INV/2026/04/000050
[2026/4/15 上午10:50:53]    - ID:3543 桃園小檜溪店 $22331.00 → INV/2026/04/000061
[2026/4/15 上午10:50:53]    - ID:3542 桃園南崁店 $11915.00 → INV/2026/04/000060
[2026/4/15 上午10:50:53]    - ID:3541 蘆洲集賢店 $33274.00 → INV/2026/04/000057
[2026/4/15 上午10:50:53]    - ID:3540 桃園中路縣府店 $23981.00 → INV/2026/04/000059
[2026/4/15 上午10:50:53]    - ID:3539 內湖東湖店 $50141.00 → INV/2026/04/000048
[2026/4/15 上午10:50:53]    - ID:3538 鳳山五甲店 $21893.00 → INV/2026/04/000049
[2026/4/15 上午10:50:53]    - ID:3537 高雄前鎮店 $31760.00 → INV/2026/04/000053
[2026/4/15 上午10:50:53]    - ID:3536 左營海軍店 $35346.00 → INV/2026/04/000052
[2026/4/15 上午10:50:53]    - ID:3535 桃園內壢店 $11310.00 → INV/2026/04/000068
[2026/4/15 上午10:50:53]    - ID:3534 花蓮中華店 $54724.00 → INV/2026/04/000055
[2026/4/15 上午10:50:53]    - ID:3533 台南善化店 $59068.00 → INV/2026/04/000051
[2026/4/15 上午10:50:53]    - ID:3532 員林中山店 $54303.00 → INV/2026/04/000056
[2026/4/15 上午10:50:53] 🔧 自動修正了 0 筆儲值金記錄
[2026/4/15 上午10:50:56] 📱 Telegram 警報發送失敗
[2026/4/15 上午10:50:56] 🔍 GiveMe API 監控完成
[2026/4/15 上午11:21:03] 🔍 GiveMe API 監控開始
[2026/4/15 上午11:21:03] 🛡️ 防護機制狀態正常：腳本層 ✅ API層 ✅
[2026/4/15 上午11:21:03] ❌ 警告：發現 19 筆儲值金被誤開發票！
[2026/4/15 上午11:21:03]    - ID:3550 新莊中平店 $90397.00 → INV/2026/04/000064
[2026/4/15 上午11:21:03]    - ID:3549 三峽大同店 $108044.00 → INV/2026/04/000063
[2026/4/15 上午11:21:03]    - ID:3548 鶯歌鳳鳴店 $54518.00 → INV/2026/04/000062
[2026/4/15 上午11:21:03]    - ID:3547 桃園八德店 $25554.00 → INV/2026/04/000067
[2026/4/15 上午11:21:03]    - ID:3546 土城中央店 $74416.00 → INV/2026/04/000066
[2026/4/15 上午11:21:03]    - ID:3545 楊梅金山店 $55264.00 → INV/2026/04/000058
[2026/4/15 上午11:21:03]    - ID:3544 台南安南店 $54992.00 → INV/2026/04/000050
[2026/4/15 上午11:21:03]    - ID:3543 桃園小檜溪店 $22331.00 → INV/2026/04/000061
[2026/4/15 上午11:21:03]    - ID:3542 桃園南崁店 $11915.00 → INV/2026/04/000060
[2026/4/15 上午11:21:03]    - ID:3541 蘆洲集賢店 $33274.00 → INV/2026/04/000057
[2026/4/15 上午11:21:03]    - ID:3540 桃園中路縣府店 $23981.00 → INV/2026/04/000059
[2026/4/15 上午11:21:03]    - ID:3539 內湖東湖店 $50141.00 → INV/2026/04/000048
[2026/4/15 上午11:21:03]    - ID:3538 鳳山五甲店 $21893.00 → INV/2026/04/000049
[2026/4/15 上午11:21:03]    - ID:3537 高雄前鎮店 $31760.00 → INV/2026/04/000053
[2026/4/15 上午11:21:03]    - ID:3536 左營海軍店 $35346.00 → INV/2026/04/000052
[2026/4/15 上午11:21:03]    - ID:3535 桃園內壢店 $11310.00 → INV/2026/04/000068
[2026/4/15 上午11:21:03]    - ID:3534 花蓮中華店 $54724.00 → INV/2026/04/000055
[2026/4/15 上午11:21:03]    - ID:3533 台南善化店 $59068.00 → INV/2026/04/000051
[2026/4/15 上午11:21:03]    - ID:3532 員林中山店 $54303.00 → INV/2026/04/000056
[2026/4/15 上午11:21:03] 🔧 自動修正了 0 筆儲值金記錄
[2026/4/15 上午11:21:05] 📱 Telegram 警報發送失敗
[2026/4/15 上午11:21:05] 🔍 GiveMe API 監控完成
[2026/4/15 上午11:51:13] 🔍 GiveMe API 監控開始
[2026/4/15 上午11:51:13] 🛡️ 防護機制狀態正常：腳本層 ✅ API層 ✅
[2026/4/15 上午11:51:13] ❌ 警告：發現 19 筆儲值金被誤開發票！
[2026/4/15 上午11:51:13]    - ID:3550 新莊中平店 $90397.00 → INV/2026/04/000064
[2026/4/15 上午11:51:13]    - ID:3549 三峽大同店 $108044.00 → INV/2026/04/000063
[2026/4/15 上午11:51:13]    - ID:3548 鶯歌鳳鳴店 $54518.00 → INV/2026/04/000062
[2026/4/15 上午11:51:13]    - ID:3547 桃園八德店 $25554.00 → INV/2026/04/000067
[2026/4/15 上午11:51:13]    - ID:3546 土城中央店 $74416.00 → INV/2026/04/000066
[2026/4/15 上午11:51:13]    - ID:3545 楊梅金山店 $55264.00 → INV/2026/04/000058
[2026/4/15 上午11:51:13]    - ID:3544 台南安南店 $54992.00 → INV/2026/04/000050
[2026/4/15 上午11:51:13]    - ID:3543 桃園小檜溪店 $22331.00 → INV/2026/04/000061
[2026/4/15 上午11:51:13]    - ID:3542 桃園南崁店 $11915.00 → INV/2026/04/000060
[2026/4/15 上午11:51:13]    - ID:3541 蘆洲集賢店 $33274.00 → INV/2026/04/000057
[2026/4/15 上午11:51:13]    - ID:3540 桃園中路縣府店 $23981.00 → INV/2026/04/000059
[2026/4/15 上午11:51:13]    - ID:3539 內湖東湖店 $50141.00 → INV/2026/04/000048
[2026/4/15 上午11:51:13]    - ID:3538 鳳山五甲店 $21893.00 → INV/2026/04/000049
[2026/4/15 上午11:51:13]    - ID:3537 高雄前鎮店 $31760.00 → INV/2026/04/000053
[2026/4/15 上午11:51:13]    - ID:3536 左營海軍店 $35346.00 → INV/2026/04/000052
[2026/4/15 上午11:51:13]    - ID:3535 桃園內壢店 $11310.00 → INV/2026/04/000068
[2026/4/15 上午11:51:13]    - ID:3534 花蓮中華店 $54724.00 → INV/2026/04/000055
[2026/4/15 上午11:51:13]    - ID:3533 台南善化店 $59068.00 → INV/2026/04/000051
[2026/4/15 上午11:51:13]    - ID:3532 員林中山店 $54303.00 → INV/2026/04/000056
[2026/4/15 上午11:51:13] 🔧 自動修正了 0 筆儲值金記錄
[2026/4/15 上午11:51:20] 📱 Telegram 警報發送失敗
[2026/4/15 上午11:51:20] 🔍 GiveMe API 監控完成
[2026/4/15 下午12:21:23] 🔍 GiveMe API 監控開始
[2026/4/15 下午12:21:23] 🛡️ 防護機制狀態正常：腳本層 ✅ API層 ✅
[2026/4/15 下午12:21:23] ❌ 警告：發現 19 筆儲值金被誤開發票！
[2026/4/15 下午12:21:23]    - ID:3550 新莊中平店 $90397.00 → INV/2026/04/000064
[2026/4/15 下午12:21:23]    - ID:3549 三峽大同店 $108044.00 → INV/2026/04/000063
[2026/4/15 下午12:21:23]    - ID:3548 鶯歌鳳鳴店 $54518.00 → INV/2026/04/000062
[2026/4/15 下午12:21:23]    - ID:3547 桃園八德店 $25554.00 → INV/2026/04/000067
[2026/4/15 下午12:21:23]    - ID:3546 土城中央店 $74416.00 → INV/2026/04/000066
[2026/4/15 下午12:21:23]    - ID:3545 楊梅金山店 $55264.00 → INV/2026/04/000058
[2026/4/15 下午12:21:23]    - ID:3544 台南安南店 $54992.00 → INV/2026/04/000050
[2026/4/15 下午12:21:23]    - ID:3543 桃園小檜溪店 $22331.00 → INV/2026/04/000061
[2026/4/15 下午12:21:23]    - ID:3542 桃園南崁店 $11915.00 → INV/2026/04/000060
[2026/4/15 下午12:21:23]    - ID:3541 蘆洲集賢店 $33274.00 → INV/2026/04/000057
[2026/4/15 下午12:21:23]    - ID:3540 桃園中路縣府店 $23981.00 → INV/2026/04/000059
[2026/4/15 下午12:21:23]    - ID:3539 內湖東湖店 $50141.00 → INV/2026/04/000048
[2026/4/15 下午12:21:23]    - ID:3538 鳳山五甲店 $21893.00 → INV/2026/04/000049
[2026/4/15 下午12:21:23]    - ID:3537 高雄前鎮店 $31760.00 → INV/2026/04/000053
[2026/4/15 下午12:21:23]    - ID:3536 左營海軍店 $35346.00 → INV/2026/04/000052
[2026/4/15 下午12:21:23]    - ID:3535 桃園內壢店 $11310.00 → INV/2026/04/000068
[2026/4/15 下午12:21:23]    - ID:3534 花蓮中華店 $54724.00 → INV/2026/04/000055
[2026/4/15 下午12:21:23]    - ID:3533 台南善化店 $59068.00 → INV/2026/04/000051
[2026/4/15 下午12:21:23]    - ID:3532 員林中山店 $54303.00 → INV/2026/04/000056
[2026/4/15 下午12:21:23] 🔧 自動修正了 0 筆儲值金記錄
[2026/4/15 下午12:21:26] 📱 Telegram 警報發送失敗
[2026/4/15 下午12:21:26] 🔍 GiveMe API 監控完成
[2026/4/15 下午12:51:33] 🔍 GiveMe API 監控開始
[2026/4/15 下午12:51:33] 🛡️ 防護機制狀態正常：腳本層 ✅ API層 ✅
[2026/4/15 下午12:51:33] ❌ 警告：發現 19 筆儲值金被誤開發票！
[2026/4/15 下午12:51:33]    - ID:3550 新莊中平店 $90397.00 → INV/2026/04/000064
[2026/4/15 下午12:51:33]    - ID:3549 三峽大同店 $108044.00 → INV/2026/04/000063
[2026/4/15 下午12:51:33]    - ID:3548 鶯歌鳳鳴店 $54518.00 → INV/2026/04/000062
[2026/4/15 下午12:51:33]    - ID:3547 桃園八德店 $25554.00 → INV/2026/04/000067
[2026/4/15 下午12:51:33]    - ID:3546 土城中央店 $74416.00 → INV/2026/04/000066
[2026/4/15 下午12:51:33]    - ID:3545 楊梅金山店 $55264.00 → INV/2026/04/000058
[2026/4/15 下午12:51:33]    - ID:3544 台南安南店 $54992.00 → INV/2026/04/000050
[2026/4/15 下午12:51:33]    - ID:3543 桃園小檜溪店 $22331.00 → INV/2026/04/000061
[2026/4/15 下午12:51:33]    - ID:3542 桃園南崁店 $11915.00 → INV/2026/04/000060
[2026/4/15 下午12:51:33]    - ID:3541 蘆洲集賢店 $33274.00 → INV/2026/04/000057
[2026/4/15 下午12:51:33]    - ID:3540 桃園中路縣府店 $23981.00 → INV/2026/04/000059
[2026/4/15 下午12:51:33]    - ID:3539 內湖東湖店 $50141.00 → INV/2026/04/000048
[2026/4/15 下午12:51:33]    - ID:3538 鳳山五甲店 $21893.00 → INV/2026/04/000049
[2026/4/15 下午12:51:33]    - ID:3537 高雄前鎮店 $31760.00 → INV/2026/04/000053
[2026/4/15 下午12:51:33]    - ID:3536 左營海軍店 $35346.00 → INV/2026/04/000052
[2026/4/15 下午12:51:33]    - ID:3535 桃園內壢店 $11310.00 → INV/2026/04/000068
[2026/4/15 下午12:51:33]    - ID:3534 花蓮中華店 $54724.00 → INV/2026/04/000055
[2026/4/15 下午12:51:33]    - ID:3533 台南善化店 $59068.00 → INV/2026/04/000051
[2026/4/15 下午12:51:33]    - ID:3532 員林中山店 $54303.00 → INV/2026/04/000056
[2026/4/15 下午12:51:33] 🔧 自動修正了 0 筆儲值金記錄
[2026/4/15 下午12:51:37] 📱 Telegram 警報發送失敗
[2026/4/15 下午12:51:37] 🔍 GiveMe API 監控完成
[2026/4/15 下午1:21:43] 🔍 GiveMe API 監控開始
[2026/4/15 下午1:21:43] 🛡️ 防護機制狀態正常：腳本層 ✅ API層 ✅
[2026/4/15 下午1:21:43] ❌ 警告：發現 19 筆儲值金被誤開發票！
[2026/4/15 下午1:21:43]    - ID:3550 新莊中平店 $90397.00 → INV/2026/04/000064
[2026/4/15 下午1:21:43]    - ID:3549 三峽大同店 $108044.00 → INV/2026/04/000063
[2026/4/15 下午1:21:43]    - ID:3548 鶯歌鳳鳴店 $54518.00 → INV/2026/04/000062
[2026/4/15 下午1:21:43]    - ID:3547 桃園八德店 $25554.00 → INV/2026/04/000067
[2026/4/15 下午1:21:43]    - ID:3546 土城中央店 $74416.00 → INV/2026/04/000066
[2026/4/15 下午1:21:43]    - ID:3545 楊梅金山店 $55264.00 → INV/2026/04/000058
[2026/4/15 下午1:21:43]    - ID:3544 台南安南店 $54992.00 → INV/2026/04/000050
[2026/4/15 下午1:21:43]    - ID:3543 桃園小檜溪店 $22331.00 → INV/2026/04/000061
[2026/4/15 下午1:21:43]    - ID:3542 桃園南崁店 $11915.00 → INV/2026/04/000060
[2026/4/15 下午1:21:43]    - ID:3541 蘆洲集賢店 $33274.00 → INV/2026/04/000057
[2026/4/15 下午1:21:43]    - ID:3540 桃園中路縣府店 $23981.00 → INV/2026/04/000059
[2026/4/15 下午1:21:43]    - ID:3539 內湖東湖店 $50141.00 → INV/2026/04/000048
[2026/4/15 下午1:21:43]    - ID:3538 鳳山五甲店 $21893.00 → INV/2026/04/000049
[2026/4/15 下午1:21:43]    - ID:3537 高雄前鎮店 $31760.00 → INV/2026/04/000053
[2026/4/15 下午1:21:43]    - ID:3536 左營海軍店 $35346.00 → INV/2026/04/000052
[2026/4/15 下午1:21:43]    - ID:3535 桃園內壢店 $11310.00 → INV/2026/04/000068
[2026/4/15 下午1:21:43]    - ID:3534 花蓮中華店 $54724.00 → INV/2026/04/000055
[2026/4/15 下午1:21:43]    - ID:3533 台南善化店 $59068.00 → INV/2026/04/000051
[2026/4/15 下午1:21:43]    - ID:3532 員林中山店 $54303.00 → INV/2026/04/000056
[2026/4/15 下午1:21:43] 🔧 自動修正了 0 筆儲值金記錄
[2026/4/15 下午1:21:46] 📱 Telegram 警報發送失敗
[2026/4/15 下午1:21:46] 🔍 GiveMe API 監控完成
[2026/4/15 下午1:51:54] 🔍 GiveMe API 監控開始
[2026/4/15 下午1:51:54] 🛡️ 防護機制狀態正常：腳本層 ✅ API層 ✅
[2026/4/15 下午1:51:54] ❌ 警告：發現 19 筆儲值金被誤開發票！
[2026/4/15 下午1:51:54]    - ID:3550 新莊中平店 $90397.00 → INV/2026/04/000064
[2026/4/15 下午1:51:54]    - ID:3549 三峽大同店 $108044.00 → INV/2026/04/000063
[2026/4/15 下午1:51:54]    - ID:3548 鶯歌鳳鳴店 $54518.00 → INV/2026/04/000062
[2026/4/15 下午1:51:54]    - ID:3547 桃園八德店 $25554.00 → INV/2026/04/000067
[2026/4/15 下午1:51:54]    - ID:3546 土城中央店 $74416.00 → INV/2026/04/000066
[2026/4/15 下午1:51:54]    - ID:3545 楊梅金山店 $55264.00 → INV/2026/04/000058
[2026/4/15 下午1:51:54]    - ID:3544 台南安南店 $54992.00 → INV/2026/04/000050
[2026/4/15 下午1:51:54]    - ID:3543 桃園小檜溪店 $22331.00 → INV/2026/04/000061
[2026/4/15 下午1:51:54]    - ID:3542 桃園南崁店 $11915.00 → INV/2026/04/000060
[2026/4/15 下午1:51:54]    - ID:3541 蘆洲集賢店 $33274.00 → INV/2026/04/000057
[2026/4/15 下午1:51:54]    - ID:3540 桃園中路縣府店 $23981.00 → INV/2026/04/000059
[2026/4/15 下午1:51:54]    - ID:3539 內湖東湖店 $50141.00 → INV/2026/04/000048
[2026/4/15 下午1:51:54]    - ID:3538 鳳山五甲店 $21893.00 → INV/2026/04/000049
[2026/4/15 下午1:51:54]    - ID:3537 高雄前鎮店 $31760.00 → INV/2026/04/000053
[2026/4/15 下午1:51:54]    - ID:3536 左營海軍店 $35346.00 → INV/2026/04/000052
[2026/4/15 下午1:51:54]    - ID:3535 桃園內壢店 $11310.00 → INV/2026/04/000068
[2026/4/15 下午1:51:54]    - ID:3534 花蓮中華店 $54724.00 → INV/2026/04/000055
[2026/4/15 下午1:51:54]    - ID:3533 台南善化店 $59068.00 → INV/2026/04/000051
[2026/4/15 下午1:51:54]    - ID:3532 員林中山店 $54303.00 → INV/2026/04/000056
[2026/4/15 下午1:51:54] 🔧 自動修正了 0 筆儲值金記錄
[2026/4/15 下午1:51:57] 📱 Telegram 警報發送失敗
[2026/4/15 下午1:51:57] 🔍 GiveMe API 監控完成
[2026/4/15 下午2:22:04] 🔍 GiveMe API 監控開始
[2026/4/15 下午2:22:04] 🛡️ 防護機制狀態正常：腳本層 ✅ API層 ✅
[2026/4/15 下午2:22:04] ❌ 警告：發現 19 筆儲值金被誤開發票！
[2026/4/15 下午2:22:04]    - ID:3550 新莊中平店 $90397.00 → INV/2026/04/000064
[2026/4/15 下午2:22:04]    - ID:3549 三峽大同店 $108044.00 → INV/2026/04/000063
[2026/4/15 下午2:22:04]    - ID:3548 鶯歌鳳鳴店 $54518.00 → INV/2026/04/000062
[2026/4/15 下午2:22:04]    - ID:3547 桃園八德店 $25554.00 → INV/2026/04/000067
[2026/4/15 下午2:22:04]    - ID:3546 土城中央店 $74416.00 → INV/2026/04/000066
[2026/4/15 下午2:22:04]    - ID:3545 楊梅金山店 $55264.00 → INV/2026/04/000058
[2026/4/15 下午2:22:04]    - ID:3544 台南安南店 $54992.00 → INV/2026/04/000050
[2026/4/15 下午2:22:04]    - ID:3543 桃園小檜溪店 $22331.00 → INV/2026/04/000061
[2026/4/15 下午2:22:04]    - ID:3542 桃園南崁店 $11915.00 → INV/2026/04/000060
[2026/4/15 下午2:22:04]    - ID:3541 蘆洲集賢店 $33274.00 → INV/2026/04/000057
[2026/4/15 下午2:22:04]    - ID:3540 桃園中路縣府店 $23981.00 → INV/2026/04/000059
[2026/4/15 下午2:22:04]    - ID:3539 內湖東湖店 $50141.00 → INV/2026/04/000048
[2026/4/15 下午2:22:04]    - ID:3538 鳳山五甲店 $21893.00 → INV/2026/04/000049
[2026/4/15 下午2:22:04]    - ID:3537 高雄前鎮店 $31760.00 → INV/2026/04/000053
[2026/4/15 下午2:22:04]    - ID:3536 左營海軍店 $35346.00 → INV/2026/04/000052
[2026/4/15 下午2:22:04]    - ID:3535 桃園內壢店 $11310.00 → INV/2026/04/000068
[2026/4/15 下午2:22:04]    - ID:3534 花蓮中華店 $54724.00 → INV/2026/04/000055
[2026/4/15 下午2:22:04]    - ID:3533 台南善化店 $59068.00 → INV/2026/04/000051
[2026/4/15 下午2:22:04]    - ID:3532 員林中山店 $54303.00 → INV/2026/04/000056
[2026/4/15 下午2:22:04] 🔧 自動修正了 0 筆儲值金記錄
[2026/4/15 下午2:22:08] 📱 Telegram 警報發送失敗
[2026/4/15 下午2:22:08] 🔍 GiveMe API 監控完成
[2026/4/15 下午2:52:14] 🔍 GiveMe API 監控開始
[2026/4/15 下午2:52:14] 🛡️ 防護機制狀態正常：腳本層 ✅ API層 ✅
[2026/4/15 下午2:52:14] ❌ 警告：發現 19 筆儲值金被誤開發票！
[2026/4/15 下午2:52:14]    - ID:3550 新莊中平店 $90397.00 → INV/2026/04/000064
[2026/4/15 下午2:52:14]    - ID:3549 三峽大同店 $108044.00 → INV/2026/04/000063
[2026/4/15 下午2:52:14]    - ID:3548 鶯歌鳳鳴店 $54518.00 → INV/2026/04/000062
[2026/4/15 下午2:52:14]    - ID:3547 桃園八德店 $25554.00 → INV/2026/04/000067
[2026/4/15 下午2:52:14]    - ID:3546 土城中央店 $74416.00 → INV/2026/04/000066
[2026/4/15 下午2:52:14]    - ID:3545 楊梅金山店 $55264.00 → INV/2026/04/000058
[2026/4/15 下午2:52:14]    - ID:3544 台南安南店 $54992.00 → INV/2026/04/000050
[2026/4/15 下午2:52:14]    - ID:3543 桃園小檜溪店 $22331.00 → INV/2026/04/000061
[2026/4/15 下午2:52:14]    - ID:3542 桃園南崁店 $11915.00 → INV/2026/04/000060
[2026/4/15 下午2:52:14]    - ID:3541 蘆洲集賢店 $33274.00 → INV/2026/04/000057
[2026/4/15 下午2:52:14]    - ID:3540 桃園中路縣府店 $23981.00 → INV/2026/04/000059
[2026/4/15 下午2:52:14]    - ID:3539 內湖東湖店 $50141.00 → INV/2026/04/000048
[2026/4/15 下午2:52:14]    - ID:3538 鳳山五甲店 $21893.00 → INV/2026/04/000049
[2026/4/15 下午2:52:14]    - ID:3537 高雄前鎮店 $31760.00 → INV/2026/04/000053
[2026/4/15 下午2:52:14]    - ID:3536 左營海軍店 $35346.00 → INV/2026/04/000052
[2026/4/15 下午2:52:14]    - ID:3535 桃園內壢店 $11310.00 → INV/2026/04/000068
[2026/4/15 下午2:52:14]    - ID:3534 花蓮中華店 $54724.00 → INV/2026/04/000055
[2026/4/15 下午2:52:14]    - ID:3533 台南善化店 $59068.00 → INV/2026/04/000051
[2026/4/15 下午2:52:14]    - ID:3532 員林中山店 $54303.00 → INV/2026/04/000056
[2026/4/15 下午2:52:14] 🔧 自動修正了 0 筆儲值金記錄
[2026/4/15 下午2:52:16] 📱 Telegram 警報發送失敗
[2026/4/15 下午2:52:16] 🔍 GiveMe API 監控完成
[2026/4/15 下午3:22:24] 🔍 GiveMe API 監控開始
[2026/4/15 下午3:22:24] 🛡️ 防護機制狀態正常：腳本層 ✅ API層 ✅
[2026/4/15 下午3:22:24] ❌ 警告：發現 19 筆儲值金被誤開發票！
[2026/4/15 下午3:22:24]    - ID:3550 新莊中平店 $90397.00 → INV/2026/04/000064
[2026/4/15 下午3:22:24]    - ID:3549 三峽大同店 $108044.00 → INV/2026/04/000063
[2026/4/15 下午3:22:24]    - ID:3548 鶯歌鳳鳴店 $54518.00 → INV/2026/04/000062
[2026/4/15 下午3:22:24]    - ID:3547 桃園八德店 $25554.00 → INV/2026/04/000067
[2026/4/15 下午3:22:24]    - ID:3546 土城中央店 $74416.00 → INV/2026/04/000066
[2026/4/15 下午3:22:24]    - ID:3545 楊梅金山店 $55264.00 → INV/2026/04/000058
[2026/4/15 下午3:22:24]    - ID:3544 台南安南店 $54992.00 → INV/2026/04/000050
[2026/4/15 下午3:22:24]    - ID:3543 桃園小檜溪店 $22331.00 → INV/2026/04/000061
[2026/4/15 下午3:22:24]    - ID:3542 桃園南崁店 $11915.00 → INV/2026/04/000060
[2026/4/15 下午3:22:24]    - ID:3541 蘆洲集賢店 $33274.00 → INV/2026/04/000057
[2026/4/15 下午3:22:24]    - ID:3540 桃園中路縣府店 $23981.00 → INV/2026/04/000059
[2026/4/15 下午3:22:24]    - ID:3539 內湖東湖店 $50141.00 → INV/2026/04/000048
[2026/4/15 下午3:22:24]    - ID:3538 鳳山五甲店 $21893.00 → INV/2026/04/000049
[2026/4/15 下午3:22:24]    - ID:3537 高雄前鎮店 $31760.00 → INV/2026/04/000053
[2026/4/15 下午3:22:24]    - ID:3536 左營海軍店 $35346.00 → INV/2026/04/000052
[2026/4/15 下午3:22:24]    - ID:3535 桃園內壢店 $11310.00 → INV/2026/04/000068
[2026/4/15 下午3:22:24]    - ID:3534 花蓮中華店 $54724.00 → INV/2026/04/000055
[2026/4/15 下午3:22:24]    - ID:3533 台南善化店 $59068.00 → INV/2026/04/000051
[2026/4/15 下午3:22:24]    - ID:3532 員林中山店 $54303.00 → INV/2026/04/000056
[2026/4/15 下午3:22:24] 🔧 自動修正了 0 筆儲值金記錄
[2026/4/15 下午3:22:27] 📱 Telegram 警報發送失敗
[2026/4/15 下午3:22:28] 🔍 GiveMe API 監控完成
[2026/4/15 下午3:52:34] 🔍 GiveMe API 監控開始
[2026/4/15 下午3:52:34] 🛡️ 防護機制狀態正常：腳本層 ✅ API層 ✅
[2026/4/15 下午3:52:34] ❌ 警告：發現 19 筆儲值金被誤開發票！
[2026/4/15 下午3:52:34]    - ID:3550 新莊中平店 $90397.00 → INV/2026/04/000064
[2026/4/15 下午3:52:34]    - ID:3549 三峽大同店 $108044.00 → INV/2026/04/000063
[2026/4/15 下午3:52:34]    - ID:3548 鶯歌鳳鳴店 $54518.00 → INV/2026/04/000062
[2026/4/15 下午3:52:34]    - ID:3547 桃園八德店 $25554.00 → INV/2026/04/000067
[2026/4/15 下午3:52:34]    - ID:3546 土城中央店 $74416.00 → INV/2026/04/000066
[2026/4/15 下午3:52:34]    - ID:3545 楊梅金山店 $55264.00 → INV/2026/04/000058
[2026/4/15 下午3:52:34]    - ID:3544 台南安南店 $54992.00 → INV/2026/04/000050
[2026/4/15 下午3:52:34]    - ID:3543 桃園小檜溪店 $22331.00 → INV/2026/04/000061
[2026/4/15 下午3:52:34]    - ID:3542 桃園南崁店 $11915.00 → INV/2026/04/000060
[2026/4/15 下午3:52:34]    - ID:3541 蘆洲集賢店 $33274.00 → INV/2026/04/000057
[2026/4/15 下午3:52:34]    - ID:3540 桃園中路縣府店 $23981.00 → INV/2026/04/000059
[2026/4/15 下午3:52:34]    - ID:3539 內湖東湖店 $50141.00 → INV/2026/04/000048
[2026/4/15 下午3:52:34]    - ID:3538 鳳山五甲店 $21893.00 → INV/2026/04/000049
[2026/4/15 下午3:52:34]    - ID:3537 高雄前鎮店 $31760.00 → INV/2026/04/000053
[2026/4/15 下午3:52:34]    - ID:3536 左營海軍店 $35346.00 → INV/2026/04/000052
[2026/4/15 下午3:52:34]    - ID:3535 桃園內壢店 $11310.00 → INV/2026/04/000068
[2026/4/15 下午3:52:34]    - ID:3534 花蓮中華店 $54724.00 → INV/2026/04/000055
[2026/4/15 下午3:52:34]    - ID:3533 台南善化店 $59068.00 → INV/2026/04/000051
[2026/4/15 下午3:52:34]    - ID:3532 員林中山店 $54303.00 → INV/2026/04/000056
[2026/4/15 下午3:52:34] 🔧 自動修正了 0 筆儲值金記錄
[2026/4/15 下午3:52:37] 📱 Telegram 警報發送失敗
[2026/4/15 下午3:52:37] 🔍 GiveMe API 監控完成
[2026/4/15 下午4:22:44] 🔍 GiveMe API 監控開始
[2026/4/15 下午4:22:44] 🛡️ 防護機制狀態正常：腳本層 ✅ API層 ✅
[2026/4/15 下午4:22:44] ❌ 警告：發現 19 筆儲值金被誤開發票！
[2026/4/15 下午4:22:44]    - ID:3550 新莊中平店 $90397.00 → INV/2026/04/000064
[2026/4/15 下午4:22:44]    - ID:3549 三峽大同店 $108044.00 → INV/2026/04/000063
[2026/4/15 下午4:22:44]    - ID:3548 鶯歌鳳鳴店 $54518.00 → INV/2026/04/000062
[2026/4/15 下午4:22:44]    - ID:3547 桃園八德店 $25554.00 → INV/2026/04/000067
[2026/4/15 下午4:22:44]    - ID:3546 土城中央店 $74416.00 → INV/2026/04/000066
[2026/4/15 下午4:22:44]    - ID:3545 楊梅金山店 $55264.00 → INV/2026/04/000058
[2026/4/15 下午4:22:44]    - ID:3544 台南安南店 $54992.00 → INV/2026/04/000050
[2026/4/15 下午4:22:44]    - ID:3543 桃園小檜溪店 $22331.00 → INV/2026/04/000061
[2026/4/15 下午4:22:44]    - ID:3542 桃園南崁店 $11915.00 → INV/2026/04/000060
[2026/4/15 下午4:22:44]    - ID:3541 蘆洲集賢店 $33274.00 → INV/2026/04/000057
[2026/4/15 下午4:22:44]    - ID:3540 桃園中路縣府店 $23981.00 → INV/2026/04/000059
[2026/4/15 下午4:22:44]    - ID:3539 內湖東湖店 $50141.00 → INV/2026/04/000048
[2026/4/15 下午4:22:44]    - ID:3538 鳳山五甲店 $21893.00 → INV/2026/04/000049
[2026/4/15 下午4:22:44]    - ID:3537 高雄前鎮店 $31760.00 → INV/2026/04/000053
[2026/4/15 下午4:22:44]    - ID:3536 左營海軍店 $35346.00 → INV/2026/04/000052
[2026/4/15 下午4:22:44]    - ID:3535 桃園內壢店 $11310.00 → INV/2026/04/000068
[2026/4/15 下午4:22:44]    - ID:3534 花蓮中華店 $54724.00 → INV/2026/04/000055
[2026/4/15 下午4:22:44]    - ID:3533 台南善化店 $59068.00 → INV/2026/04/000051
[2026/4/15 下午4:22:44]    - ID:3532 員林中山店 $54303.00 → INV/2026/04/000056
[2026/4/15 下午4:22:45] 🔧 自動修正了 0 筆儲值金記錄
[2026/4/15 下午4:22:48] 📱 Telegram 警報發送失敗
[2026/4/15 下午4:22:48] 🔍 GiveMe API 監控完成
[2026/4/15 下午4:52:55] 🔍 GiveMe API 監控開始
[2026/4/15 下午4:52:55] 🛡️ 防護機制狀態正常：腳本層 ✅ API層 ✅
[2026/4/15 下午4:52:55] ❌ 警告：發現 19 筆儲值金被誤開發票！
[2026/4/15 下午4:52:55]    - ID:3550 新莊中平店 $90397.00 → INV/2026/04/000064
[2026/4/15 下午4:52:55]    - ID:3549 三峽大同店 $108044.00 → INV/2026/04/000063
[2026/4/15 下午4:52:55]    - ID:3548 鶯歌鳳鳴店 $54518.00 → INV/2026/04/000062
[2026/4/15 下午4:52:55]    - ID:3547 桃園八德店 $25554.00 → INV/2026/04/000067
[2026/4/15 下午4:52:55]    - ID:3546 土城中央店 $74416.00 → INV/2026/04/000066
[2026/4/15 下午4:52:55]    - ID:3545 楊梅金山店 $55264.00 → INV/2026/04/000058
[2026/4/15 下午4:52:55]    - ID:3544 台南安南店 $54992.00 → INV/2026/04/000050
[2026/4/15 下午4:52:55]    - ID:3543 桃園小檜溪店 $22331.00 → INV/2026/04/000061
[2026/4/15 下午4:52:55]    - ID:3542 桃園南崁店 $11915.00 → INV/2026/04/000060
[2026/4/15 下午4:52:55]    - ID:3541 蘆洲集賢店 $33274.00 → INV/2026/04/000057
[2026/4/15 下午4:52:55]    - ID:3540 桃園中路縣府店 $23981.00 → INV/2026/04/000059
[2026/4/15 下午4:52:55]    - ID:3539 內湖東湖店 $50141.00 → INV/2026/04/000048
[2026/4/15 下午4:52:55]    - ID:3538 鳳山五甲店 $21893.00 → INV/2026/04/000049
[2026/4/15 下午4:52:55]    - ID:3537 高雄前鎮店 $31760.00 → INV/2026/04/000053
[2026/4/15 下午4:52:55]    - ID:3536 左營海軍店 $35346.00 → INV/2026/04/000052
[2026/4/15 下午4:52:55]    - ID:3535 桃園內壢店 $11310.00 → INV/2026/04/000068
[2026/4/15 下午4:52:55]    - ID:3534 花蓮中華店 $54724.00 → INV/2026/04/000055
[2026/4/15 下午4:52:55]    - ID:3533 台南善化店 $59068.00 → INV/2026/04/000051
[2026/4/15 下午4:52:55]    - ID:3532 員林中山店 $54303.00 → INV/2026/04/000056
[2026/4/15 下午4:52:55] 🔧 自動修正了 0 筆儲值金記錄
[2026/4/15 下午4:53:02] 📱 Telegram 警報發送失敗
[2026/4/15 下午4:53:02] 🔍 GiveMe API 監控完成
[2026/4/15 下午5:23:05] 🔍 GiveMe API 監控開始
[2026/4/15 下午5:23:05] 🛡️ 防護機制狀態正常：腳本層 ✅ API層 ✅
[2026/4/15 下午5:23:05] ❌ 警告：發現 19 筆儲值金被誤開發票！
[2026/4/15 下午5:23:05]    - ID:3550 新莊中平店 $90397.00 → INV/2026/04/000064
[2026/4/15 下午5:23:05]    - ID:3549 三峽大同店 $108044.00 → INV/2026/04/000063
[2026/4/15 下午5:23:05]    - ID:3548 鶯歌鳳鳴店 $54518.00 → INV/2026/04/000062
[2026/4/15 下午5:23:05]    - ID:3547 桃園八德店 $25554.00 → INV/2026/04/000067
[2026/4/15 下午5:23:05]    - ID:3546 土城中央店 $74416.00 → INV/2026/04/000066
[2026/4/15 下午5:23:05]    - ID:3545 楊梅金山店 $55264.00 → INV/2026/04/000058
[2026/4/15 下午5:23:05]    - ID:3544 台南安南店 $54992.00 → INV/2026/04/000050
[2026/4/15 下午5:23:05]    - ID:3543 桃園小檜溪店 $22331.00 → INV/2026/04/000061
[2026/4/15 下午5:23:05]    - ID:3542 桃園南崁店 $11915.00 → INV/2026/04/000060
[2026/4/15 下午5:23:05]    - ID:3541 蘆洲集賢店 $33274.00 → INV/2026/04/000057
[2026/4/15 下午5:23:05]    - ID:3540 桃園中路縣府店 $23981.00 → INV/2026/04/000059
[2026/4/15 下午5:23:05]    - ID:3539 內湖東湖店 $50141.00 → INV/2026/04/000048
[2026/4/15 下午5:23:05]    - ID:3538 鳳山五甲店 $21893.00 → INV/2026/04/000049
[2026/4/15 下午5:23:05]    - ID:3537 高雄前鎮店 $31760.00 → INV/2026/04/000053
[2026/4/15 下午5:23:05]    - ID:3536 左營海軍店 $35346.00 → INV/2026/04/000052
[2026/4/15 下午5:23:05]    - ID:3535 桃園內壢店 $11310.00 → INV/2026/04/000068
[2026/4/15 下午5:23:05]    - ID:3534 花蓮中華店 $54724.00 → INV/2026/04/000055
[2026/4/15 下午5:23:05]    - ID:3533 台南善化店 $59068.00 → INV/2026/04/000051
[2026/4/15 下午5:23:05]    - ID:3532 員林中山店 $54303.00 → INV/2026/04/000056
[2026/4/15 下午5:23:05] 🔧 自動修正了 0 筆儲值金記錄
[2026/4/15 下午5:23:08] 📱 Telegram 警報發送失敗
[2026/4/15 下午5:23:08] 🔍 GiveMe API 監控完成
[2026/4/15 下午5:53:15] 🔍 GiveMe API 監控開始
[2026/4/15 下午5:53:15] 🛡️ 防護機制狀態正常：腳本層 ✅ API層 ✅
[2026/4/15 下午5:53:15] ❌ 警告：發現 19 筆儲值金被誤開發票！
[2026/4/15 下午5:53:15]    - ID:3550 新莊中平店 $90397.00 → INV/2026/04/000064
[2026/4/15 下午5:53:15]    - ID:3549 三峽大同店 $108044.00 → INV/2026/04/000063
[2026/4/15 下午5:53:15]    - ID:3548 鶯歌鳳鳴店 $54518.00 → INV/2026/04/000062
[2026/4/15 下午5:53:15]    - ID:3547 桃園八德店 $25554.00 → INV/2026/04/000067
[2026/4/15 下午5:53:15]    - ID:3546 土城中央店 $74416.00 → INV/2026/04/000066
[2026/4/15 下午5:53:15]    - ID:3545 楊梅金山店 $55264.00 → INV/2026/04/000058
[2026/4/15 下午5:53:15]    - ID:3544 台南安南店 $54992.00 → INV/2026/04/000050
[2026/4/15 下午5:53:15]    - ID:3543 桃園小檜溪店 $22331.00 → INV/2026/04/000061
[2026/4/15 下午5:53:15]    - ID:3542 桃園南崁店 $11915.00 → INV/2026/04/000060
[2026/4/15 下午5:53:15]    - ID:3541 蘆洲集賢店 $33274.00 → INV/2026/04/000057
[2026/4/15 下午5:53:15]    - ID:3540 桃園中路縣府店 $23981.00 → INV/2026/04/000059
[2026/4/15 下午5:53:15]    - ID:3539 內湖東湖店 $50141.00 → INV/2026/04/000048
[2026/4/15 下午5:53:15]    - ID:3538 鳳山五甲店 $21893.00 → INV/2026/04/000049
[2026/4/15 下午5:53:15]    - ID:3537 高雄前鎮店 $31760.00 → INV/2026/04/000053
[2026/4/15 下午5:53:15]    - ID:3536 左營海軍店 $35346.00 → INV/2026/04/000052
[2026/4/15 下午5:53:15]    - ID:3535 桃園內壢店 $11310.00 → INV/2026/04/000068
[2026/4/15 下午5:53:15]    - ID:3534 花蓮中華店 $54724.00 → INV/2026/04/000055
[2026/4/15 下午5:53:15]    - ID:3533 台南善化店 $59068.00 → INV/2026/04/000051
[2026/4/15 下午5:53:15]    - ID:3532 員林中山店 $54303.00 → INV/2026/04/000056
[2026/4/15 下午5:53:15] 🔧 自動修正了 0 筆儲值金記錄
[2026/4/15 下午5:53:27] 📱 Telegram 警報發送失敗
[2026/4/15 下午5:53:27] 🔍 GiveMe API 監控完成
[2026/4/15 下午6:23:27] 🔍 GiveMe API 監控開始
[2026/4/15 下午6:23:27] 🛡️ 防護機制狀態正常：腳本層 ✅ API層 ✅
[2026/4/15 下午6:23:27] ❌ 警告：發現 19 筆儲值金被誤開發票！
[2026/4/15 下午6:23:27]    - ID:3550 新莊中平店 $90397.00 → INV/2026/04/000064
[2026/4/15 下午6:23:27]    - ID:3549 三峽大同店 $108044.00 → INV/2026/04/000063
[2026/4/15 下午6:23:27]    - ID:3548 鶯歌鳳鳴店 $54518.00 → INV/2026/04/000062
[2026/4/15 下午6:23:27]    - ID:3547 桃園八德店 $25554.00 → INV/2026/04/000067
[2026/4/15 下午6:23:27]    - ID:3546 土城中央店 $74416.00 → INV/2026/04/000066
[2026/4/15 下午6:23:27]    - ID:3545 楊梅金山店 $55264.00 → INV/2026/04/000058
[2026/4/15 下午6:23:27]    - ID:3544 台南安南店 $54992.00 → INV/2026/04/000050
[2026/4/15 下午6:23:27]    - ID:3543 桃園小檜溪店 $22331.00 → INV/2026/04/000061
[2026/4/15 下午6:23:27]    - ID:3542 桃園南崁店 $11915.00 → INV/2026/04/000060
[2026/4/15 下午6:23:27]    - ID:3541 蘆洲集賢店 $33274.00 → INV/2026/04/000057
[2026/4/15 下午6:23:27]    - ID:3540 桃園中路縣府店 $23981.00 → INV/2026/04/000059
[2026/4/15 下午6:23:27]    - ID:3539 內湖東湖店 $50141.00 → INV/2026/04/000048
[2026/4/15 下午6:23:27]    - ID:3538 鳳山五甲店 $21893.00 → INV/2026/04/000049
[2026/4/15 下午6:23:27]    - ID:3537 高雄前鎮店 $31760.00 → INV/2026/04/000053
[2026/4/15 下午6:23:27]    - ID:3536 左營海軍店 $35346.00 → INV/2026/04/000052
[2026/4/15 下午6:23:27]    - ID:3535 桃園內壢店 $11310.00 → INV/2026/04/000068
[2026/4/15 下午6:23:27]    - ID:3534 花蓮中華店 $54724.00 → INV/2026/04/000055
[2026/4/15 下午6:23:27]    - ID:3533 台南善化店 $59068.00 → INV/2026/04/000051
[2026/4/15 下午6:23:27]    - ID:3532 員林中山店 $54303.00 → INV/2026/04/000056
[2026/4/15 下午6:23:27] 🔧 自動修正了 0 筆儲值金記錄
[2026/4/15 下午6:23:35] 📱 Telegram 警報發送失敗
[2026/4/15 下午6:23:35] 🔍 GiveMe API 監控完成
[2026/4/15 下午6:53:37] 🔍 GiveMe API 監控開始
[2026/4/15 下午6:53:37] 🛡️ 防護機制狀態正常：腳本層 ✅ API層 ✅
[2026/4/15 下午6:53:37] ❌ 警告：發現 19 筆儲值金被誤開發票！
[2026/4/15 下午6:53:37]    - ID:3550 新莊中平店 $90397.00 → INV/2026/04/000064
[2026/4/15 下午6:53:37]    - ID:3549 三峽大同店 $108044.00 → INV/2026/04/000063
[2026/4/15 下午6:53:37]    - ID:3548 鶯歌鳳鳴店 $54518.00 → INV/2026/04/000062
[2026/4/15 下午6:53:37]    - ID:3547 桃園八德店 $25554.00 → INV/2026/04/000067
[2026/4/15 下午6:53:37]    - ID:3546 土城中央店 $74416.00 → INV/2026/04/000066
[2026/4/15 下午6:53:37]    - ID:3545 楊梅金山店 $55264.00 → INV/2026/04/000058
[2026/4/15 下午6:53:37]    - ID:3544 台南安南店 $54992.00 → INV/2026/04/000050
[2026/4/15 下午6:53:37]    - ID:3543 桃園小檜溪店 $22331.00 → INV/2026/04/000061
[2026/4/15 下午6:53:37]    - ID:3542 桃園南崁店 $11915.00 → INV/2026/04/000060
[2026/4/15 下午6:53:37]    - ID:3541 蘆洲集賢店 $33274.00 → INV/2026/04/000057
[2026/4/15 下午6:53:37]    - ID:3540 桃園中路縣府店 $23981.00 → INV/2026/04/000059
[2026/4/15 下午6:53:37]    - ID:3539 內湖東湖店 $50141.00 → INV/2026/04/000048
[2026/4/15 下午6:53:37]    - ID:3538 鳳山五甲店 $21893.00 → INV/2026/04/000049
[2026/4/15 下午6:53:37]    - ID:3537 高雄前鎮店 $31760.00 → INV/2026/04/000053
[2026/4/15 下午6:53:37]    - ID:3536 左營海軍店 $35346.00 → INV/2026/04/000052
[2026/4/15 下午6:53:37]    - ID:3535 桃園內壢店 $11310.00 → INV/2026/04/000068
[2026/4/15 下午6:53:37]    - ID:3534 花蓮中華店 $54724.00 → INV/2026/04/000055
[2026/4/15 下午6:53:37]    - ID:3533 台南善化店 $59068.00 → INV/2026/04/000051
[2026/4/15 下午6:53:37]    - ID:3532 員林中山店 $54303.00 → INV/2026/04/000056
[2026/4/15 下午6:53:37] 🔧 自動修正了 0 筆儲值金記錄
[2026/4/15 下午6:53:41] 📱 Telegram 警報發送失敗
[2026/4/15 下午6:53:41] 🔍 GiveMe API 監控完成
[2026/4/15 下午7:23:47] 🔍 GiveMe API 監控開始
[2026/4/15 下午7:23:47] 🛡️ 防護機制狀態正常：腳本層 ✅ API層 ✅
[2026/4/15 下午7:23:48] ❌ 警告：發現 19 筆儲值金被誤開發票！
[2026/4/15 下午7:23:48]    - ID:3550 新莊中平店 $90397.00 → INV/2026/04/000064
[2026/4/15 下午7:23:48]    - ID:3549 三峽大同店 $108044.00 → INV/2026/04/000063
[2026/4/15 下午7:23:48]    - ID:3548 鶯歌鳳鳴店 $54518.00 → INV/2026/04/000062
[2026/4/15 下午7:23:48]    - ID:3547 桃園八德店 $25554.00 → INV/2026/04/000067
[2026/4/15 下午7:23:48]    - ID:3546 土城中央店 $74416.00 → INV/2026/04/000066
[2026/4/15 下午7:23:48]    - ID:3545 楊梅金山店 $55264.00 → INV/2026/04/000058
[2026/4/15 下午7:23:48]    - ID:3544 台南安南店 $54992.00 → INV/2026/04/000050
[2026/4/15 下午7:23:48]    - ID:3543 桃園小檜溪店 $22331.00 → INV/2026/04/000061
[2026/4/15 下午7:23:48]    - ID:3542 桃園南崁店 $11915.00 → INV/2026/04/000060
[2026/4/15 下午7:23:48]    - ID:3541 蘆洲集賢店 $33274.00 → INV/2026/04/000057
[2026/4/15 下午7:23:48]    - ID:3540 桃園中路縣府店 $23981.00 → INV/2026/04/000059
[2026/4/15 下午7:23:48]    - ID:3539 內湖東湖店 $50141.00 → INV/2026/04/000048
[2026/4/15 下午7:23:48]    - ID:3538 鳳山五甲店 $21893.00 → INV/2026/04/000049
[2026/4/15 下午7:23:48]    - ID:3537 高雄前鎮店 $31760.00 → INV/2026/04/000053
[2026/4/15 下午7:23:48]    - ID:3536 左營海軍店 $35346.00 → INV/2026/04/000052
[2026/4/15 下午7:23:48]    - ID:3535 桃園內壢店 $11310.00 → INV/2026/04/000068
[2026/4/15 下午7:23:48]    - ID:3534 花蓮中華店 $54724.00 → INV/2026/04/000055
[2026/4/15 下午7:23:48]    - ID:3533 台南善化店 $59068.00 → INV/2026/04/000051
[2026/4/15 下午7:23:48]    - ID:3532 員林中山店 $54303.00 → INV/2026/04/000056
[2026/4/15 下午7:23:48] 🔧 自動修正了 0 筆儲值金記錄
[2026/4/15 下午7:23:51] 📱 Telegram 警報發送失敗
[2026/4/15 下午7:23:51] 🔍 GiveMe API 監控完成
[2026/4/15 下午7:53:58] 🔍 GiveMe API 監控開始
[2026/4/15 下午7:53:58] 🛡️ 防護機制狀態正常：腳本層 ✅ API層 ✅
[2026/4/15 下午7:53:58] ❌ 警告：發現 19 筆儲值金被誤開發票！
[2026/4/15 下午7:53:58]    - ID:3550 新莊中平店 $90397.00 → INV/2026/04/000064
[2026/4/15 下午7:53:58]    - ID:3549 三峽大同店 $108044.00 → INV/2026/04/000063
[2026/4/15 下午7:53:58]    - ID:3548 鶯歌鳳鳴店 $54518.00 → INV/2026/04/000062
[2026/4/15 下午7:53:58]    - ID:3547 桃園八德店 $25554.00 → INV/2026/04/000067
[2026/4/15 下午7:53:58]    - ID:3546 土城中央店 $74416.00 → INV/2026/04/000066
[2026/4/15 下午7:53:58]    - ID:3545 楊梅金山店 $55264.00 → INV/2026/04/000058
[2026/4/15 下午7:53:58]    - ID:3544 台南安南店 $54992.00 → INV/2026/04/000050
[2026/4/15 下午7:53:58]    - ID:3543 桃園小檜溪店 $22331.00 → INV/2026/04/000061
[2026/4/15 下午7:53:58]    - ID:3542 桃園南崁店 $11915.00 → INV/2026/04/000060
[2026/4/15 下午7:53:58]    - ID:3541 蘆洲集賢店 $33274.00 → INV/2026/04/000057
[2026/4/15 下午7:53:58]    - ID:3540 桃園中路縣府店 $23981.00 → INV/2026/04/000059
[2026/4/15 下午7:53:58]    - ID:3539 內湖東湖店 $50141.00 → INV/2026/04/000048
[2026/4/15 下午7:53:58]    - ID:3538 鳳山五甲店 $21893.00 → INV/2026/04/000049
[2026/4/15 下午7:53:58]    - ID:3537 高雄前鎮店 $31760.00 → INV/2026/04/000053
[2026/4/15 下午7:53:58]    - ID:3536 左營海軍店 $35346.00 → INV/2026/04/000052
[2026/4/15 下午7:53:58]    - ID:3535 桃園內壢店 $11310.00 → INV/2026/04/000068
[2026/4/15 下午7:53:58]    - ID:3534 花蓮中華店 $54724.00 → INV/2026/04/000055
[2026/4/15 下午7:53:58]    - ID:3533 台南善化店 $59068.00 → INV/2026/04/000051
[2026/4/15 下午7:53:58]    - ID:3532 員林中山店 $54303.00 → INV/2026/04/000056
[2026/4/15 下午7:53:58] 🔧 自動修正了 0 筆儲值金記錄
[2026/4/15 下午7:54:03] 📱 Telegram 警報發送失敗
[2026/4/15 下午7:54:03] 🔍 GiveMe API 監控完成
[2026/4/15 下午8:24:08] 🔍 GiveMe API 監控開始
[2026/4/15 下午8:24:08] 🛡️ 防護機制狀態正常：腳本層 ✅ API層 ✅
[2026/4/15 下午8:24:08] ❌ 警告：發現 19 筆儲值金被誤開發票！
[2026/4/15 下午8:24:08]    - ID:3550 新莊中平店 $90397.00 → INV/2026/04/000064
[2026/4/15 下午8:24:08]    - ID:3549 三峽大同店 $108044.00 → INV/2026/04/000063
[2026/4/15 下午8:24:08]    - ID:3548 鶯歌鳳鳴店 $54518.00 → INV/2026/04/000062
[2026/4/15 下午8:24:08]    - ID:3547 桃園八德店 $25554.00 → INV/2026/04/000067
[2026/4/15 下午8:24:08]    - ID:3546 土城中央店 $74416.00 → INV/2026/04/000066
[2026/4/15 下午8:24:08]    - ID:3545 楊梅金山店 $55264.00 → INV/2026/04/000058
[2026/4/15 下午8:24:08]    - ID:3544 台南安南店 $54992.00 → INV/2026/04/000050
[2026/4/15 下午8:24:08]    - ID:3543 桃園小檜溪店 $22331.00 → INV/2026/04/000061
[2026/4/15 下午8:24:08]    - ID:3542 桃園南崁店 $11915.00 → INV/2026/04/000060
[2026/4/15 下午8:24:08]    - ID:3541 蘆洲集賢店 $33274.00 → INV/2026/04/000057
[2026/4/15 下午8:24:08]    - ID:3540 桃園中路縣府店 $23981.00 → INV/2026/04/000059
[2026/4/15 下午8:24:08]    - ID:3539 內湖東湖店 $50141.00 → INV/2026/04/000048
[2026/4/15 下午8:24:08]    - ID:3538 鳳山五甲店 $21893.00 → INV/2026/04/000049
[2026/4/15 下午8:24:08]    - ID:3537 高雄前鎮店 $31760.00 → INV/2026/04/000053
[2026/4/15 下午8:24:08]    - ID:3536 左營海軍店 $35346.00 → INV/2026/04/000052
[2026/4/15 下午8:24:08]    - ID:3535 桃園內壢店 $11310.00 → INV/2026/04/000068
[2026/4/15 下午8:24:08]    - ID:3534 花蓮中華店 $54724.00 → INV/2026/04/000055
[2026/4/15 下午8:24:08]    - ID:3533 台南善化店 $59068.00 → INV/2026/04/000051
[2026/4/15 下午8:24:08]    - ID:3532 員林中山店 $54303.00 → INV/2026/04/000056
[2026/4/15 下午8:24:08] 🔧 自動修正了 0 筆儲值金記錄
[2026/4/15 下午8:24:19] 📱 Telegram 警報發送失敗
[2026/4/15 下午8:24:19] 🔍 GiveMe API 監控完成
[2026/4/15 下午8:54:19] 🔍 GiveMe API 監控開始
[2026/4/15 下午8:54:19] 🛡️ 防護機制狀態正常：腳本層 ✅ API層 ✅
[2026/4/15 下午8:54:19] ❌ 警告：發現 19 筆儲值金被誤開發票！
[2026/4/15 下午8:54:19]    - ID:3550 新莊中平店 $90397.00 → INV/2026/04/000064
[2026/4/15 下午8:54:19]    - ID:3549 三峽大同店 $108044.00 → INV/2026/04/000063
[2026/4/15 下午8:54:19]    - ID:3548 鶯歌鳳鳴店 $54518.00 → INV/2026/04/000062
[2026/4/15 下午8:54:19]    - ID:3547 桃園八德店 $25554.00 → INV/2026/04/000067
[2026/4/15 下午8:54:19]    - ID:3546 土城中央店 $74416.00 → INV/2026/04/000066
[2026/4/15 下午8:54:19]    - ID:3545 楊梅金山店 $55264.00 → INV/2026/04/000058
[2026/4/15 下午8:54:19]    - ID:3544 台南安南店 $54992.00 → INV/2026/04/000050
[2026/4/15 下午8:54:19]    - ID:3543 桃園小檜溪店 $22331.00 → INV/2026/04/000061
[2026/4/15 下午8:54:19]    - ID:3542 桃園南崁店 $11915.00 → INV/2026/04/000060
[2026/4/15 下午8:54:19]    - ID:3541 蘆洲集賢店 $33274.00 → INV/2026/04/000057
[2026/4/15 下午8:54:19]    - ID:3540 桃園中路縣府店 $23981.00 → INV/2026/04/000059
[2026/4/15 下午8:54:19]    - ID:3539 內湖東湖店 $50141.00 → INV/2026/04/000048
[2026/4/15 下午8:54:19]    - ID:3538 鳳山五甲店 $21893.00 → INV/2026/04/000049
[2026/4/15 下午8:54:19]    - ID:3537 高雄前鎮店 $31760.00 → INV/2026/04/000053
[2026/4/15 下午8:54:19]    - ID:3536 左營海軍店 $35346.00 → INV/2026/04/000052
[2026/4/15 下午8:54:19]    - ID:3535 桃園內壢店 $11310.00 → INV/2026/04/000068
[2026/4/15 下午8:54:19]    - ID:3534 花蓮中華店 $54724.00 → INV/2026/04/000055
[2026/4/15 下午8:54:19]    - ID:3533 台南善化店 $59068.00 → INV/2026/04/000051
[2026/4/15 下午8:54:19]    - ID:3532 員林中山店 $54303.00 → INV/2026/04/000056
[2026/4/15 下午8:54:19] 🔧 自動修正了 0 筆儲值金記錄
[2026/4/15 下午8:54:24] 📱 Telegram 警報發送失敗
[2026/4/15 下午8:54:24] 🔍 GiveMe API 監控完成
[2026/4/15 下午9:24:29] 🔍 GiveMe API 監控開始
[2026/4/15 下午9:24:29] 🛡️ 防護機制狀態正常：腳本層 ✅ API層 ✅
[2026/4/15 下午9:24:29] ❌ 警告：發現 19 筆儲值金被誤開發票！
[2026/4/15 下午9:24:29]    - ID:3550 新莊中平店 $90397.00 → INV/2026/04/000064
[2026/4/15 下午9:24:29]    - ID:3549 三峽大同店 $108044.00 → INV/2026/04/000063
[2026/4/15 下午9:24:29]    - ID:3548 鶯歌鳳鳴店 $54518.00 → INV/2026/04/000062
[2026/4/15 下午9:24:29]    - ID:3547 桃園八德店 $25554.00 → INV/2026/04/000067
[2026/4/15 下午9:24:29]    - ID:3546 土城中央店 $74416.00 → INV/2026/04/000066
[2026/4/15 下午9:24:29]    - ID:3545 楊梅金山店 $55264.00 → INV/2026/04/000058
[2026/4/15 下午9:24:29]    - ID:3544 台南安南店 $54992.00 → INV/2026/04/000050
[2026/4/15 下午9:24:29]    - ID:3543 桃園小檜溪店 $22331.00 → INV/2026/04/000061
[2026/4/15 下午9:24:29]    - ID:3542 桃園南崁店 $11915.00 → INV/2026/04/000060
[2026/4/15 下午9:24:29]    - ID:3541 蘆洲集賢店 $33274.00 → INV/2026/04/000057
[2026/4/15 下午9:24:29]    - ID:3540 桃園中路縣府店 $23981.00 → INV/2026/04/000059
[2026/4/15 下午9:24:29]    - ID:3539 內湖東湖店 $50141.00 → INV/2026/04/000048
[2026/4/15 下午9:24:29]    - ID:3538 鳳山五甲店 $21893.00 → INV/2026/04/000049
[2026/4/15 下午9:24:29]    - ID:3537 高雄前鎮店 $31760.00 → INV/2026/04/000053
[2026/4/15 下午9:24:29]    - ID:3536 左營海軍店 $35346.00 → INV/2026/04/000052
[2026/4/15 下午9:24:29]    - ID:3535 桃園內壢店 $11310.00 → INV/2026/04/000068
[2026/4/15 下午9:24:29]    - ID:3534 花蓮中華店 $54724.00 → INV/2026/04/000055
[2026/4/15 下午9:24:29]    - ID:3533 台南善化店 $59068.00 → INV/2026/04/000051
[2026/4/15 下午9:24:29]    - ID:3532 員林中山店 $54303.00 → INV/2026/04/000056
[2026/4/15 下午9:24:29] 🔧 自動修正了 0 筆儲值金記錄
[2026/4/15 下午9:24:35] 📱 Telegram 警報發送失敗
[2026/4/15 下午9:24:35] 🔍 GiveMe API 監控完成
[2026/4/15 下午9:54:39] 🔍 GiveMe API 監控開始
[2026/4/15 下午9:54:39] 🛡️ 防護機制狀態正常：腳本層 ✅ API層 ✅
[2026/4/15 下午9:54:39] ❌ 警告：發現 19 筆儲值金被誤開發票！
[2026/4/15 下午9:54:39]    - ID:3550 新莊中平店 $90397.00 → INV/2026/04/000064
[2026/4/15 下午9:54:39]    - ID:3549 三峽大同店 $108044.00 → INV/2026/04/000063
[2026/4/15 下午9:54:39]    - ID:3548 鶯歌鳳鳴店 $54518.00 → INV/2026/04/000062
[2026/4/15 下午9:54:39]    - ID:3547 桃園八德店 $25554.00 → INV/2026/04/000067
[2026/4/15 下午9:54:39]    - ID:3546 土城中央店 $74416.00 → INV/2026/04/000066
[2026/4/15 下午9:54:39]    - ID:3545 楊梅金山店 $55264.00 → INV/2026/04/000058
[2026/4/15 下午9:54:39]    - ID:3544 台南安南店 $54992.00 → INV/2026/04/000050
[2026/4/15 下午9:54:39]    - ID:3543 桃園小檜溪店 $22331.00 → INV/2026/04/000061
[2026/4/15 下午9:54:39]    - ID:3542 桃園南崁店 $11915.00 → INV/2026/04/000060
[2026/4/15 下午9:54:39]    - ID:3541 蘆洲集賢店 $33274.00 → INV/2026/04/000057
[2026/4/15 下午9:54:39]    - ID:3540 桃園中路縣府店 $23981.00 → INV/2026/04/000059
[2026/4/15 下午9:54:39]    - ID:3539 內湖東湖店 $50141.00 → INV/2026/04/000048
[2026/4/15 下午9:54:39]    - ID:3538 鳳山五甲店 $21893.00 → INV/2026/04/000049
[2026/4/15 下午9:54:39]    - ID:3537 高雄前鎮店 $31760.00 → INV/2026/04/000053
[2026/4/15 下午9:54:39]    - ID:3536 左營海軍店 $35346.00 → INV/2026/04/000052
[2026/4/15 下午9:54:39]    - ID:3535 桃園內壢店 $11310.00 → INV/2026/04/000068
[2026/4/15 下午9:54:39]    - ID:3534 花蓮中華店 $54724.00 → INV/2026/04/000055
[2026/4/15 下午9:54:39]    - ID:3533 台南善化店 $59068.00 → INV/2026/04/000051
[2026/4/15 下午9:54:39]    - ID:3532 員林中山店 $54303.00 → INV/2026/04/000056
[2026/4/15 下午9:54:39] 🔧 自動修正了 0 筆儲值金記錄
[2026/4/15 下午9:54:42] 📱 Telegram 警報發送失敗
[2026/4/15 下午9:54:42] 🔍 GiveMe API 監控完成
[2026/4/15 下午10:24:49] 🔍 GiveMe API 監控開始
[2026/4/15 下午10:24:49] 🛡️ 防護機制狀態正常：腳本層 ✅ API層 ✅
[2026/4/15 下午10:24:49] ❌ 警告：發現 19 筆儲值金被誤開發票！
[2026/4/15 下午10:24:49]    - ID:3550 新莊中平店 $90397.00 → INV/2026/04/000064
[2026/4/15 下午10:24:49]    - ID:3549 三峽大同店 $108044.00 → INV/2026/04/000063
[2026/4/15 下午10:24:49]    - ID:3548 鶯歌鳳鳴店 $54518.00 → INV/2026/04/000062
[2026/4/15 下午10:24:49]    - ID:3547 桃園八德店 $25554.00 → INV/2026/04/000067
[2026/4/15 下午10:24:49]    - ID:3546 土城中央店 $74416.00 → INV/2026/04/000066
[2026/4/15 下午10:24:49]    - ID:3545 楊梅金山店 $55264.00 → INV/2026/04/000058
[2026/4/15 下午10:24:49]    - ID:3544 台南安南店 $54992.00 → INV/2026/04/000050
[2026/4/15 下午10:24:49]    - ID:3543 桃園小檜溪店 $22331.00 → INV/2026/04/000061
[2026/4/15 下午10:24:49]    - ID:3542 桃園南崁店 $11915.00 → INV/2026/04/000060
[2026/4/15 下午10:24:49]    - ID:3541 蘆洲集賢店 $33274.00 → INV/2026/04/000057
[2026/4/15 下午10:24:49]    - ID:3540 桃園中路縣府店 $23981.00 → INV/2026/04/000059
[2026/4/15 下午10:24:49]    - ID:3539 內湖東湖店 $50141.00 → INV/2026/04/000048
[2026/4/15 下午10:24:49]    - ID:3538 鳳山五甲店 $21893.00 → INV/2026/04/000049
[2026/4/15 下午10:24:49]    - ID:3537 高雄前鎮店 $31760.00 → INV/2026/04/000053
[2026/4/15 下午10:24:49]    - ID:3536 左營海軍店 $35346.00 → INV/2026/04/000052
[2026/4/15 下午10:24:49]    - ID:3535 桃園內壢店 $11310.00 → INV/2026/04/000068
[2026/4/15 下午10:24:49]    - ID:3534 花蓮中華店 $54724.00 → INV/2026/04/000055
[2026/4/15 下午10:24:49]    - ID:3533 台南善化店 $59068.00 → INV/2026/04/000051
[2026/4/15 下午10:24:49]    - ID:3532 員林中山店 $54303.00 → INV/2026/04/000056
[2026/4/15 下午10:24:49] 🔧 自動修正了 0 筆儲值金記錄
[2026/4/15 下午10:24:55] 📱 Telegram 警報發送失敗
[2026/4/15 下午10:24:55] 🔍 GiveMe API 監控完成
[2026/4/15 下午10:54:59] 🔍 GiveMe API 監控開始
[2026/4/15 下午10:54:59] 🛡️ 防護機制狀態正常：腳本層 ✅ API層 ✅
[2026/4/15 下午10:54:59] ❌ 警告：發現 19 筆儲值金被誤開發票！
[2026/4/15 下午10:54:59]    - ID:3550 新莊中平店 $90397.00 → INV/2026/04/000064
[2026/4/15 下午10:54:59]    - ID:3549 三峽大同店 $108044.00 → INV/2026/04/000063
[2026/4/15 下午10:54:59]    - ID:3548 鶯歌鳳鳴店 $54518.00 → INV/2026/04/000062
[2026/4/15 下午10:54:59]    - ID:3547 桃園八德店 $25554.00 → INV/2026/04/000067
[2026/4/15 下午10:54:59]    - ID:3546 土城中央店 $74416.00 → INV/2026/04/000066
[2026/4/15 下午10:54:59]    - ID:3545 楊梅金山店 $55264.00 → INV/2026/04/000058
[2026/4/15 下午10:54:59]    - ID:3544 台南安南店 $54992.00 → INV/2026/04/000050
[2026/4/15 下午10:54:59]    - ID:3543 桃園小檜溪店 $22331.00 → INV/2026/04/000061
[2026/4/15 下午10:54:59]    - ID:3542 桃園南崁店 $11915.00 → INV/2026/04/000060
[2026/4/15 下午10:54:59]    - ID:3541 蘆洲集賢店 $33274.00 → INV/2026/04/000057
[2026/4/15 下午10:54:59]    - ID:3540 桃園中路縣府店 $23981.00 → INV/2026/04/000059
[2026/4/15 下午10:54:59]    - ID:3539 內湖東湖店 $50141.00 → INV/2026/04/000048
[2026/4/15 下午10:54:59]    - ID:3538 鳳山五甲店 $21893.00 → INV/2026/04/000049
[2026/4/15 下午10:54:59]    - ID:3537 高雄前鎮店 $31760.00 → INV/2026/04/000053
[2026/4/15 下午10:54:59]    - ID:3536 左營海軍店 $35346.00 → INV/2026/04/000052
[2026/4/15 下午10:54:59]    - ID:3535 桃園內壢店 $11310.00 → INV/2026/04/000068
[2026/4/15 下午10:54:59]    - ID:3534 花蓮中華店 $54724.00 → INV/2026/04/000055
[2026/4/15 下午10:54:59]    - ID:3533 台南善化店 $59068.00 → INV/2026/04/000051
[2026/4/15 下午10:54:59]    - ID:3532 員林中山店 $54303.00 → INV/2026/04/000056
[2026/4/15 下午10:54:59] 🔧 自動修正了 0 筆儲值金記錄
[2026/4/15 下午10:55:04] 📱 Telegram 警報發送失敗
[2026/4/15 下午10:55:04] 🔍 GiveMe API 監控完成
[2026/4/15 下午11:25:10] 🔍 GiveMe API 監控開始
[2026/4/15 下午11:25:10] 🛡️ 防護機制狀態正常：腳本層 ✅ API層 ✅
[2026/4/15 下午11:25:10] ❌ 警告：發現 19 筆儲值金被誤開發票！
[2026/4/15 下午11:25:10]    - ID:3550 新莊中平店 $90397.00 → INV/2026/04/000064
[2026/4/15 下午11:25:10]    - ID:3549 三峽大同店 $108044.00 → INV/2026/04/000063
[2026/4/15 下午11:25:10]    - ID:3548 鶯歌鳳鳴店 $54518.00 → INV/2026/04/000062
[2026/4/15 下午11:25:10]    - ID:3547 桃園八德店 $25554.00 → INV/2026/04/000067
[2026/4/15 下午11:25:10]    - ID:3546 土城中央店 $74416.00 → INV/2026/04/000066
[2026/4/15 下午11:25:10]    - ID:3545 楊梅金山店 $55264.00 → INV/2026/04/000058
[2026/4/15 下午11:25:10]    - ID:3544 台南安南店 $54992.00 → INV/2026/04/000050
[2026/4/15 下午11:25:10]    - ID:3543 桃園小檜溪店 $22331.00 → INV/2026/04/000061
[2026/4/15 下午11:25:10]    - ID:3542 桃園南崁店 $11915.00 → INV/2026/04/000060
[2026/4/15 下午11:25:10]    - ID:3541 蘆洲集賢店 $33274.00 → INV/2026/04/000057
[2026/4/15 下午11:25:10]    - ID:3540 桃園中路縣府店 $23981.00 → INV/2026/04/000059
[2026/4/15 下午11:25:10]    - ID:3539 內湖東湖店 $50141.00 → INV/2026/04/000048
[2026/4/15 下午11:25:10]    - ID:3538 鳳山五甲店 $21893.00 → INV/2026/04/000049
[2026/4/15 下午11:25:10]    - ID:3537 高雄前鎮店 $31760.00 → INV/2026/04/000053
[2026/4/15 下午11:25:10]    - ID:3536 左營海軍店 $35346.00 → INV/2026/04/000052
[2026/4/15 下午11:25:10]    - ID:3535 桃園內壢店 $11310.00 → INV/2026/04/000068
[2026/4/15 下午11:25:10]    - ID:3534 花蓮中華店 $54724.00 → INV/2026/04/000055
[2026/4/15 下午11:25:10]    - ID:3533 台南善化店 $59068.00 → INV/2026/04/000051
[2026/4/15 下午11:25:10]    - ID:3532 員林中山店 $54303.00 → INV/2026/04/000056
[2026/4/15 下午11:25:10] 🔧 自動修正了 0 筆儲值金記錄
[2026/4/15 下午11:25:12] 📱 Telegram 警報發送失敗
[2026/4/15 下午11:25:12] 🔍 GiveMe API 監控完成
[2026/4/15 下午11:55:20] 🔍 GiveMe API 監控開始
[2026/4/15 下午11:55:20] 🛡️ 防護機制狀態正常：腳本層 ✅ API層 ✅
[2026/4/15 下午11:55:20] ❌ 警告：發現 19 筆儲值金被誤開發票！
[2026/4/15 下午11:55:20]    - ID:3550 新莊中平店 $90397.00 → INV/2026/04/000064
[2026/4/15 下午11:55:20]    - ID:3549 三峽大同店 $108044.00 → INV/2026/04/000063
[2026/4/15 下午11:55:20]    - ID:3548 鶯歌鳳鳴店 $54518.00 → INV/2026/04/000062
[2026/4/15 下午11:55:20]    - ID:3547 桃園八德店 $25554.00 → INV/2026/04/000067
[2026/4/15 下午11:55:20]    - ID:3546 土城中央店 $74416.00 → INV/2026/04/000066
[2026/4/15 下午11:55:20]    - ID:3545 楊梅金山店 $55264.00 → INV/2026/04/000058
[2026/4/15 下午11:55:20]    - ID:3544 台南安南店 $54992.00 → INV/2026/04/000050
[2026/4/15 下午11:55:20]    - ID:3543 桃園小檜溪店 $22331.00 → INV/2026/04/000061
[2026/4/15 下午11:55:20]    - ID:3542 桃園南崁店 $11915.00 → INV/2026/04/000060
[2026/4/15 下午11:55:20]    - ID:3541 蘆洲集賢店 $33274.00 → INV/2026/04/000057
[2026/4/15 下午11:55:20]    - ID:3540 桃園中路縣府店 $23981.00 → INV/2026/04/000059
[2026/4/15 下午11:55:20]    - ID:3539 內湖東湖店 $50141.00 → INV/2026/04/000048
[2026/4/15 下午11:55:20]    - ID:3538 鳳山五甲店 $21893.00 → INV/2026/04/000049
[2026/4/15 下午11:55:20]    - ID:3537 高雄前鎮店 $31760.00 → INV/2026/04/000053
[2026/4/15 下午11:55:20]    - ID:3536 左營海軍店 $35346.00 → INV/2026/04/000052
[2026/4/15 下午11:55:20]    - ID:3535 桃園內壢店 $11310.00 → INV/2026/04/000068
[2026/4/15 下午11:55:20]    - ID:3534 花蓮中華店 $54724.00 → INV/2026/04/000055
[2026/4/15 下午11:55:20]    - ID:3533 台南善化店 $59068.00 → INV/2026/04/000051
[2026/4/15 下午11:55:20]    - ID:3532 員林中山店 $54303.00 → INV/2026/04/000056
[2026/4/15 下午11:55:20] 🔧 自動修正了 0 筆儲值金記錄
[2026/4/15 下午11:55:23] 📱 Telegram 警報發送失敗
[2026/4/15 下午11:55:23] 🔍 GiveMe API 監控完成
[2026/4/16 上午12:25:30] 🔍 GiveMe API 監控開始
[2026/4/16 上午12:25:30] 🛡️ 防護機制狀態正常：腳本層 ✅ API層 ✅
[2026/4/16 上午12:25:30] ❌ 警告：發現 19 筆儲值金被誤開發票！
[2026/4/16 上午12:25:30]    - ID:3550 新莊中平店 $90397.00 → INV/2026/04/000064
[2026/4/16 上午12:25:30]    - ID:3549 三峽大同店 $108044.00 → INV/2026/04/000063
[2026/4/16 上午12:25:30]    - ID:3548 鶯歌鳳鳴店 $54518.00 → INV/2026/04/000062
[2026/4/16 上午12:25:30]    - ID:3547 桃園八德店 $25554.00 → INV/2026/04/000067
[2026/4/16 上午12:25:30]    - ID:3546 土城中央店 $74416.00 → INV/2026/04/000066
[2026/4/16 上午12:25:30]    - ID:3545 楊梅金山店 $55264.00 → INV/2026/04/000058
[2026/4/16 上午12:25:30]    - ID:3544 台南安南店 $54992.00 → INV/2026/04/000050
[2026/4/16 上午12:25:30]    - ID:3543 桃園小檜溪店 $22331.00 → INV/2026/04/000061
[2026/4/16 上午12:25:30]    - ID:3542 桃園南崁店 $11915.00 → INV/2026/04/000060
[2026/4/16 上午12:25:30]    - ID:3541 蘆洲集賢店 $33274.00 → INV/2026/04/000057
[2026/4/16 上午12:25:30]    - ID:3540 桃園中路縣府店 $23981.00 → INV/2026/04/000059
[2026/4/16 上午12:25:30]    - ID:3539 內湖東湖店 $50141.00 → INV/2026/04/000048
[2026/4/16 上午12:25:30]    - ID:3538 鳳山五甲店 $21893.00 → INV/2026/04/000049
[2026/4/16 上午12:25:30]    - ID:3537 高雄前鎮店 $31760.00 → INV/2026/04/000053
[2026/4/16 上午12:25:30]    - ID:3536 左營海軍店 $35346.00 → INV/2026/04/000052
[2026/4/16 上午12:25:30]    - ID:3535 桃園內壢店 $11310.00 → INV/2026/04/000068
[2026/4/16 上午12:25:30]    - ID:3534 花蓮中華店 $54724.00 → INV/2026/04/000055
[2026/4/16 上午12:25:30]    - ID:3533 台南善化店 $59068.00 → INV/2026/04/000051
[2026/4/16 上午12:25:30]    - ID:3532 員林中山店 $54303.00 → INV/2026/04/000056
[2026/4/16 上午12:25:30] 🔧 自動修正了 0 筆儲值金記錄
[2026/4/16 上午12:25:32] 📱 Telegram 警報發送失敗
[2026/4/16 上午12:25:32] 🔍 GiveMe API 監控完成
[2026/4/16 上午12:55:40] 🔍 GiveMe API 監控開始
[2026/4/16 上午12:55:40] 🛡️ 防護機制狀態正常：腳本層 ✅ API層 ✅
[2026/4/16 上午12:55:40] ❌ 警告：發現 19 筆儲值金被誤開發票！
[2026/4/16 上午12:55:40]    - ID:3550 新莊中平店 $90397.00 → INV/2026/04/000064
[2026/4/16 上午12:55:40]    - ID:3549 三峽大同店 $108044.00 → INV/2026/04/000063
[2026/4/16 上午12:55:40]    - ID:3548 鶯歌鳳鳴店 $54518.00 → INV/2026/04/000062
[2026/4/16 上午12:55:40]    - ID:3547 桃園八德店 $25554.00 → INV/2026/04/000067
[2026/4/16 上午12:55:40]    - ID:3546 土城中央店 $74416.00 → INV/2026/04/000066
[2026/4/16 上午12:55:40]    - ID:3545 楊梅金山店 $55264.00 → INV/2026/04/000058
[2026/4/16 上午12:55:40]    - ID:3544 台南安南店 $54992.00 → INV/2026/04/000050
[2026/4/16 上午12:55:40]    - ID:3543 桃園小檜溪店 $22331.00 → INV/2026/04/000061
[2026/4/16 上午12:55:40]    - ID:3542 桃園南崁店 $11915.00 → INV/2026/04/000060
[2026/4/16 上午12:55:40]    - ID:3541 蘆洲集賢店 $33274.00 → INV/2026/04/000057
[2026/4/16 上午12:55:40]    - ID:3540 桃園中路縣府店 $23981.00 → INV/2026/04/000059
[2026/4/16 上午12:55:40]    - ID:3539 內湖東湖店 $50141.00 → INV/2026/04/000048
[2026/4/16 上午12:55:40]    - ID:3538 鳳山五甲店 $21893.00 → INV/2026/04/000049
[2026/4/16 上午12:55:40]    - ID:3537 高雄前鎮店 $31760.00 → INV/2026/04/000053
[2026/4/16 上午12:55:40]    - ID:3536 左營海軍店 $35346.00 → INV/2026/04/000052
[2026/4/16 上午12:55:40]    - ID:3535 桃園內壢店 $11310.00 → INV/2026/04/000068
[2026/4/16 上午12:55:40]    - ID:3534 花蓮中華店 $54724.00 → INV/2026/04/000055
[2026/4/16 上午12:55:40]    - ID:3533 台南善化店 $59068.00 → INV/2026/04/000051
[2026/4/16 上午12:55:40]    - ID:3532 員林中山店 $54303.00 → INV/2026/04/000056
[2026/4/16 上午12:55:40] 🔧 自動修正了 0 筆儲值金記錄
[2026/4/16 上午12:55:43] 📱 Telegram 警報發送失敗
[2026/4/16 上午12:55:43] 🔍 GiveMe API 監控完成
[2026/4/16 上午1:25:50] 🔍 GiveMe API 監控開始
[2026/4/16 上午1:25:50] 🛡️ 防護機制狀態正常：腳本層 ✅ API層 ✅
[2026/4/16 上午1:25:50] ❌ 警告：發現 19 筆儲值金被誤開發票！
[2026/4/16 上午1:25:50]    - ID:3550 新莊中平店 $90397.00 → INV/2026/04/000064
[2026/4/16 上午1:25:50]    - ID:3549 三峽大同店 $108044.00 → INV/2026/04/000063
[2026/4/16 上午1:25:50]    - ID:3548 鶯歌鳳鳴店 $54518.00 → INV/2026/04/000062
[2026/4/16 上午1:25:50]    - ID:3547 桃園八德店 $25554.00 → INV/2026/04/000067
[2026/4/16 上午1:25:50]    - ID:3546 土城中央店 $74416.00 → INV/2026/04/000066
[2026/4/16 上午1:25:50]    - ID:3545 楊梅金山店 $55264.00 → INV/2026/04/000058
[2026/4/16 上午1:25:50]    - ID:3544 台南安南店 $54992.00 → INV/2026/04/000050
[2026/4/16 上午1:25:50]    - ID:3543 桃園小檜溪店 $22331.00 → INV/2026/04/000061
[2026/4/16 上午1:25:50]    - ID:3542 桃園南崁店 $11915.00 → INV/2026/04/000060
[2026/4/16 上午1:25:50]    - ID:3541 蘆洲集賢店 $33274.00 → INV/2026/04/000057
[2026/4/16 上午1:25:50]    - ID:3540 桃園中路縣府店 $23981.00 → INV/2026/04/000059
[2026/4/16 上午1:25:50]    - ID:3539 內湖東湖店 $50141.00 → INV/2026/04/000048
[2026/4/16 上午1:25:50]    - ID:3538 鳳山五甲店 $21893.00 → INV/2026/04/000049
[2026/4/16 上午1:25:50]    - ID:3537 高雄前鎮店 $31760.00 → INV/2026/04/000053
[2026/4/16 上午1:25:50]    - ID:3536 左營海軍店 $35346.00 → INV/2026/04/000052
[2026/4/16 上午1:25:50]    - ID:3535 桃園內壢店 $11310.00 → INV/2026/04/000068
[2026/4/16 上午1:25:50]    - ID:3534 花蓮中華店 $54724.00 → INV/2026/04/000055
[2026/4/16 上午1:25:50]    - ID:3533 台南善化店 $59068.00 → INV/2026/04/000051
[2026/4/16 上午1:25:50]    - ID:3532 員林中山店 $54303.00 → INV/2026/04/000056
[2026/4/16 上午1:25:50] 🔧 自動修正了 0 筆儲值金記錄
[2026/4/16 上午1:25:53] 📱 Telegram 警報發送失敗
[2026/4/16 上午1:25:53] 🔍 GiveMe API 監控完成
[2026/4/16 上午1:56:00] 🔍 GiveMe API 監控開始
[2026/4/16 上午1:56:01] 🛡️ 防護機制狀態正常：腳本層 ✅ API層 ✅
[2026/4/16 上午1:56:01] ❌ 警告：發現 19 筆儲值金被誤開發票！
[2026/4/16 上午1:56:01]    - ID:3550 新莊中平店 $90397.00 → INV/2026/04/000064
[2026/4/16 上午1:56:01]    - ID:3549 三峽大同店 $108044.00 → INV/2026/04/000063
[2026/4/16 上午1:56:01]    - ID:3548 鶯歌鳳鳴店 $54518.00 → INV/2026/04/000062
[2026/4/16 上午1:56:01]    - ID:3547 桃園八德店 $25554.00 → INV/2026/04/000067
[2026/4/16 上午1:56:01]    - ID:3546 土城中央店 $74416.00 → INV/2026/04/000066
[2026/4/16 上午1:56:01]    - ID:3545 楊梅金山店 $55264.00 → INV/2026/04/000058
[2026/4/16 上午1:56:01]    - ID:3544 台南安南店 $54992.00 → INV/2026/04/000050
[2026/4/16 上午1:56:01]    - ID:3543 桃園小檜溪店 $22331.00 → INV/2026/04/000061
[2026/4/16 上午1:56:01]    - ID:3542 桃園南崁店 $11915.00 → INV/2026/04/000060
[2026/4/16 上午1:56:01]    - ID:3541 蘆洲集賢店 $33274.00 → INV/2026/04/000057
[2026/4/16 上午1:56:01]    - ID:3540 桃園中路縣府店 $23981.00 → INV/2026/04/000059
[2026/4/16 上午1:56:01]    - ID:3539 內湖東湖店 $50141.00 → INV/2026/04/000048
[2026/4/16 上午1:56:01]    - ID:3538 鳳山五甲店 $21893.00 → INV/2026/04/000049
[2026/4/16 上午1:56:01]    - ID:3537 高雄前鎮店 $31760.00 → INV/2026/04/000053
[2026/4/16 上午1:56:01]    - ID:3536 左營海軍店 $35346.00 → INV/2026/04/000052
[2026/4/16 上午1:56:01]    - ID:3535 桃園內壢店 $11310.00 → INV/2026/04/000068
[2026/4/16 上午1:56:01]    - ID:3534 花蓮中華店 $54724.00 → INV/2026/04/000055
[2026/4/16 上午1:56:01]    - ID:3533 台南善化店 $59068.00 → INV/2026/04/000051
[2026/4/16 上午1:56:01]    - ID:3532 員林中山店 $54303.00 → INV/2026/04/000056
[2026/4/16 上午1:56:01] 🔧 自動修正了 0 筆儲值金記錄
[2026/4/16 上午1:56:03] 📱 Telegram 警報發送失敗
[2026/4/16 上午1:56:03] 🔍 GiveMe API 監控完成
[2026/4/16 上午2:26:11] 🔍 GiveMe API 監控開始
[2026/4/16 上午2:26:11] 🛡️ 防護機制狀態正常：腳本層 ✅ API層 ✅
[2026/4/16 上午2:26:11] ❌ 警告：發現 19 筆儲值金被誤開發票！
[2026/4/16 上午2:26:11]    - ID:3550 新莊中平店 $90397.00 → INV/2026/04/000064
[2026/4/16 上午2:26:11]    - ID:3549 三峽大同店 $108044.00 → INV/2026/04/000063
[2026/4/16 上午2:26:11]    - ID:3548 鶯歌鳳鳴店 $54518.00 → INV/2026/04/000062
[2026/4/16 上午2:26:11]    - ID:3547 桃園八德店 $25554.00 → INV/2026/04/000067
[2026/4/16 上午2:26:11]    - ID:3546 土城中央店 $74416.00 → INV/2026/04/000066
[2026/4/16 上午2:26:11]    - ID:3545 楊梅金山店 $55264.00 → INV/2026/04/000058
[2026/4/16 上午2:26:11]    - ID:3544 台南安南店 $54992.00 → INV/2026/04/000050
[2026/4/16 上午2:26:11]    - ID:3543 桃園小檜溪店 $22331.00 → INV/2026/04/000061
[2026/4/16 上午2:26:11]    - ID:3542 桃園南崁店 $11915.00 → INV/2026/04/000060
[2026/4/16 上午2:26:11]    - ID:3541 蘆洲集賢店 $33274.00 → INV/2026/04/000057
[2026/4/16 上午2:26:11]    - ID:3540 桃園中路縣府店 $23981.00 → INV/2026/04/000059
[2026/4/16 上午2:26:11]    - ID:3539 內湖東湖店 $50141.00 → INV/2026/04/000048
[2026/4/16 上午2:26:11]    - ID:3538 鳳山五甲店 $21893.00 → INV/2026/04/000049
[2026/4/16 上午2:26:11]    - ID:3537 高雄前鎮店 $31760.00 → INV/2026/04/000053
[2026/4/16 上午2:26:11]    - ID:3536 左營海軍店 $35346.00 → INV/2026/04/000052
[2026/4/16 上午2:26:11]    - ID:3535 桃園內壢店 $11310.00 → INV/2026/04/000068
[2026/4/16 上午2:26:11]    - ID:3534 花蓮中華店 $54724.00 → INV/2026/04/000055
[2026/4/16 上午2:26:11]    - ID:3533 台南善化店 $59068.00 → INV/2026/04/000051
[2026/4/16 上午2:26:11]    - ID:3532 員林中山店 $54303.00 → INV/2026/04/000056
[2026/4/16 上午2:26:11] 🔧 自動修正了 0 筆儲值金記錄
[2026/4/16 上午2:26:14] 📱 Telegram 警報發送失敗
[2026/4/16 上午2:26:14] 🔍 GiveMe API 監控完成
[2026/4/16 上午2:56:21] 🔍 GiveMe API 監控開始
[2026/4/16 上午2:56:21] 🛡️ 防護機制狀態正常：腳本層 ✅ API層 ✅
[2026/4/16 上午2:56:21] ❌ 警告：發現 19 筆儲值金被誤開發票！
[2026/4/16 上午2:56:21]    - ID:3550 新莊中平店 $90397.00 → INV/2026/04/000064
[2026/4/16 上午2:56:21]    - ID:3549 三峽大同店 $108044.00 → INV/2026/04/000063
[2026/4/16 上午2:56:21]    - ID:3548 鶯歌鳳鳴店 $54518.00 → INV/2026/04/000062
[2026/4/16 上午2:56:21]    - ID:3547 桃園八德店 $25554.00 → INV/2026/04/000067
[2026/4/16 上午2:56:21]    - ID:3546 土城中央店 $74416.00 → INV/2026/04/000066
[2026/4/16 上午2:56:21]    - ID:3545 楊梅金山店 $55264.00 → INV/2026/04/000058
[2026/4/16 上午2:56:21]    - ID:3544 台南安南店 $54992.00 → INV/2026/04/000050
[2026/4/16 上午2:56:21]    - ID:3543 桃園小檜溪店 $22331.00 → INV/2026/04/000061
[2026/4/16 上午2:56:21]    - ID:3542 桃園南崁店 $11915.00 → INV/2026/04/000060
[2026/4/16 上午2:56:21]    - ID:3541 蘆洲集賢店 $33274.00 → INV/2026/04/000057
[2026/4/16 上午2:56:21]    - ID:3540 桃園中路縣府店 $23981.00 → INV/2026/04/000059
[2026/4/16 上午2:56:21]    - ID:3539 內湖東湖店 $50141.00 → INV/2026/04/000048
[2026/4/16 上午2:56:21]    - ID:3538 鳳山五甲店 $21893.00 → INV/2026/04/000049
[2026/4/16 上午2:56:21]    - ID:3537 高雄前鎮店 $31760.00 → INV/2026/04/000053
[2026/4/16 上午2:56:21]    - ID:3536 左營海軍店 $35346.00 → INV/2026/04/000052
[2026/4/16 上午2:56:21]    - ID:3535 桃園內壢店 $11310.00 → INV/2026/04/000068
[2026/4/16 上午2:56:21]    - ID:3534 花蓮中華店 $54724.00 → INV/2026/04/000055
[2026/4/16 上午2:56:21]    - ID:3533 台南善化店 $59068.00 → INV/2026/04/000051
[2026/4/16 上午2:56:21]    - ID:3532 員林中山店 $54303.00 → INV/2026/04/000056
[2026/4/16 上午2:56:21] 🔧 自動修正了 0 筆儲值金記錄
[2026/4/16 上午2:56:23] 📱 Telegram 警報發送失敗
[2026/4/16 上午2:56:23] 🔍 GiveMe API 監控完成
[2026/4/16 上午3:26:31] 🔍 GiveMe API 監控開始
[2026/4/16 上午3:26:31] 🛡️ 防護機制狀態正常：腳本層 ✅ API層 ✅
[2026/4/16 上午3:26:31] ❌ 警告：發現 19 筆儲值金被誤開發票！
[2026/4/16 上午3:26:31]    - ID:3550 新莊中平店 $90397.00 → INV/2026/04/000064
[2026/4/16 上午3:26:31]    - ID:3549 三峽大同店 $108044.00 → INV/2026/04/000063
[2026/4/16 上午3:26:31]    - ID:3548 鶯歌鳳鳴店 $54518.00 → INV/2026/04/000062
[2026/4/16 上午3:26:31]    - ID:3547 桃園八德店 $25554.00 → INV/2026/04/000067
[2026/4/16 上午3:26:31]    - ID:3546 土城中央店 $74416.00 → INV/2026/04/000066
[2026/4/16 上午3:26:31]    - ID:3545 楊梅金山店 $55264.00 → INV/2026/04/000058
[2026/4/16 上午3:26:31]    - ID:3544 台南安南店 $54992.00 → INV/2026/04/000050
[2026/4/16 上午3:26:31]    - ID:3543 桃園小檜溪店 $22331.00 → INV/2026/04/000061
[2026/4/16 上午3:26:31]    - ID:3542 桃園南崁店 $11915.00 → INV/2026/04/000060
[2026/4/16 上午3:26:31]    - ID:3541 蘆洲集賢店 $33274.00 → INV/2026/04/000057
[2026/4/16 上午3:26:31]    - ID:3540 桃園中路縣府店 $23981.00 → INV/2026/04/000059
[2026/4/16 上午3:26:31]    - ID:3539 內湖東湖店 $50141.00 → INV/2026/04/000048
[2026/4/16 上午3:26:31]    - ID:3538 鳳山五甲店 $21893.00 → INV/2026/04/000049
[2026/4/16 上午3:26:31]    - ID:3537 高雄前鎮店 $31760.00 → INV/2026/04/000053
[2026/4/16 上午3:26:31]    - ID:3536 左營海軍店 $35346.00 → INV/2026/04/000052
[2026/4/16 上午3:26:31]    - ID:3535 桃園內壢店 $11310.00 → INV/2026/04/000068
[2026/4/16 上午3:26:31]    - ID:3534 花蓮中華店 $54724.00 → INV/2026/04/000055
[2026/4/16 上午3:26:31]    - ID:3533 台南善化店 $59068.00 → INV/2026/04/000051
[2026/4/16 上午3:26:31]    - ID:3532 員林中山店 $54303.00 → INV/2026/04/000056
[2026/4/16 上午3:26:31] 🔧 自動修正了 0 筆儲值金記錄
[2026/4/16 上午3:26:34] 📱 Telegram 警報發送失敗
[2026/4/16 上午3:26:34] 🔍 GiveMe API 監控完成
[2026/4/16 上午3:56:41] 🔍 GiveMe API 監控開始
[2026/4/16 上午3:56:41] 🛡️ 防護機制狀態正常：腳本層 ✅ API層 ✅
[2026/4/16 上午3:56:41] ❌ 警告：發現 19 筆儲值金被誤開發票！
[2026/4/16 上午3:56:41]    - ID:3550 新莊中平店 $90397.00 → INV/2026/04/000064
[2026/4/16 上午3:56:41]    - ID:3549 三峽大同店 $108044.00 → INV/2026/04/000063
[2026/4/16 上午3:56:41]    - ID:3548 鶯歌鳳鳴店 $54518.00 → INV/2026/04/000062
[2026/4/16 上午3:56:41]    - ID:3547 桃園八德店 $25554.00 → INV/2026/04/000067
[2026/4/16 上午3:56:41]    - ID:3546 土城中央店 $74416.00 → INV/2026/04/000066
[2026/4/16 上午3:56:41]    - ID:3545 楊梅金山店 $55264.00 → INV/2026/04/000058
[2026/4/16 上午3:56:41]    - ID:3544 台南安南店 $54992.00 → INV/2026/04/000050
[2026/4/16 上午3:56:41]    - ID:3543 桃園小檜溪店 $22331.00 → INV/2026/04/000061
[2026/4/16 上午3:56:41]    - ID:3542 桃園南崁店 $11915.00 → INV/2026/04/000060
[2026/4/16 上午3:56:41]    - ID:3541 蘆洲集賢店 $33274.00 → INV/2026/04/000057
[2026/4/16 上午3:56:41]    - ID:3540 桃園中路縣府店 $23981.00 → INV/2026/04/000059
[2026/4/16 上午3:56:41]    - ID:3539 內湖東湖店 $50141.00 → INV/2026/04/000048
[2026/4/16 上午3:56:41]    - ID:3538 鳳山五甲店 $21893.00 → INV/2026/04/000049
[2026/4/16 上午3:56:41]    - ID:3537 高雄前鎮店 $31760.00 → INV/2026/04/000053
[2026/4/16 上午3:56:41]    - ID:3536 左營海軍店 $35346.00 → INV/2026/04/000052
[2026/4/16 上午3:56:41]    - ID:3535 桃園內壢店 $11310.00 → INV/2026/04/000068
[2026/4/16 上午3:56:41]    - ID:3534 花蓮中華店 $54724.00 → INV/2026/04/000055
[2026/4/16 上午3:56:41]    - ID:3533 台南善化店 $59068.00 → INV/2026/04/000051
[2026/4/16 上午3:56:41]    - ID:3532 員林中山店 $54303.00 → INV/2026/04/000056
[2026/4/16 上午3:56:41] 🔧 自動修正了 0 筆儲值金記錄
[2026/4/16 上午3:56:44] 📱 Telegram 警報發送失敗
[2026/4/16 上午3:56:44] 🔍 GiveMe API 監控完成
[2026/4/16 上午4:26:51] 🔍 GiveMe API 監控開始
[2026/4/16 上午4:26:51] 🛡️ 防護機制狀態正常：腳本層 ✅ API層 ✅
[2026/4/16 上午4:26:51] ❌ 警告：發現 19 筆儲值金被誤開發票！
[2026/4/16 上午4:26:51]    - ID:3550 新莊中平店 $90397.00 → INV/2026/04/000064
[2026/4/16 上午4:26:51]    - ID:3549 三峽大同店 $108044.00 → INV/2026/04/000063
[2026/4/16 上午4:26:51]    - ID:3548 鶯歌鳳鳴店 $54518.00 → INV/2026/04/000062
[2026/4/16 上午4:26:51]    - ID:3547 桃園八德店 $25554.00 → INV/2026/04/000067
[2026/4/16 上午4:26:51]    - ID:3546 土城中央店 $74416.00 → INV/2026/04/000066
[2026/4/16 上午4:26:51]    - ID:3545 楊梅金山店 $55264.00 → INV/2026/04/000058
[2026/4/16 上午4:26:51]    - ID:3544 台南安南店 $54992.00 → INV/2026/04/000050
[2026/4/16 上午4:26:51]    - ID:3543 桃園小檜溪店 $22331.00 → INV/2026/04/000061
[2026/4/16 上午4:26:51]    - ID:3542 桃園南崁店 $11915.00 → INV/2026/04/000060
[2026/4/16 上午4:26:51]    - ID:3541 蘆洲集賢店 $33274.00 → INV/2026/04/000057
[2026/4/16 上午4:26:51]    - ID:3540 桃園中路縣府店 $23981.00 → INV/2026/04/000059
[2026/4/16 上午4:26:51]    - ID:3539 內湖東湖店 $50141.00 → INV/2026/04/000048
[2026/4/16 上午4:26:51]    - ID:3538 鳳山五甲店 $21893.00 → INV/2026/04/000049
[2026/4/16 上午4:26:51]    - ID:3537 高雄前鎮店 $31760.00 → INV/2026/04/000053
[2026/4/16 上午4:26:51]    - ID:3536 左營海軍店 $35346.00 → INV/2026/04/000052
[2026/4/16 上午4:26:51]    - ID:3535 桃園內壢店 $11310.00 → INV/2026/04/000068
[2026/4/16 上午4:26:51]    - ID:3534 花蓮中華店 $54724.00 → INV/2026/04/000055
[2026/4/16 上午4:26:51]    - ID:3533 台南善化店 $59068.00 → INV/2026/04/000051
[2026/4/16 上午4:26:51]    - ID:3532 員林中山店 $54303.00 → INV/2026/04/000056
[2026/4/16 上午4:26:51] 🔧 自動修正了 0 筆儲值金記錄
[2026/4/16 上午4:26:54] 📱 Telegram 警報發送失敗
[2026/4/16 上午4:26:54] 🔍 GiveMe API 監控完成
[2026/4/16 上午4:57:02] 🔍 GiveMe API 監控開始
[2026/4/16 上午4:57:02] 🛡️ 防護機制狀態正常：腳本層 ✅ API層 ✅
[2026/4/16 上午4:57:02] ❌ 警告：發現 19 筆儲值金被誤開發票！
[2026/4/16 上午4:57:02]    - ID:3550 新莊中平店 $90397.00 → INV/2026/04/000064
[2026/4/16 上午4:57:02]    - ID:3549 三峽大同店 $108044.00 → INV/2026/04/000063
[2026/4/16 上午4:57:02]    - ID:3548 鶯歌鳳鳴店 $54518.00 → INV/2026/04/000062
[2026/4/16 上午4:57:02]    - ID:3547 桃園八德店 $25554.00 → INV/2026/04/000067
[2026/4/16 上午4:57:02]    - ID:3546 土城中央店 $74416.00 → INV/2026/04/000066
[2026/4/16 上午4:57:02]    - ID:3545 楊梅金山店 $55264.00 → INV/2026/04/000058
[2026/4/16 上午4:57:02]    - ID:3544 台南安南店 $54992.00 → INV/2026/04/000050
[2026/4/16 上午4:57:02]    - ID:3543 桃園小檜溪店 $22331.00 → INV/2026/04/000061
[2026/4/16 上午4:57:02]    - ID:3542 桃園南崁店 $11915.00 → INV/2026/04/000060
[2026/4/16 上午4:57:02]    - ID:3541 蘆洲集賢店 $33274.00 → INV/2026/04/000057
[2026/4/16 上午4:57:02]    - ID:3540 桃園中路縣府店 $23981.00 → INV/2026/04/000059
[2026/4/16 上午4:57:02]    - ID:3539 內湖東湖店 $50141.00 → INV/2026/04/000048
[2026/4/16 上午4:57:02]    - ID:3538 鳳山五甲店 $21893.00 → INV/2026/04/000049
[2026/4/16 上午4:57:02]    - ID:3537 高雄前鎮店 $31760.00 → INV/2026/04/000053
[2026/4/16 上午4:57:02]    - ID:3536 左營海軍店 $35346.00 → INV/2026/04/000052
[2026/4/16 上午4:57:02]    - ID:3535 桃園內壢店 $11310.00 → INV/2026/04/000068
[2026/4/16 上午4:57:02]    - ID:3534 花蓮中華店 $54724.00 → INV/2026/04/000055
[2026/4/16 上午4:57:02]    - ID:3533 台南善化店 $59068.00 → INV/2026/04/000051
[2026/4/16 上午4:57:02]    - ID:3532 員林中山店 $54303.00 → INV/2026/04/000056
[2026/4/16 上午4:57:02] 🔧 自動修正了 0 筆儲值金記錄
[2026/4/16 上午4:57:04] 📱 Telegram 警報發送失敗
[2026/4/16 上午4:57:04] 🔍 GiveMe API 監控完成
[2026/4/16 上午5:27:12] 🔍 GiveMe API 監控開始
[2026/4/16 上午5:27:12] 🛡️ 防護機制狀態正常：腳本層 ✅ API層 ✅
[2026/4/16 上午5:27:12] ❌ 警告：發現 19 筆儲值金被誤開發票！
[2026/4/16 上午5:27:12]    - ID:3550 新莊中平店 $90397.00 → INV/2026/04/000064
[2026/4/16 上午5:27:12]    - ID:3549 三峽大同店 $108044.00 → INV/2026/04/000063
[2026/4/16 上午5:27:12]    - ID:3548 鶯歌鳳鳴店 $54518.00 → INV/2026/04/000062
[2026/4/16 上午5:27:12]    - ID:3547 桃園八德店 $25554.00 → INV/2026/04/000067
[2026/4/16 上午5:27:12]    - ID:3546 土城中央店 $74416.00 → INV/2026/04/000066
[2026/4/16 上午5:27:12]    - ID:3545 楊梅金山店 $55264.00 → INV/2026/04/000058
[2026/4/16 上午5:27:12]    - ID:3544 台南安南店 $54992.00 → INV/2026/04/000050
[2026/4/16 上午5:27:12]    - ID:3543 桃園小檜溪店 $22331.00 → INV/2026/04/000061
[2026/4/16 上午5:27:12]    - ID:3542 桃園南崁店 $11915.00 → INV/2026/04/000060
[2026/4/16 上午5:27:12]    - ID:3541 蘆洲集賢店 $33274.00 → INV/2026/04/000057
[2026/4/16 上午5:27:12]    - ID:3540 桃園中路縣府店 $23981.00 → INV/2026/04/000059
[2026/4/16 上午5:27:12]    - ID:3539 內湖東湖店 $50141.00 → INV/2026/04/000048
[2026/4/16 上午5:27:12]    - ID:3538 鳳山五甲店 $21893.00 → INV/2026/04/000049
[2026/4/16 上午5:27:12]    - ID:3537 高雄前鎮店 $31760.00 → INV/2026/04/000053
[2026/4/16 上午5:27:12]    - ID:3536 左營海軍店 $35346.00 → INV/2026/04/000052
[2026/4/16 上午5:27:12]    - ID:3535 桃園內壢店 $11310.00 → INV/2026/04/000068
[2026/4/16 上午5:27:12]    - ID:3534 花蓮中華店 $54724.00 → INV/2026/04/000055
[2026/4/16 上午5:27:12]    - ID:3533 台南善化店 $59068.00 → INV/2026/04/000051
[2026/4/16 上午5:27:12]    - ID:3532 員林中山店 $54303.00 → INV/2026/04/000056
[2026/4/16 上午5:27:12] 🔧 自動修正了 0 筆儲值金記錄
[2026/4/16 上午5:27:14] 📱 Telegram 警報發送失敗
[2026/4/16 上午5:27:14] 🔍 GiveMe API 監控完成
[2026/4/16 上午5:57:22] 🔍 GiveMe API 監控開始
[2026/4/16 上午5:57:22] 🛡️ 防護機制狀態正常：腳本層 ✅ API層 ✅
[2026/4/16 上午5:57:22] ❌ 警告：發現 19 筆儲值金被誤開發票！
[2026/4/16 上午5:57:22]    - ID:3550 新莊中平店 $90397.00 → INV/2026/04/000064
[2026/4/16 上午5:57:22]    - ID:3549 三峽大同店 $108044.00 → INV/2026/04/000063
[2026/4/16 上午5:57:22]    - ID:3548 鶯歌鳳鳴店 $54518.00 → INV/2026/04/000062
[2026/4/16 上午5:57:22]    - ID:3547 桃園八德店 $25554.00 → INV/2026/04/000067
[2026/4/16 上午5:57:22]    - ID:3546 土城中央店 $74416.00 → INV/2026/04/000066
[2026/4/16 上午5:57:22]    - ID:3545 楊梅金山店 $55264.00 → INV/2026/04/000058
[2026/4/16 上午5:57:22]    - ID:3544 台南安南店 $54992.00 → INV/2026/04/000050
[2026/4/16 上午5:57:22]    - ID:3543 桃園小檜溪店 $22331.00 → INV/2026/04/000061
[2026/4/16 上午5:57:22]    - ID:3542 桃園南崁店 $11915.00 → INV/2026/04/000060
[2026/4/16 上午5:57:22]    - ID:3541 蘆洲集賢店 $33274.00 → INV/2026/04/000057
[2026/4/16 上午5:57:22]    - ID:3540 桃園中路縣府店 $23981.00 → INV/2026/04/000059
[2026/4/16 上午5:57:22]    - ID:3539 內湖東湖店 $50141.00 → INV/2026/04/000048
[2026/4/16 上午5:57:22]    - ID:3538 鳳山五甲店 $21893.00 → INV/2026/04/000049
[2026/4/16 上午5:57:22]    - ID:3537 高雄前鎮店 $31760.00 → INV/2026/04/000053
[2026/4/16 上午5:57:22]    - ID:3536 左營海軍店 $35346.00 → INV/2026/04/000052
[2026/4/16 上午5:57:22]    - ID:3535 桃園內壢店 $11310.00 → INV/2026/04/000068
[2026/4/16 上午5:57:22]    - ID:3534 花蓮中華店 $54724.00 → INV/2026/04/000055
[2026/4/16 上午5:57:22]    - ID:3533 台南善化店 $59068.00 → INV/2026/04/000051
[2026/4/16 上午5:57:22]    - ID:3532 員林中山店 $54303.00 → INV/2026/04/000056
[2026/4/16 上午5:57:22] 🔧 自動修正了 0 筆儲值金記錄
[2026/4/16 上午5:57:24] 📱 Telegram 警報發送失敗
[2026/4/16 上午5:57:24] 🔍 GiveMe API 監控完成
[2026/4/16 上午6:27:32] 🔍 GiveMe API 監控開始
[2026/4/16 上午6:27:32] 🛡️ 防護機制狀態正常：腳本層 ✅ API層 ✅
[2026/4/16 上午6:27:32] ❌ 警告：發現 19 筆儲值金被誤開發票！
[2026/4/16 上午6:27:32]    - ID:3550 新莊中平店 $90397.00 → INV/2026/04/000064
[2026/4/16 上午6:27:32]    - ID:3549 三峽大同店 $108044.00 → INV/2026/04/000063
[2026/4/16 上午6:27:32]    - ID:3548 鶯歌鳳鳴店 $54518.00 → INV/2026/04/000062
[2026/4/16 上午6:27:32]    - ID:3547 桃園八德店 $25554.00 → INV/2026/04/000067
[2026/4/16 上午6:27:32]    - ID:3546 土城中央店 $74416.00 → INV/2026/04/000066
[2026/4/16 上午6:27:32]    - ID:3545 楊梅金山店 $55264.00 → INV/2026/04/000058
[2026/4/16 上午6:27:32]    - ID:3544 台南安南店 $54992.00 → INV/2026/04/000050
[2026/4/16 上午6:27:32]    - ID:3543 桃園小檜溪店 $22331.00 → INV/2026/04/000061
[2026/4/16 上午6:27:32]    - ID:3542 桃園南崁店 $11915.00 → INV/2026/04/000060
[2026/4/16 上午6:27:32]    - ID:3541 蘆洲集賢店 $33274.00 → INV/2026/04/000057
[2026/4/16 上午6:27:32]    - ID:3540 桃園中路縣府店 $23981.00 → INV/2026/04/000059
[2026/4/16 上午6:27:32]    - ID:3539 內湖東湖店 $50141.00 → INV/2026/04/000048
[2026/4/16 上午6:27:32]    - ID:3538 鳳山五甲店 $21893.00 → INV/2026/04/000049
[2026/4/16 上午6:27:32]    - ID:3537 高雄前鎮店 $31760.00 → INV/2026/04/000053
[2026/4/16 上午6:27:32]    - ID:3536 左營海軍店 $35346.00 → INV/2026/04/000052
[2026/4/16 上午6:27:32]    - ID:3535 桃園內壢店 $11310.00 → INV/2026/04/000068
[2026/4/16 上午6:27:32]    - ID:3534 花蓮中華店 $54724.00 → INV/2026/04/000055
[2026/4/16 上午6:27:32]    - ID:3533 台南善化店 $59068.00 → INV/2026/04/000051
[2026/4/16 上午6:27:32]    - ID:3532 員林中山店 $54303.00 → INV/2026/04/000056
[2026/4/16 上午6:27:32] 🔧 自動修正了 0 筆儲值金記錄
[2026/4/16 上午6:27:35] 📱 Telegram 警報發送失敗
[2026/4/16 上午6:27:35] 🔍 GiveMe API 監控完成
[2026/4/16 上午6:57:42] 🔍 GiveMe API 監控開始
[2026/4/16 上午6:57:42] 🛡️ 防護機制狀態正常：腳本層 ✅ API層 ✅
[2026/4/16 上午6:57:42] ❌ 警告：發現 19 筆儲值金被誤開發票！
[2026/4/16 上午6:57:42]    - ID:3550 新莊中平店 $90397.00 → INV/2026/04/000064
[2026/4/16 上午6:57:42]    - ID:3549 三峽大同店 $108044.00 → INV/2026/04/000063
[2026/4/16 上午6:57:42]    - ID:3548 鶯歌鳳鳴店 $54518.00 → INV/2026/04/000062
[2026/4/16 上午6:57:42]    - ID:3547 桃園八德店 $25554.00 → INV/2026/04/000067
[2026/4/16 上午6:57:42]    - ID:3546 土城中央店 $74416.00 → INV/2026/04/000066
[2026/4/16 上午6:57:42]    - ID:3545 楊梅金山店 $55264.00 → INV/2026/04/000058
[2026/4/16 上午6:57:42]    - ID:3544 台南安南店 $54992.00 → INV/2026/04/000050
[2026/4/16 上午6:57:42]    - ID:3543 桃園小檜溪店 $22331.00 → INV/2026/04/000061
[2026/4/16 上午6:57:42]    - ID:3542 桃園南崁店 $11915.00 → INV/2026/04/000060
[2026/4/16 上午6:57:42]    - ID:3541 蘆洲集賢店 $33274.00 → INV/2026/04/000057
[2026/4/16 上午6:57:42]    - ID:3540 桃園中路縣府店 $23981.00 → INV/2026/04/000059
[2026/4/16 上午6:57:42]    - ID:3539 內湖東湖店 $50141.00 → INV/2026/04/000048
[2026/4/16 上午6:57:42]    - ID:3538 鳳山五甲店 $21893.00 → INV/2026/04/000049
[2026/4/16 上午6:57:42]    - ID:3537 高雄前鎮店 $31760.00 → INV/2026/04/000053
[2026/4/16 上午6:57:42]    - ID:3536 左營海軍店 $35346.00 → INV/2026/04/000052
[2026/4/16 上午6:57:42]    - ID:3535 桃園內壢店 $11310.00 → INV/2026/04/000068
[2026/4/16 上午6:57:42]    - ID:3534 花蓮中華店 $54724.00 → INV/2026/04/000055
[2026/4/16 上午6:57:42]    - ID:3533 台南善化店 $59068.00 → INV/2026/04/000051
[2026/4/16 上午6:57:42]    - ID:3532 員林中山店 $54303.00 → INV/2026/04/000056
[2026/4/16 上午6:57:42] 🔧 自動修正了 0 筆儲值金記錄
[2026/4/16 上午6:57:45] 📱 Telegram 警報發送失敗
[2026/4/16 上午6:57:45] 🔍 GiveMe API 監控完成
[2026/4/16 上午7:27:52] 🔍 GiveMe API 監控開始
[2026/4/16 上午7:27:52] 🛡️ 防護機制狀態正常：腳本層 ✅ API層 ✅
[2026/4/16 上午7:27:52] ❌ 警告：發現 19 筆儲值金被誤開發票！
[2026/4/16 上午7:27:52]    - ID:3550 新莊中平店 $90397.00 → INV/2026/04/000064
[2026/4/16 上午7:27:52]    - ID:3549 三峽大同店 $108044.00 → INV/2026/04/000063
[2026/4/16 上午7:27:52]    - ID:3548 鶯歌鳳鳴店 $54518.00 → INV/2026/04/000062
[2026/4/16 上午7:27:52]    - ID:3547 桃園八德店 $25554.00 → INV/2026/04/000067
[2026/4/16 上午7:27:52]    - ID:3546 土城中央店 $74416.00 → INV/2026/04/000066
[2026/4/16 上午7:27:52]    - ID:3545 楊梅金山店 $55264.00 → INV/2026/04/000058
[2026/4/16 上午7:27:52]    - ID:3544 台南安南店 $54992.00 → INV/2026/04/000050
[2026/4/16 上午7:27:52]    - ID:3543 桃園小檜溪店 $22331.00 → INV/2026/04/000061
[2026/4/16 上午7:27:52]    - ID:3542 桃園南崁店 $11915.00 → INV/2026/04/000060
[2026/4/16 上午7:27:52]    - ID:3541 蘆洲集賢店 $33274.00 → INV/2026/04/000057
[2026/4/16 上午7:27:52]    - ID:3540 桃園中路縣府店 $23981.00 → INV/2026/04/000059
[2026/4/16 上午7:27:52]    - ID:3539 內湖東湖店 $50141.00 → INV/2026/04/000048
[2026/4/16 上午7:27:52]    - ID:3538 鳳山五甲店 $21893.00 → INV/2026/04/000049
[2026/4/16 上午7:27:52]    - ID:3537 高雄前鎮店 $31760.00 → INV/2026/04/000053
[2026/4/16 上午7:27:52]    - ID:3536 左營海軍店 $35346.00 → INV/2026/04/000052
[2026/4/16 上午7:27:52]    - ID:3535 桃園內壢店 $11310.00 → INV/2026/04/000068
[2026/4/16 上午7:27:52]    - ID:3534 花蓮中華店 $54724.00 → INV/2026/04/000055
[2026/4/16 上午7:27:52]    - ID:3533 台南善化店 $59068.00 → INV/2026/04/000051
[2026/4/16 上午7:27:52]    - ID:3532 員林中山店 $54303.00 → INV/2026/04/000056
[2026/4/16 上午7:27:52] 🔧 自動修正了 0 筆儲值金記錄
[2026/4/16 上午7:27:55] 📱 Telegram 警報發送失敗
[2026/4/16 上午7:27:55] 🔍 GiveMe API 監控完成
[2026/4/16 上午7:58:03] 🔍 GiveMe API 監控開始
[2026/4/16 上午7:58:03] 🛡️ 防護機制狀態正常：腳本層 ✅ API層 ✅
[2026/4/16 上午7:58:03] ❌ 警告：發現 19 筆儲值金被誤開發票！
[2026/4/16 上午7:58:03]    - ID:3550 新莊中平店 $90397.00 → INV/2026/04/000064
[2026/4/16 上午7:58:03]    - ID:3549 三峽大同店 $108044.00 → INV/2026/04/000063
[2026/4/16 上午7:58:03]    - ID:3548 鶯歌鳳鳴店 $54518.00 → INV/2026/04/000062
[2026/4/16 上午7:58:03]    - ID:3547 桃園八德店 $25554.00 → INV/2026/04/000067
[2026/4/16 上午7:58:03]    - ID:3546 土城中央店 $74416.00 → INV/2026/04/000066
[2026/4/16 上午7:58:03]    - ID:3545 楊梅金山店 $55264.00 → INV/2026/04/000058
[2026/4/16 上午7:58:03]    - ID:3544 台南安南店 $54992.00 → INV/2026/04/000050
[2026/4/16 上午7:58:03]    - ID:3543 桃園小檜溪店 $22331.00 → INV/2026/04/000061
[2026/4/16 上午7:58:03]    - ID:3542 桃園南崁店 $11915.00 → INV/2026/04/000060
[2026/4/16 上午7:58:03]    - ID:3541 蘆洲集賢店 $33274.00 → INV/2026/04/000057
[2026/4/16 上午7:58:03]    - ID:3540 桃園中路縣府店 $23981.00 → INV/2026/04/000059
[2026/4/16 上午7:58:03]    - ID:3539 內湖東湖店 $50141.00 → INV/2026/04/000048
[2026/4/16 上午7:58:03]    - ID:3538 鳳山五甲店 $21893.00 → INV/2026/04/000049
[2026/4/16 上午7:58:03]    - ID:3537 高雄前鎮店 $31760.00 → INV/2026/04/000053
[2026/4/16 上午7:58:03]    - ID:3536 左營海軍店 $35346.00 → INV/2026/04/000052
[2026/4/16 上午7:58:03]    - ID:3535 桃園內壢店 $11310.00 → INV/2026/04/000068
[2026/4/16 上午7:58:03]    - ID:3534 花蓮中華店 $54724.00 → INV/2026/04/000055
[2026/4/16 上午7:58:03]    - ID:3533 台南善化店 $59068.00 → INV/2026/04/000051
[2026/4/16 上午7:58:03]    - ID:3532 員林中山店 $54303.00 → INV/2026/04/000056
[2026/4/16 上午7:58:03] 🔧 自動修正了 0 筆儲值金記錄
[2026/4/16 上午7:58:05] 📱 Telegram 警報發送失敗
[2026/4/16 上午7:58:05] 🔍 GiveMe API 監控完成
[2026/4/16 上午8:28:13] 🔍 GiveMe API 監控開始
[2026/4/16 上午8:28:13] 🛡️ 防護機制狀態正常：腳本層 ✅ API層 ✅
[2026/4/16 上午8:28:13] ❌ 警告：發現 19 筆儲值金被誤開發票！
[2026/4/16 上午8:28:13]    - ID:3550 新莊中平店 $90397.00 → INV/2026/04/000064
[2026/4/16 上午8:28:13]    - ID:3549 三峽大同店 $108044.00 → INV/2026/04/000063
[2026/4/16 上午8:28:13]    - ID:3548 鶯歌鳳鳴店 $54518.00 → INV/2026/04/000062
[2026/4/16 上午8:28:13]    - ID:3547 桃園八德店 $25554.00 → INV/2026/04/000067
[2026/4/16 上午8:28:13]    - ID:3546 土城中央店 $74416.00 → INV/2026/04/000066
[2026/4/16 上午8:28:13]    - ID:3545 楊梅金山店 $55264.00 → INV/2026/04/000058
[2026/4/16 上午8:28:13]    - ID:3544 台南安南店 $54992.00 → INV/2026/04/000050
[2026/4/16 上午8:28:13]    - ID:3543 桃園小檜溪店 $22331.00 → INV/2026/04/000061
[2026/4/16 上午8:28:13]    - ID:3542 桃園南崁店 $11915.00 → INV/2026/04/000060
[2026/4/16 上午8:28:13]    - ID:3541 蘆洲集賢店 $33274.00 → INV/2026/04/000057
[2026/4/16 上午8:28:13]    - ID:3540 桃園中路縣府店 $23981.00 → INV/2026/04/000059
[2026/4/16 上午8:28:13]    - ID:3539 內湖東湖店 $50141.00 → INV/2026/04/000048
[2026/4/16 上午8:28:13]    - ID:3538 鳳山五甲店 $21893.00 → INV/2026/04/000049
[2026/4/16 上午8:28:13]    - ID:3537 高雄前鎮店 $31760.00 → INV/2026/04/000053
[2026/4/16 上午8:28:13]    - ID:3536 左營海軍店 $35346.00 → INV/2026/04/000052
[2026/4/16 上午8:28:13]    - ID:3535 桃園內壢店 $11310.00 → INV/2026/04/000068
[2026/4/16 上午8:28:13]    - ID:3534 花蓮中華店 $54724.00 → INV/2026/04/000055
[2026/4/16 上午8:28:13]    - ID:3533 台南善化店 $59068.00 → INV/2026/04/000051
[2026/4/16 上午8:28:13]    - ID:3532 員林中山店 $54303.00 → INV/2026/04/000056
[2026/4/16 上午8:28:13] 🔧 自動修正了 0 筆儲值金記錄
[2026/4/16 上午8:28:15] 📱 Telegram 警報發送失敗
[2026/4/16 上午8:28:15] 🔍 GiveMe API 監控完成
[2026/4/16 上午8:58:23] 🔍 GiveMe API 監控開始
[2026/4/16 上午8:58:23] 🛡️ 防護機制狀態正常：腳本層 ✅ API層 ✅
[2026/4/16 上午8:58:23] ❌ 警告：發現 19 筆儲值金被誤開發票！
[2026/4/16 上午8:58:23]    - ID:3550 新莊中平店 $90397.00 → INV/2026/04/000064
[2026/4/16 上午8:58:23]    - ID:3549 三峽大同店 $108044.00 → INV/2026/04/000063
[2026/4/16 上午8:58:23]    - ID:3548 鶯歌鳳鳴店 $54518.00 → INV/2026/04/000062
[2026/4/16 上午8:58:23]    - ID:3547 桃園八德店 $25554.00 → INV/2026/04/000067
[2026/4/16 上午8:58:23]    - ID:3546 土城中央店 $74416.00 → INV/2026/04/000066
[2026/4/16 上午8:58:23]    - ID:3545 楊梅金山店 $55264.00 → INV/2026/04/000058
[2026/4/16 上午8:58:23]    - ID:3544 台南安南店 $54992.00 → INV/2026/04/000050
[2026/4/16 上午8:58:23]    - ID:3543 桃園小檜溪店 $22331.00 → INV/2026/04/000061
[2026/4/16 上午8:58:23]    - ID:3542 桃園南崁店 $11915.00 → INV/2026/04/000060
[2026/4/16 上午8:58:23]    - ID:3541 蘆洲集賢店 $33274.00 → INV/2026/04/000057
[2026/4/16 上午8:58:23]    - ID:3540 桃園中路縣府店 $23981.00 → INV/2026/04/000059
[2026/4/16 上午8:58:23]    - ID:3539 內湖東湖店 $50141.00 → INV/2026/04/000048
[2026/4/16 上午8:58:23]    - ID:3538 鳳山五甲店 $21893.00 → INV/2026/04/000049
[2026/4/16 上午8:58:23]    - ID:3537 高雄前鎮店 $31760.00 → INV/2026/04/000053
[2026/4/16 上午8:58:23]    - ID:3536 左營海軍店 $35346.00 → INV/2026/04/000052
[2026/4/16 上午8:58:23]    - ID:3535 桃園內壢店 $11310.00 → INV/2026/04/000068
[2026/4/16 上午8:58:23]    - ID:3534 花蓮中華店 $54724.00 → INV/2026/04/000055
[2026/4/16 上午8:58:23]    - ID:3533 台南善化店 $59068.00 → INV/2026/04/000051
[2026/4/16 上午8:58:23]    - ID:3532 員林中山店 $54303.00 → INV/2026/04/000056
[2026/4/16 上午8:58:23] 🔧 自動修正了 0 筆儲值金記錄
[2026/4/16 上午8:58:26] 📱 Telegram 警報發送失敗
[2026/4/16 上午8:58:26] 🔍 GiveMe API 監控完成
[2026/4/16 上午9:28:33] 🔍 GiveMe API 監控開始
[2026/4/16 上午9:28:33] 🛡️ 防護機制狀態正常：腳本層 ✅ API層 ✅
[2026/4/16 上午9:28:33] ❌ 警告：發現 19 筆儲值金被誤開發票！
[2026/4/16 上午9:28:33]    - ID:3550 新莊中平店 $90397.00 → INV/2026/04/000064
[2026/4/16 上午9:28:33]    - ID:3549 三峽大同店 $108044.00 → INV/2026/04/000063
[2026/4/16 上午9:28:33]    - ID:3548 鶯歌鳳鳴店 $54518.00 → INV/2026/04/000062
[2026/4/16 上午9:28:33]    - ID:3547 桃園八德店 $25554.00 → INV/2026/04/000067
[2026/4/16 上午9:28:33]    - ID:3546 土城中央店 $74416.00 → INV/2026/04/000066
[2026/4/16 上午9:28:33]    - ID:3545 楊梅金山店 $55264.00 → INV/2026/04/000058
[2026/4/16 上午9:28:33]    - ID:3544 台南安南店 $54992.00 → INV/2026/04/000050
[2026/4/16 上午9:28:33]    - ID:3543 桃園小檜溪店 $22331.00 → INV/2026/04/000061
[2026/4/16 上午9:28:33]    - ID:3542 桃園南崁店 $11915.00 → INV/2026/04/000060
[2026/4/16 上午9:28:33]    - ID:3541 蘆洲集賢店 $33274.00 → INV/2026/04/000057
[2026/4/16 上午9:28:33]    - ID:3540 桃園中路縣府店 $23981.00 → INV/2026/04/000059
[2026/4/16 上午9:28:33]    - ID:3539 內湖東湖店 $50141.00 → INV/2026/04/000048
[2026/4/16 上午9:28:33]    - ID:3538 鳳山五甲店 $21893.00 → INV/2026/04/000049
[2026/4/16 上午9:28:33]    - ID:3537 高雄前鎮店 $31760.00 → INV/2026/04/000053
[2026/4/16 上午9:28:33]    - ID:3536 左營海軍店 $35346.00 → INV/2026/04/000052
[2026/4/16 上午9:28:33]    - ID:3535 桃園內壢店 $11310.00 → INV/2026/04/000068
[2026/4/16 上午9:28:33]    - ID:3534 花蓮中華店 $54724.00 → INV/2026/04/000055
[2026/4/16 上午9:28:33]    - ID:3533 台南善化店 $59068.00 → INV/2026/04/000051
[2026/4/16 上午9:28:33]    - ID:3532 員林中山店 $54303.00 → INV/2026/04/000056
[2026/4/16 上午9:28:33] 🔧 自動修正了 0 筆儲值金記錄
[2026/4/16 上午9:28:37] 📱 Telegram 警報發送失敗
[2026/4/16 上午9:28:37] 🔍 GiveMe API 監控完成
[2026/4/16 上午9:58:43] 🔍 GiveMe API 監控開始
[2026/4/16 上午9:58:43] 🛡️ 防護機制狀態正常：腳本層 ✅ API層 ✅
[2026/4/16 上午9:58:43] ❌ 警告：發現 19 筆儲值金被誤開發票！
[2026/4/16 上午9:58:43]    - ID:3550 新莊中平店 $90397.00 → INV/2026/04/000064
[2026/4/16 上午9:58:43]    - ID:3549 三峽大同店 $108044.00 → INV/2026/04/000063
[2026/4/16 上午9:58:43]    - ID:3548 鶯歌鳳鳴店 $54518.00 → INV/2026/04/000062
[2026/4/16 上午9:58:43]    - ID:3547 桃園八德店 $25554.00 → INV/2026/04/000067
[2026/4/16 上午9:58:43]    - ID:3546 土城中央店 $74416.00 → INV/2026/04/000066
[2026/4/16 上午9:58:43]    - ID:3545 楊梅金山店 $55264.00 → INV/2026/04/000058
[2026/4/16 上午9:58:43]    - ID:3544 台南安南店 $54992.00 → INV/2026/04/000050
[2026/4/16 上午9:58:43]    - ID:3543 桃園小檜溪店 $22331.00 → INV/2026/04/000061
[2026/4/16 上午9:58:43]    - ID:3542 桃園南崁店 $11915.00 → INV/2026/04/000060
[2026/4/16 上午9:58:43]    - ID:3541 蘆洲集賢店 $33274.00 → INV/2026/04/000057
[2026/4/16 上午9:58:43]    - ID:3540 桃園中路縣府店 $23981.00 → INV/2026/04/000059
[2026/4/16 上午9:58:43]    - ID:3539 內湖東湖店 $50141.00 → INV/2026/04/000048
[2026/4/16 上午9:58:43]    - ID:3538 鳳山五甲店 $21893.00 → INV/2026/04/000049
[2026/4/16 上午9:58:43]    - ID:3537 高雄前鎮店 $31760.00 → INV/2026/04/000053
[2026/4/16 上午9:58:43]    - ID:3536 左營海軍店 $35346.00 → INV/2026/04/000052
[2026/4/16 上午9:58:43]    - ID:3535 桃園內壢店 $11310.00 → INV/2026/04/000068
[2026/4/16 上午9:58:43]    - ID:3534 花蓮中華店 $54724.00 → INV/2026/04/000055
[2026/4/16 上午9:58:43]    - ID:3533 台南善化店 $59068.00 → INV/2026/04/000051
[2026/4/16 上午9:58:43]    - ID:3532 員林中山店 $54303.00 → INV/2026/04/000056
[2026/4/16 上午9:58:43] 🔧 自動修正了 0 筆儲值金記錄
[2026/4/16 上午9:58:46] 📱 Telegram 警報發送失敗
[2026/4/16 上午9:58:46] 🔍 GiveMe API 監控完成
[2026/4/16 上午10:28:53] 🔍 GiveMe API 監控開始
[2026/4/16 上午10:28:53] 🛡️ 防護機制狀態正常：腳本層 ✅ API層 ✅
[2026/4/16 上午10:28:54] ❌ 警告：發現 19 筆儲值金被誤開發票！
[2026/4/16 上午10:28:54]    - ID:3550 新莊中平店 $90397.00 → INV/2026/04/000064
[2026/4/16 上午10:28:54]    - ID:3549 三峽大同店 $108044.00 → INV/2026/04/000063
[2026/4/16 上午10:28:54]    - ID:3548 鶯歌鳳鳴店 $54518.00 → INV/2026/04/000062
[2026/4/16 上午10:28:54]    - ID:3547 桃園八德店 $25554.00 → INV/2026/04/000067
[2026/4/16 上午10:28:54]    - ID:3546 土城中央店 $74416.00 → INV/2026/04/000066
[2026/4/16 上午10:28:54]    - ID:3545 楊梅金山店 $55264.00 → INV/2026/04/000058
[2026/4/16 上午10:28:54]    - ID:3544 台南安南店 $54992.00 → INV/2026/04/000050
[2026/4/16 上午10:28:54]    - ID:3543 桃園小檜溪店 $22331.00 → INV/2026/04/000061
[2026/4/16 上午10:28:54]    - ID:3542 桃園南崁店 $11915.00 → INV/2026/04/000060
[2026/4/16 上午10:28:54]    - ID:3541 蘆洲集賢店 $33274.00 → INV/2026/04/000057
[2026/4/16 上午10:28:54]    - ID:3540 桃園中路縣府店 $23981.00 → INV/2026/04/000059
[2026/4/16 上午10:28:54]    - ID:3539 內湖東湖店 $50141.00 → INV/2026/04/000048
[2026/4/16 上午10:28:54]    - ID:3538 鳳山五甲店 $21893.00 → INV/2026/04/000049
[2026/4/16 上午10:28:54]    - ID:3537 高雄前鎮店 $31760.00 → INV/2026/04/000053
[2026/4/16 上午10:28:54]    - ID:3536 左營海軍店 $35346.00 → INV/2026/04/000052
[2026/4/16 上午10:28:54]    - ID:3535 桃園內壢店 $11310.00 → INV/2026/04/000068
[2026/4/16 上午10:28:54]    - ID:3534 花蓮中華店 $54724.00 → INV/2026/04/000055
[2026/4/16 上午10:28:54]    - ID:3533 台南善化店 $59068.00 → INV/2026/04/000051
[2026/4/16 上午10:28:54]    - ID:3532 員林中山店 $54303.00 → INV/2026/04/000056
[2026/4/16 上午10:28:54] 🔧 自動修正了 0 筆儲值金記錄
[2026/4/16 上午10:28:57] 📱 Telegram 警報發送失敗
[2026/4/16 上午10:28:57] 🔍 GiveMe API 監控完成
[2026/4/16 上午10:59:04] 🔍 GiveMe API 監控開始
[2026/4/16 上午10:59:04] 🛡️ 防護機制狀態正常：腳本層 ✅ API層 ✅
[2026/4/16 上午10:59:04] ❌ 警告：發現 19 筆儲值金被誤開發票！
[2026/4/16 上午10:59:04]    - ID:3550 新莊中平店 $90397.00 → INV/2026/04/000064
[2026/4/16 上午10:59:04]    - ID:3549 三峽大同店 $108044.00 → INV/2026/04/000063
[2026/4/16 上午10:59:04]    - ID:3548 鶯歌鳳鳴店 $54518.00 → INV/2026/04/000062
[2026/4/16 上午10:59:04]    - ID:3547 桃園八德店 $25554.00 → INV/2026/04/000067
[2026/4/16 上午10:59:04]    - ID:3546 土城中央店 $74416.00 → INV/2026/04/000066
[2026/4/16 上午10:59:04]    - ID:3545 楊梅金山店 $55264.00 → INV/2026/04/000058
[2026/4/16 上午10:59:04]    - ID:3544 台南安南店 $54992.00 → INV/2026/04/000050
[2026/4/16 上午10:59:04]    - ID:3543 桃園小檜溪店 $22331.00 → INV/2026/04/000061
[2026/4/16 上午10:59:04]    - ID:3542 桃園南崁店 $11915.00 → INV/2026/04/000060
[2026/4/16 上午10:59:04]    - ID:3541 蘆洲集賢店 $33274.00 → INV/2026/04/000057
[2026/4/16 上午10:59:04]    - ID:3540 桃園中路縣府店 $23981.00 → INV/2026/04/000059
[2026/4/16 上午10:59:04]    - ID:3539 內湖東湖店 $50141.00 → INV/2026/04/000048
[2026/4/16 上午10:59:04]    - ID:3538 鳳山五甲店 $21893.00 → INV/2026/04/000049
[2026/4/16 上午10:59:04]    - ID:3537 高雄前鎮店 $31760.00 → INV/2026/04/000053
[2026/4/16 上午10:59:04]    - ID:3536 左營海軍店 $35346.00 → INV/2026/04/000052
[2026/4/16 上午10:59:04]    - ID:3535 桃園內壢店 $11310.00 → INV/2026/04/000068
[2026/4/16 上午10:59:04]    - ID:3534 花蓮中華店 $54724.00 → INV/2026/04/000055
[2026/4/16 上午10:59:04]    - ID:3533 台南善化店 $59068.00 → INV/2026/04/000051
[2026/4/16 上午10:59:04]    - ID:3532 員林中山店 $54303.00 → INV/2026/04/000056
[2026/4/16 上午10:59:04] 🔧 自動修正了 0 筆儲值金記錄
[2026/4/16 上午10:59:08] 📱 Telegram 警報發送失敗
[2026/4/16 上午10:59:08] 🔍 GiveMe API 監控完成
[2026/4/16 上午11:29:14] 🔍 GiveMe API 監控開始
[2026/4/16 上午11:29:14] 🛡️ 防護機制狀態正常：腳本層 ✅ API層 ✅
[2026/4/16 上午11:29:14] ❌ 警告：發現 19 筆儲值金被誤開發票！
[2026/4/16 上午11:29:14]    - ID:3550 新莊中平店 $90397.00 → INV/2026/04/000064
[2026/4/16 上午11:29:14]    - ID:3549 三峽大同店 $108044.00 → INV/2026/04/000063
[2026/4/16 上午11:29:14]    - ID:3548 鶯歌鳳鳴店 $54518.00 → INV/2026/04/000062
[2026/4/16 上午11:29:14]    - ID:3547 桃園八德店 $25554.00 → INV/2026/04/000067
[2026/4/16 上午11:29:14]    - ID:3546 土城中央店 $74416.00 → INV/2026/04/000066
[2026/4/16 上午11:29:14]    - ID:3545 楊梅金山店 $55264.00 → INV/2026/04/000058
[2026/4/16 上午11:29:14]    - ID:3544 台南安南店 $54992.00 → INV/2026/04/000050
[2026/4/16 上午11:29:14]    - ID:3543 桃園小檜溪店 $22331.00 → INV/2026/04/000061
[2026/4/16 上午11:29:14]    - ID:3542 桃園南崁店 $11915.00 → INV/2026/04/000060
[2026/4/16 上午11:29:14]    - ID:3541 蘆洲集賢店 $33274.00 → INV/2026/04/000057
[2026/4/16 上午11:29:14]    - ID:3540 桃園中路縣府店 $23981.00 → INV/2026/04/000059
[2026/4/16 上午11:29:14]    - ID:3539 內湖東湖店 $50141.00 → INV/2026/04/000048
[2026/4/16 上午11:29:14]    - ID:3538 鳳山五甲店 $21893.00 → INV/2026/04/000049
[2026/4/16 上午11:29:14]    - ID:3537 高雄前鎮店 $31760.00 → INV/2026/04/000053
[2026/4/16 上午11:29:14]    - ID:3536 左營海軍店 $35346.00 → INV/2026/04/000052
[2026/4/16 上午11:29:14]    - ID:3535 桃園內壢店 $11310.00 → INV/2026/04/000068
[2026/4/16 上午11:29:14]    - ID:3534 花蓮中華店 $54724.00 → INV/2026/04/000055
[2026/4/16 上午11:29:14]    - ID:3533 台南善化店 $59068.00 → INV/2026/04/000051
[2026/4/16 上午11:29:14]    - ID:3532 員林中山店 $54303.00 → INV/2026/04/000056
[2026/4/16 上午11:29:14] 🔧 自動修正了 0 筆儲值金記錄
[2026/4/16 上午11:29:17] 📱 Telegram 警報發送失敗
[2026/4/16 上午11:29:17] 🔍 GiveMe API 監控完成
[2026/4/16 上午11:59:24] 🔍 GiveMe API 監控開始
[2026/4/16 上午11:59:24] 🛡️ 防護機制狀態正常：腳本層 ✅ API層 ✅
[2026/4/16 上午11:59:24] ❌ 警告：發現 19 筆儲值金被誤開發票！
[2026/4/16 上午11:59:24]    - ID:3550 新莊中平店 $90397.00 → INV/2026/04/000064
[2026/4/16 上午11:59:24]    - ID:3549 三峽大同店 $108044.00 → INV/2026/04/000063
[2026/4/16 上午11:59:24]    - ID:3548 鶯歌鳳鳴店 $54518.00 → INV/2026/04/000062
[2026/4/16 上午11:59:24]    - ID:3547 桃園八德店 $25554.00 → INV/2026/04/000067
[2026/4/16 上午11:59:24]    - ID:3546 土城中央店 $74416.00 → INV/2026/04/000066
[2026/4/16 上午11:59:24]    - ID:3545 楊梅金山店 $55264.00 → INV/2026/04/000058
[2026/4/16 上午11:59:24]    - ID:3544 台南安南店 $54992.00 → INV/2026/04/000050
[2026/4/16 上午11:59:24]    - ID:3543 桃園小檜溪店 $22331.00 → INV/2026/04/000061
[2026/4/16 上午11:59:24]    - ID:3542 桃園南崁店 $11915.00 → INV/2026/04/000060
[2026/4/16 上午11:59:24]    - ID:3541 蘆洲集賢店 $33274.00 → INV/2026/04/000057
[2026/4/16 上午11:59:24]    - ID:3540 桃園中路縣府店 $23981.00 → INV/2026/04/000059
[2026/4/16 上午11:59:24]    - ID:3539 內湖東湖店 $50141.00 → INV/2026/04/000048
[2026/4/16 上午11:59:24]    - ID:3538 鳳山五甲店 $21893.00 → INV/2026/04/000049
[2026/4/16 上午11:59:24]    - ID:3537 高雄前鎮店 $31760.00 → INV/2026/04/000053
[2026/4/16 上午11:59:24]    - ID:3536 左營海軍店 $35346.00 → INV/2026/04/000052
[2026/4/16 上午11:59:24]    - ID:3535 桃園內壢店 $11310.00 → INV/2026/04/000068
[2026/4/16 上午11:59:24]    - ID:3534 花蓮中華店 $54724.00 → INV/2026/04/000055
[2026/4/16 上午11:59:24]    - ID:3533 台南善化店 $59068.00 → INV/2026/04/000051
[2026/4/16 上午11:59:24]    - ID:3532 員林中山店 $54303.00 → INV/2026/04/000056
[2026/4/16 上午11:59:24] 🔧 自動修正了 0 筆儲值金記錄
[2026/4/16 上午11:59:27] 📱 Telegram 警報發送失敗
[2026/4/16 上午11:59:27] 🔍 GiveMe API 監控完成
[2026/4/16 下午12:29:34] 🔍 GiveMe API 監控開始
[2026/4/16 下午12:29:34] 🛡️ 防護機制狀態正常：腳本層 ✅ API層 ✅
[2026/4/16 下午12:29:34] ❌ 警告：發現 19 筆儲值金被誤開發票！
[2026/4/16 下午12:29:34]    - ID:3550 新莊中平店 $90397.00 → INV/2026/04/000064
[2026/4/16 下午12:29:34]    - ID:3549 三峽大同店 $108044.00 → INV/2026/04/000063
[2026/4/16 下午12:29:34]    - ID:3548 鶯歌鳳鳴店 $54518.00 → INV/2026/04/000062
[2026/4/16 下午12:29:34]    - ID:3547 桃園八德店 $25554.00 → INV/2026/04/000067
[2026/4/16 下午12:29:34]    - ID:3546 土城中央店 $74416.00 → INV/2026/04/000066
[2026/4/16 下午12:29:34]    - ID:3545 楊梅金山店 $55264.00 → INV/2026/04/000058
[2026/4/16 下午12:29:34]    - ID:3544 台南安南店 $54992.00 → INV/2026/04/000050
[2026/4/16 下午12:29:34]    - ID:3543 桃園小檜溪店 $22331.00 → INV/2026/04/000061
[2026/4/16 下午12:29:34]    - ID:3542 桃園南崁店 $11915.00 → INV/2026/04/000060
[2026/4/16 下午12:29:34]    - ID:3541 蘆洲集賢店 $33274.00 → INV/2026/04/000057
[2026/4/16 下午12:29:34]    - ID:3540 桃園中路縣府店 $23981.00 → INV/2026/04/000059
[2026/4/16 下午12:29:34]    - ID:3539 內湖東湖店 $50141.00 → INV/2026/04/000048
[2026/4/16 下午12:29:34]    - ID:3538 鳳山五甲店 $21893.00 → INV/2026/04/000049
[2026/4/16 下午12:29:34]    - ID:3537 高雄前鎮店 $31760.00 → INV/2026/04/000053
[2026/4/16 下午12:29:34]    - ID:3536 左營海軍店 $35346.00 → INV/2026/04/000052
[2026/4/16 下午12:29:34]    - ID:3535 桃園內壢店 $11310.00 → INV/2026/04/000068
[2026/4/16 下午12:29:34]    - ID:3534 花蓮中華店 $54724.00 → INV/2026/04/000055
[2026/4/16 下午12:29:34]    - ID:3533 台南善化店 $59068.00 → INV/2026/04/000051
[2026/4/16 下午12:29:34]    - ID:3532 員林中山店 $54303.00 → INV/2026/04/000056
[2026/4/16 下午12:29:34] 🔧 自動修正了 0 筆儲值金記錄
[2026/4/16 下午12:29:37] 📱 Telegram 警報發送失敗
[2026/4/16 下午12:29:37] 🔍 GiveMe API 監控完成
[2026/4/16 下午12:59:44] 🔍 GiveMe API 監控開始
[2026/4/16 下午12:59:44] 🛡️ 防護機制狀態正常：腳本層 ✅ API層 ✅
[2026/4/16 下午12:59:44] ❌ 警告：發現 14 筆儲值金被誤開發票！
[2026/4/16 下午12:59:44]    - ID:3550 新莊中平店 $90397.00 → INV/2026/04/000064
[2026/4/16 下午12:59:44]    - ID:3549 三峽大同店 $108044.00 → INV/2026/04/000063
[2026/4/16 下午12:59:44]    - ID:3548 鶯歌鳳鳴店 $54518.00 → INV/2026/04/000062
[2026/4/16 下午12:59:44]    - ID:3547 桃園八德店 $25554.00 → INV/2026/04/000067
[2026/4/16 下午12:59:44]    - ID:3546 土城中央店 $74416.00 → INV/2026/04/000066
[2026/4/16 下午12:59:44]    - ID:3545 楊梅金山店 $55264.00 → INV/2026/04/000058
[2026/4/16 下午12:59:44]    - ID:3544 台南安南店 $54992.00 → INV/2026/04/000050
[2026/4/16 下午12:59:44]    - ID:3543 桃園小檜溪店 $22331.00 → INV/2026/04/000061
[2026/4/16 下午12:59:44]    - ID:3542 桃園南崁店 $11915.00 → INV/2026/04/000060
[2026/4/16 下午12:59:44]    - ID:3541 蘆洲集賢店 $33274.00 → INV/2026/04/000057
[2026/4/16 下午12:59:44]    - ID:3540 桃園中路縣府店 $23981.00 → INV/2026/04/000059
[2026/4/16 下午12:59:44]    - ID:3539 內湖東湖店 $50141.00 → INV/2026/04/000048
[2026/4/16 下午12:59:44]    - ID:3538 鳳山五甲店 $21893.00 → INV/2026/04/000049
[2026/4/16 下午12:59:44]    - ID:3537 高雄前鎮店 $31760.00 → INV/2026/04/000053
[2026/4/16 下午12:59:44] 🔧 自動修正了 0 筆儲值金記錄
[2026/4/16 下午12:59:47] 📱 Telegram 警報發送失敗
[2026/4/16 下午12:59:47] 🔍 GiveMe API 監控完成
[2026/4/16 下午1:29:55] 🔍 GiveMe API 監控開始
[2026/4/16 下午1:29:55] 🛡️ 防護機制狀態正常：腳本層 ✅ API層 ✅
[2026/4/16 下午1:29:55] ❌ 警告：發現 14 筆儲值金被誤開發票！
[2026/4/16 下午1:29:55]    - ID:3550 新莊中平店 $90397.00 → INV/2026/04/000064
[2026/4/16 下午1:29:55]    - ID:3549 三峽大同店 $108044.00 → INV/2026/04/000063
[2026/4/16 下午1:29:55]    - ID:3548 鶯歌鳳鳴店 $54518.00 → INV/2026/04/000062
[2026/4/16 下午1:29:55]    - ID:3547 桃園八德店 $25554.00 → INV/2026/04/000067
[2026/4/16 下午1:29:55]    - ID:3546 土城中央店 $74416.00 → INV/2026/04/000066
[2026/4/16 下午1:29:55]    - ID:3545 楊梅金山店 $55264.00 → INV/2026/04/000058
[2026/4/16 下午1:29:55]    - ID:3544 台南安南店 $54992.00 → INV/2026/04/000050
[2026/4/16 下午1:29:55]    - ID:3543 桃園小檜溪店 $22331.00 → INV/2026/04/000061
[2026/4/16 下午1:29:55]    - ID:3542 桃園南崁店 $11915.00 → INV/2026/04/000060
[2026/4/16 下午1:29:55]    - ID:3541 蘆洲集賢店 $33274.00 → INV/2026/04/000057
[2026/4/16 下午1:29:55]    - ID:3540 桃園中路縣府店 $23981.00 → INV/2026/04/000059
[2026/4/16 下午1:29:55]    - ID:3539 內湖東湖店 $50141.00 → INV/2026/04/000048
[2026/4/16 下午1:29:55]    - ID:3538 鳳山五甲店 $21893.00 → INV/2026/04/000049
[2026/4/16 下午1:29:55]    - ID:3537 高雄前鎮店 $31760.00 → INV/2026/04/000053
[2026/4/16 下午1:29:55] 🔧 自動修正了 0 筆儲值金記錄
[2026/4/16 下午1:29:57] 📱 Telegram 警報發送失敗
[2026/4/16 下午1:29:57] 🔍 GiveMe API 監控完成
[2026/4/16 下午2:00:05] 🔍 GiveMe API 監控開始
[2026/4/16 下午2:00:05] 🛡️ 防護機制狀態正常：腳本層 ✅ API層 ✅
[2026/4/16 下午2:00:05] ❌ 警告：發現 14 筆儲值金被誤開發票！
[2026/4/16 下午2:00:05]    - ID:3550 新莊中平店 $90397.00 → INV/2026/04/000064
[2026/4/16 下午2:00:05]    - ID:3549 三峽大同店 $108044.00 → INV/2026/04/000063
[2026/4/16 下午2:00:05]    - ID:3548 鶯歌鳳鳴店 $54518.00 → INV/2026/04/000062
[2026/4/16 下午2:00:05]    - ID:3547 桃園八德店 $25554.00 → INV/2026/04/000067
[2026/4/16 下午2:00:05]    - ID:3546 土城中央店 $74416.00 → INV/2026/04/000066
[2026/4/16 下午2:00:05]    - ID:3545 楊梅金山店 $55264.00 → INV/2026/04/000058
[2026/4/16 下午2:00:05]    - ID:3544 台南安南店 $54992.00 → INV/2026/04/000050
[2026/4/16 下午2:00:05]    - ID:3543 桃園小檜溪店 $22331.00 → INV/2026/04/000061
[2026/4/16 下午2:00:05]    - ID:3542 桃園南崁店 $11915.00 → INV/2026/04/000060
[2026/4/16 下午2:00:05]    - ID:3541 蘆洲集賢店 $33274.00 → INV/2026/04/000057
[2026/4/16 下午2:00:05]    - ID:3540 桃園中路縣府店 $23981.00 → INV/2026/04/000059
[2026/4/16 下午2:00:05]    - ID:3539 內湖東湖店 $50141.00 → INV/2026/04/000048
[2026/4/16 下午2:00:05]    - ID:3538 鳳山五甲店 $21893.00 → INV/2026/04/000049
[2026/4/16 下午2:00:05]    - ID:3537 高雄前鎮店 $31760.00 → INV/2026/04/000053
[2026/4/16 下午2:00:05] 🔧 自動修正了 0 筆儲值金記錄
[2026/4/16 下午2:00:07] 📱 Telegram 警報發送失敗
[2026/4/16 下午2:00:07] 🔍 GiveMe API 監控完成
[2026/4/16 下午2:30:15] 🔍 GiveMe API 監控開始
[2026/4/16 下午2:30:15] 🛡️ 防護機制狀態正常：腳本層 ✅ API層 ✅
[2026/4/16 下午2:30:15] ❌ 警告：發現 13 筆儲值金被誤開發票！
[2026/4/16 下午2:30:15]    - ID:3550 新莊中平店 $90397.00 → INV/2026/04/000064
[2026/4/16 下午2:30:15]    - ID:3549 三峽大同店 $108044.00 → INV/2026/04/000063
[2026/4/16 下午2:30:15]    - ID:3548 鶯歌鳳鳴店 $54518.00 → INV/2026/04/000062
[2026/4/16 下午2:30:15]    - ID:3547 桃園八德店 $25554.00 → INV/2026/04/000067
[2026/4/16 下午2:30:15]    - ID:3546 土城中央店 $74416.00 → INV/2026/04/000066
[2026/4/16 下午2:30:15]    - ID:3545 楊梅金山店 $55264.00 → INV/2026/04/000058
[2026/4/16 下午2:30:15]    - ID:3544 台南安南店 $54992.00 → INV/2026/04/000050
[2026/4/16 下午2:30:15]    - ID:3543 桃園小檜溪店 $22331.00 → INV/2026/04/000061
[2026/4/16 下午2:30:15]    - ID:3542 桃園南崁店 $11915.00 → INV/2026/04/000060
[2026/4/16 下午2:30:15]    - ID:3541 蘆洲集賢店 $33274.00 → INV/2026/04/000057
[2026/4/16 下午2:30:15]    - ID:3540 桃園中路縣府店 $23981.00 → INV/2026/04/000059
[2026/4/16 下午2:30:15]    - ID:3539 內湖東湖店 $50141.00 → INV/2026/04/000048
[2026/4/16 下午2:30:15]    - ID:3538 鳳山五甲店 $21893.00 → INV/2026/04/000049
[2026/4/16 下午2:30:15] 🔧 自動修正了 0 筆儲值金記錄
[2026/4/16 下午2:30:17] 📱 Telegram 警報發送失敗
[2026/4/16 下午2:30:17] 🔍 GiveMe API 監控完成
[2026/4/16 下午3:00:25] 🔍 GiveMe API 監控開始
[2026/4/16 下午3:00:25] 🛡️ 防護機制狀態正常：腳本層 ✅ API層 ✅
[2026/4/16 下午3:00:25] ❌ 警告：發現 13 筆儲值金被誤開發票！
[2026/4/16 下午3:00:25]    - ID:3550 新莊中平店 $90397.00 → INV/2026/04/000064
[2026/4/16 下午3:00:25]    - ID:3549 三峽大同店 $108044.00 → INV/2026/04/000063
[2026/4/16 下午3:00:25]    - ID:3548 鶯歌鳳鳴店 $54518.00 → INV/2026/04/000062
[2026/4/16 下午3:00:25]    - ID:3547 桃園八德店 $25554.00 → INV/2026/04/000067
[2026/4/16 下午3:00:25]    - ID:3546 土城中央店 $74416.00 → INV/2026/04/000066
[2026/4/16 下午3:00:25]    - ID:3545 楊梅金山店 $55264.00 → INV/2026/04/000058
[2026/4/16 下午3:00:25]    - ID:3544 台南安南店 $54992.00 → INV/2026/04/000050
[2026/4/16 下午3:00:25]    - ID:3543 桃園小檜溪店 $22331.00 → INV/2026/04/000061
[2026/4/16 下午3:00:25]    - ID:3542 桃園南崁店 $11915.00 → INV/2026/04/000060
[2026/4/16 下午3:00:25]    - ID:3541 蘆洲集賢店 $33274.00 → INV/2026/04/000057
[2026/4/16 下午3:00:25]    - ID:3540 桃園中路縣府店 $23981.00 → INV/2026/04/000059
[2026/4/16 下午3:00:25]    - ID:3539 內湖東湖店 $50141.00 → INV/2026/04/000048
[2026/4/16 下午3:00:25]    - ID:3538 鳳山五甲店 $21893.00 → INV/2026/04/000049
[2026/4/16 下午3:00:25] 🔧 自動修正了 0 筆儲值金記錄
[2026/4/16 下午3:00:28] 📱 Telegram 警報發送失敗
[2026/4/16 下午3:00:28] 🔍 GiveMe API 監控完成
[2026/4/16 下午3:30:35] 🔍 GiveMe API 監控開始
[2026/4/16 下午3:30:35] 🛡️ 防護機制狀態正常：腳本層 ✅ API層 ✅
[2026/4/16 下午3:30:35] ❌ 警告：發現 13 筆儲值金被誤開發票！
[2026/4/16 下午3:30:35]    - ID:3550 新莊中平店 $90397.00 → INV/2026/04/000064
[2026/4/16 下午3:30:35]    - ID:3549 三峽大同店 $108044.00 → INV/2026/04/000063
[2026/4/16 下午3:30:35]    - ID:3548 鶯歌鳳鳴店 $54518.00 → INV/2026/04/000062
[2026/4/16 下午3:30:35]    - ID:3547 桃園八德店 $25554.00 → INV/2026/04/000067
[2026/4/16 下午3:30:35]    - ID:3546 土城中央店 $74416.00 → INV/2026/04/000066
[2026/4/16 下午3:30:35]    - ID:3545 楊梅金山店 $55264.00 → INV/2026/04/000058
[2026/4/16 下午3:30:35]    - ID:3544 台南安南店 $54992.00 → INV/2026/04/000050
[2026/4/16 下午3:30:35]    - ID:3543 桃園小檜溪店 $22331.00 → INV/2026/04/000061
[2026/4/16 下午3:30:35]    - ID:3542 桃園南崁店 $11915.00 → INV/2026/04/000060
[2026/4/16 下午3:30:35]    - ID:3541 蘆洲集賢店 $33274.00 → INV/2026/04/000057
[2026/4/16 下午3:30:35]    - ID:3540 桃園中路縣府店 $23981.00 → INV/2026/04/000059
[2026/4/16 下午3:30:35]    - ID:3539 內湖東湖店 $50141.00 → INV/2026/04/000048
[2026/4/16 下午3:30:35]    - ID:3538 鳳山五甲店 $21893.00 → INV/2026/04/000049
[2026/4/16 下午3:30:35] 🔧 自動修正了 0 筆儲值金記錄
[2026/4/16 下午3:30:38] 📱 Telegram 警報發送失敗
[2026/4/16 下午3:30:38] 🔍 GiveMe API 監控完成
[2026/4/16 下午4:00:45] 🔍 GiveMe API 監控開始
[2026/4/16 下午4:00:45] 🛡️ 防護機制狀態正常：腳本層 ✅ API層 ✅
[2026/4/16 下午4:00:45] ❌ 警告：發現 13 筆儲值金被誤開發票！
[2026/4/16 下午4:00:45]    - ID:3550 新莊中平店 $90397.00 → INV/2026/04/000064
[2026/4/16 下午4:00:45]    - ID:3549 三峽大同店 $108044.00 → INV/2026/04/000063
[2026/4/16 下午4:00:45]    - ID:3548 鶯歌鳳鳴店 $54518.00 → INV/2026/04/000062
[2026/4/16 下午4:00:45]    - ID:3547 桃園八德店 $25554.00 → INV/2026/04/000067
[2026/4/16 下午4:00:45]    - ID:3546 土城中央店 $74416.00 → INV/2026/04/000066
[2026/4/16 下午4:00:45]    - ID:3545 楊梅金山店 $55264.00 → INV/2026/04/000058
[2026/4/16 下午4:00:45]    - ID:3544 台南安南店 $54992.00 → INV/2026/04/000050
[2026/4/16 下午4:00:45]    - ID:3543 桃園小檜溪店 $22331.00 → INV/2026/04/000061
[2026/4/16 下午4:00:45]    - ID:3542 桃園南崁店 $11915.00 → INV/2026/04/000060
[2026/4/16 下午4:00:45]    - ID:3541 蘆洲集賢店 $33274.00 → INV/2026/04/000057
[2026/4/16 下午4:00:45]    - ID:3540 桃園中路縣府店 $23981.00 → INV/2026/04/000059
[2026/4/16 下午4:00:45]    - ID:3539 內湖東湖店 $50141.00 → INV/2026/04/000048
[2026/4/16 下午4:00:45]    - ID:3538 鳳山五甲店 $21893.00 → INV/2026/04/000049
[2026/4/16 下午4:00:45] 🔧 自動修正了 0 筆儲值金記錄
[2026/4/16 下午4:00:48] 📱 Telegram 警報發送失敗
[2026/4/16 下午4:00:48] 🔍 GiveMe API 監控完成
[2026/4/16 下午4:30:56] 🔍 GiveMe API 監控開始
[2026/4/16 下午4:30:56] 🛡️ 防護機制狀態正常：腳本層 ✅ API層 ✅
[2026/4/16 下午4:30:56] ❌ 警告：發現 13 筆儲值金被誤開發票！
[2026/4/16 下午4:30:56]    - ID:3550 新莊中平店 $90397.00 → INV/2026/04/000064
[2026/4/16 下午4:30:56]    - ID:3549 三峽大同店 $108044.00 → INV/2026/04/000063
[2026/4/16 下午4:30:56]    - ID:3548 鶯歌鳳鳴店 $54518.00 → INV/2026/04/000062
[2026/4/16 下午4:30:56]    - ID:3547 桃園八德店 $25554.00 → INV/2026/04/000067
[2026/4/16 下午4:30:56]    - ID:3546 土城中央店 $74416.00 → INV/2026/04/000066
[2026/4/16 下午4:30:56]    - ID:3545 楊梅金山店 $55264.00 → INV/2026/04/000058
[2026/4/16 下午4:30:56]    - ID:3544 台南安南店 $54992.00 → INV/2026/04/000050
[2026/4/16 下午4:30:56]    - ID:3543 桃園小檜溪店 $22331.00 → INV/2026/04/000061
[2026/4/16 下午4:30:56]    - ID:3542 桃園南崁店 $11915.00 → INV/2026/04/000060
[2026/4/16 下午4:30:56]    - ID:3541 蘆洲集賢店 $33274.00 → INV/2026/04/000057
[2026/4/16 下午4:30:56]    - ID:3540 桃園中路縣府店 $23981.00 → INV/2026/04/000059
[2026/4/16 下午4:30:56]    - ID:3539 內湖東湖店 $50141.00 → INV/2026/04/000048
[2026/4/16 下午4:30:56]    - ID:3538 鳳山五甲店 $21893.00 → INV/2026/04/000049
[2026/4/16 下午4:30:56] 🔧 自動修正了 0 筆儲值金記錄
[2026/4/16 下午4:30:58] 📱 Telegram 警報發送失敗
[2026/4/16 下午4:30:58] 🔍 GiveMe API 監控完成
[2026/4/16 下午5:01:06] 🔍 GiveMe API 監控開始
[2026/4/16 下午5:01:06] 🛡️ 防護機制狀態正常：腳本層 ✅ API層 ✅
[2026/4/16 下午5:01:06] ❌ 警告：發現 13 筆儲值金被誤開發票！
[2026/4/16 下午5:01:06]    - ID:3550 新莊中平店 $90397.00 → INV/2026/04/000064
[2026/4/16 下午5:01:06]    - ID:3549 三峽大同店 $108044.00 → INV/2026/04/000063
[2026/4/16 下午5:01:06]    - ID:3548 鶯歌鳳鳴店 $54518.00 → INV/2026/04/000062
[2026/4/16 下午5:01:06]    - ID:3547 桃園八德店 $25554.00 → INV/2026/04/000067
[2026/4/16 下午5:01:06]    - ID:3546 土城中央店 $74416.00 → INV/2026/04/000066
[2026/4/16 下午5:01:06]    - ID:3545 楊梅金山店 $55264.00 → INV/2026/04/000058
[2026/4/16 下午5:01:06]    - ID:3544 台南安南店 $54992.00 → INV/2026/04/000050
[2026/4/16 下午5:01:06]    - ID:3543 桃園小檜溪店 $22331.00 → INV/2026/04/000061
[2026/4/16 下午5:01:06]    - ID:3542 桃園南崁店 $11915.00 → INV/2026/04/000060
[2026/4/16 下午5:01:06]    - ID:3541 蘆洲集賢店 $33274.00 → INV/2026/04/000057
[2026/4/16 下午5:01:06]    - ID:3540 桃園中路縣府店 $23981.00 → INV/2026/04/000059
[2026/4/16 下午5:01:06]    - ID:3539 內湖東湖店 $50141.00 → INV/2026/04/000048
[2026/4/16 下午5:01:06]    - ID:3538 鳳山五甲店 $21893.00 → INV/2026/04/000049
[2026/4/16 下午5:01:06] 🔧 自動修正了 0 筆儲值金記錄
[2026/4/16 下午5:01:09] 📱 Telegram 警報發送失敗
[2026/4/16 下午5:01:09] 🔍 GiveMe API 監控完成
[2026/4/16 下午5:31:16] 🔍 GiveMe API 監控開始
[2026/4/16 下午5:31:16] 🛡️ 防護機制狀態正常：腳本層 ✅ API層 ✅
[2026/4/16 下午5:31:16] ❌ 警告：發現 13 筆儲值金被誤開發票！
[2026/4/16 下午5:31:16]    - ID:3550 新莊中平店 $90397.00 → INV/2026/04/000064
[2026/4/16 下午5:31:16]    - ID:3549 三峽大同店 $108044.00 → INV/2026/04/000063
[2026/4/16 下午5:31:16]    - ID:3548 鶯歌鳳鳴店 $54518.00 → INV/2026/04/000062
[2026/4/16 下午5:31:16]    - ID:3547 桃園八德店 $25554.00 → INV/2026/04/000067
[2026/4/16 下午5:31:16]    - ID:3546 土城中央店 $74416.00 → INV/2026/04/000066
[2026/4/16 下午5:31:16]    - ID:3545 楊梅金山店 $55264.00 → INV/2026/04/000058
[2026/4/16 下午5:31:16]    - ID:3544 台南安南店 $54992.00 → INV/2026/04/000050
[2026/4/16 下午5:31:16]    - ID:3543 桃園小檜溪店 $22331.00 → INV/2026/04/000061
[2026/4/16 下午5:31:16]    - ID:3542 桃園南崁店 $11915.00 → INV/2026/04/000060
[2026/4/16 下午5:31:16]    - ID:3541 蘆洲集賢店 $33274.00 → INV/2026/04/000057
[2026/4/16 下午5:31:16]    - ID:3540 桃園中路縣府店 $23981.00 → INV/2026/04/000059
[2026/4/16 下午5:31:16]    - ID:3539 內湖東湖店 $50141.00 → INV/2026/04/000048
[2026/4/16 下午5:31:16]    - ID:3538 鳳山五甲店 $21893.00 → INV/2026/04/000049
[2026/4/16 下午5:31:16] 🔧 自動修正了 0 筆儲值金記錄
[2026/4/16 下午5:31:20] 📱 Telegram 警報發送失敗
[2026/4/16 下午5:31:20] 🔍 GiveMe API 監控完成
[2026/4/16 下午6:01:26] 🔍 GiveMe API 監控開始
[2026/4/16 下午6:01:26] 🛡️ 防護機制狀態正常：腳本層 ✅ API層 ✅
[2026/4/16 下午6:01:26] ❌ 警告：發現 13 筆儲值金被誤開發票！
[2026/4/16 下午6:01:26]    - ID:3550 新莊中平店 $90397.00 → INV/2026/04/000064
[2026/4/16 下午6:01:26]    - ID:3549 三峽大同店 $108044.00 → INV/2026/04/000063
[2026/4/16 下午6:01:26]    - ID:3548 鶯歌鳳鳴店 $54518.00 → INV/2026/04/000062
[2026/4/16 下午6:01:26]    - ID:3547 桃園八德店 $25554.00 → INV/2026/04/000067
[2026/4/16 下午6:01:26]    - ID:3546 土城中央店 $74416.00 → INV/2026/04/000066
[2026/4/16 下午6:01:26]    - ID:3545 楊梅金山店 $55264.00 → INV/2026/04/000058
[2026/4/16 下午6:01:26]    - ID:3544 台南安南店 $54992.00 → INV/2026/04/000050
[2026/4/16 下午6:01:26]    - ID:3543 桃園小檜溪店 $22331.00 → INV/2026/04/000061
[2026/4/16 下午6:01:26]    - ID:3542 桃園南崁店 $11915.00 → INV/2026/04/000060
[2026/4/16 下午6:01:26]    - ID:3541 蘆洲集賢店 $33274.00 → INV/2026/04/000057
[2026/4/16 下午6:01:26]    - ID:3540 桃園中路縣府店 $23981.00 → INV/2026/04/000059
[2026/4/16 下午6:01:26]    - ID:3539 內湖東湖店 $50141.00 → INV/2026/04/000048
[2026/4/16 下午6:01:26]    - ID:3538 鳳山五甲店 $21893.00 → INV/2026/04/000049
[2026/4/16 下午6:01:26] 🔧 自動修正了 0 筆儲值金記錄
[2026/4/16 下午6:01:29] 📱 Telegram 警報發送失敗
[2026/4/16 下午6:01:29] 🔍 GiveMe API 監控完成
[2026/4/16 下午6:31:36] 🔍 GiveMe API 監控開始
[2026/4/16 下午6:31:36] 🛡️ 防護機制狀態正常：腳本層 ✅ API層 ✅
[2026/4/16 下午6:31:36] ❌ 警告：發現 13 筆儲值金被誤開發票！
[2026/4/16 下午6:31:36]    - ID:3550 新莊中平店 $90397.00 → INV/2026/04/000064
[2026/4/16 下午6:31:36]    - ID:3549 三峽大同店 $108044.00 → INV/2026/04/000063
[2026/4/16 下午6:31:36]    - ID:3548 鶯歌鳳鳴店 $54518.00 → INV/2026/04/000062
[2026/4/16 下午6:31:36]    - ID:3547 桃園八德店 $25554.00 → INV/2026/04/000067
[2026/4/16 下午6:31:36]    - ID:3546 土城中央店 $74416.00 → INV/2026/04/000066
[2026/4/16 下午6:31:36]    - ID:3545 楊梅金山店 $55264.00 → INV/2026/04/000058
[2026/4/16 下午6:31:36]    - ID:3544 台南安南店 $54992.00 → INV/2026/04/000050
[2026/4/16 下午6:31:36]    - ID:3543 桃園小檜溪店 $22331.00 → INV/2026/04/000061
[2026/4/16 下午6:31:36]    - ID:3542 桃園南崁店 $11915.00 → INV/2026/04/000060
[2026/4/16 下午6:31:36]    - ID:3541 蘆洲集賢店 $33274.00 → INV/2026/04/000057
[2026/4/16 下午6:31:36]    - ID:3540 桃園中路縣府店 $23981.00 → INV/2026/04/000059
[2026/4/16 下午6:31:36]    - ID:3539 內湖東湖店 $50141.00 → INV/2026/04/000048
[2026/4/16 下午6:31:36]    - ID:3538 鳳山五甲店 $21893.00 → INV/2026/04/000049
[2026/4/16 下午6:31:36] 🔧 自動修正了 0 筆儲值金記錄
[2026/4/16 下午6:31:44] 📱 Telegram 警報發送失敗
[2026/4/16 下午6:31:44] 🔍 GiveMe API 監控完成
[2026/4/16 下午7:01:46] 🔍 GiveMe API 監控開始
[2026/4/16 下午7:01:46] 🛡️ 防護機制狀態正常：腳本層 ✅ API層 ✅
[2026/4/16 下午7:01:46] ❌ 警告：發現 13 筆儲值金被誤開發票！
[2026/4/16 下午7:01:46]    - ID:3550 新莊中平店 $90397.00 → INV/2026/04/000064
[2026/4/16 下午7:01:46]    - ID:3549 三峽大同店 $108044.00 → INV/2026/04/000063
[2026/4/16 下午7:01:46]    - ID:3548 鶯歌鳳鳴店 $54518.00 → INV/2026/04/000062
[2026/4/16 下午7:01:46]    - ID:3547 桃園八德店 $25554.00 → INV/2026/04/000067
[2026/4/16 下午7:01:46]    - ID:3546 土城中央店 $74416.00 → INV/2026/04/000066
[2026/4/16 下午7:01:46]    - ID:3545 楊梅金山店 $55264.00 → INV/2026/04/000058
[2026/4/16 下午7:01:46]    - ID:3544 台南安南店 $54992.00 → INV/2026/04/000050
[2026/4/16 下午7:01:46]    - ID:3543 桃園小檜溪店 $22331.00 → INV/2026/04/000061
[2026/4/16 下午7:01:46]    - ID:3542 桃園南崁店 $11915.00 → INV/2026/04/000060
[2026/4/16 下午7:01:46]    - ID:3541 蘆洲集賢店 $33274.00 → INV/2026/04/000057
[2026/4/16 下午7:01:46]    - ID:3540 桃園中路縣府店 $23981.00 → INV/2026/04/000059
[2026/4/16 下午7:01:46]    - ID:3539 內湖東湖店 $50141.00 → INV/2026/04/000048
[2026/4/16 下午7:01:46]    - ID:3538 鳳山五甲店 $21893.00 → INV/2026/04/000049
[2026/4/16 下午7:01:46] 🔧 自動修正了 0 筆儲值金記錄
[2026/4/16 下午7:01:50] 📱 Telegram 警報發送失敗
[2026/4/16 下午7:01:50] 🔍 GiveMe API 監控完成
[2026/4/16 下午7:31:57] 🔍 GiveMe API 監控開始
[2026/4/16 下午7:31:57] 🛡️ 防護機制狀態正常：腳本層 ✅ API層 ✅
[2026/4/16 下午7:31:57] ❌ 警告：發現 13 筆儲值金被誤開發票！
[2026/4/16 下午7:31:57]    - ID:3550 新莊中平店 $90397.00 → INV/2026/04/000064
[2026/4/16 下午7:31:57]    - ID:3549 三峽大同店 $108044.00 → INV/2026/04/000063
[2026/4/16 下午7:31:57]    - ID:3548 鶯歌鳳鳴店 $54518.00 → INV/2026/04/000062
[2026/4/16 下午7:31:57]    - ID:3547 桃園八德店 $25554.00 → INV/2026/04/000067
[2026/4/16 下午7:31:57]    - ID:3546 土城中央店 $74416.00 → INV/2026/04/000066
[2026/4/16 下午7:31:57]    - ID:3545 楊梅金山店 $55264.00 → INV/2026/04/000058
[2026/4/16 下午7:31:57]    - ID:3544 台南安南店 $54992.00 → INV/2026/04/000050
[2026/4/16 下午7:31:57]    - ID:3543 桃園小檜溪店 $22331.00 → INV/2026/04/000061
[2026/4/16 下午7:31:57]    - ID:3542 桃園南崁店 $11915.00 → INV/2026/04/000060
[2026/4/16 下午7:31:57]    - ID:3541 蘆洲集賢店 $33274.00 → INV/2026/04/000057
[2026/4/16 下午7:31:57]    - ID:3540 桃園中路縣府店 $23981.00 → INV/2026/04/000059
[2026/4/16 下午7:31:57]    - ID:3539 內湖東湖店 $50141.00 → INV/2026/04/000048
[2026/4/16 下午7:31:57]    - ID:3538 鳳山五甲店 $21893.00 → INV/2026/04/000049
[2026/4/16 下午7:31:57] 🔧 自動修正了 0 筆儲值金記錄
[2026/4/16 下午7:32:00] 📱 Telegram 警報發送失敗
[2026/4/16 下午7:32:00] 🔍 GiveMe API 監控完成
[2026/4/16 下午8:02:07] 🔍 GiveMe API 監控開始
[2026/4/16 下午8:02:07] 🛡️ 防護機制狀態正常：腳本層 ✅ API層 ✅
[2026/4/16 下午8:02:07] ❌ 警告：發現 13 筆儲值金被誤開發票！
[2026/4/16 下午8:02:07]    - ID:3550 新莊中平店 $90397.00 → INV/2026/04/000064
[2026/4/16 下午8:02:07]    - ID:3549 三峽大同店 $108044.00 → INV/2026/04/000063
[2026/4/16 下午8:02:07]    - ID:3548 鶯歌鳳鳴店 $54518.00 → INV/2026/04/000062
[2026/4/16 下午8:02:07]    - ID:3547 桃園八德店 $25554.00 → INV/2026/04/000067
[2026/4/16 下午8:02:07]    - ID:3546 土城中央店 $74416.00 → INV/2026/04/000066
[2026/4/16 下午8:02:07]    - ID:3545 楊梅金山店 $55264.00 → INV/2026/04/000058
[2026/4/16 下午8:02:07]    - ID:3544 台南安南店 $54992.00 → INV/2026/04/000050
[2026/4/16 下午8:02:07]    - ID:3543 桃園小檜溪店 $22331.00 → INV/2026/04/000061
[2026/4/16 下午8:02:07]    - ID:3542 桃園南崁店 $11915.00 → INV/2026/04/000060
[2026/4/16 下午8:02:07]    - ID:3541 蘆洲集賢店 $33274.00 → INV/2026/04/000057
[2026/4/16 下午8:02:07]    - ID:3540 桃園中路縣府店 $23981.00 → INV/2026/04/000059
[2026/4/16 下午8:02:07]    - ID:3539 內湖東湖店 $50141.00 → INV/2026/04/000048
[2026/4/16 下午8:02:07]    - ID:3538 鳳山五甲店 $21893.00 → INV/2026/04/000049
[2026/4/16 下午8:02:07] 🔧 自動修正了 0 筆儲值金記錄
[2026/4/16 下午8:02:13] 📱 Telegram 警報發送失敗
[2026/4/16 下午8:02:13] 🔍 GiveMe API 監控完成
[2026/4/16 下午8:32:17] 🔍 GiveMe API 監控開始
[2026/4/16 下午8:32:17] 🛡️ 防護機制狀態正常：腳本層 ✅ API層 ✅
[2026/4/16 下午8:32:17] ❌ 警告：發現 13 筆儲值金被誤開發票！
[2026/4/16 下午8:32:17]    - ID:3550 新莊中平店 $90397.00 → INV/2026/04/000064
[2026/4/16 下午8:32:17]    - ID:3549 三峽大同店 $108044.00 → INV/2026/04/000063
[2026/4/16 下午8:32:17]    - ID:3548 鶯歌鳳鳴店 $54518.00 → INV/2026/04/000062
[2026/4/16 下午8:32:17]    - ID:3547 桃園八德店 $25554.00 → INV/2026/04/000067
[2026/4/16 下午8:32:17]    - ID:3546 土城中央店 $74416.00 → INV/2026/04/000066
[2026/4/16 下午8:32:17]    - ID:3545 楊梅金山店 $55264.00 → INV/2026/04/000058
[2026/4/16 下午8:32:17]    - ID:3544 台南安南店 $54992.00 → INV/2026/04/000050
[2026/4/16 下午8:32:17]    - ID:3543 桃園小檜溪店 $22331.00 → INV/2026/04/000061
[2026/4/16 下午8:32:17]    - ID:3542 桃園南崁店 $11915.00 → INV/2026/04/000060
[2026/4/16 下午8:32:17]    - ID:3541 蘆洲集賢店 $33274.00 → INV/2026/04/000057
[2026/4/16 下午8:32:17]    - ID:3540 桃園中路縣府店 $23981.00 → INV/2026/04/000059
[2026/4/16 下午8:32:17]    - ID:3539 內湖東湖店 $50141.00 → INV/2026/04/000048
[2026/4/16 下午8:32:17]    - ID:3538 鳳山五甲店 $21893.00 → INV/2026/04/000049
[2026/4/16 下午8:32:17] 🔧 自動修正了 0 筆儲值金記錄
[2026/4/16 下午8:32:20] 📱 Telegram 警報發送失敗
[2026/4/16 下午8:32:20] 🔍 GiveMe API 監控完成
[2026/4/16 下午9:02:27] 🔍 GiveMe API 監控開始
[2026/4/16 下午9:02:27] 🛡️ 防護機制狀態正常：腳本層 ✅ API層 ✅
[2026/4/16 下午9:02:27] ❌ 警告：發現 13 筆儲值金被誤開發票！
[2026/4/16 下午9:02:27]    - ID:3550 新莊中平店 $90397.00 → INV/2026/04/000064
[2026/4/16 下午9:02:27]    - ID:3549 三峽大同店 $108044.00 → INV/2026/04/000063
[2026/4/16 下午9:02:27]    - ID:3548 鶯歌鳳鳴店 $54518.00 → INV/2026/04/000062
[2026/4/16 下午9:02:27]    - ID:3547 桃園八德店 $25554.00 → INV/2026/04/000067
[2026/4/16 下午9:02:27]    - ID:3546 土城中央店 $74416.00 → INV/2026/04/000066
[2026/4/16 下午9:02:27]    - ID:3545 楊梅金山店 $55264.00 → INV/2026/04/000058
[2026/4/16 下午9:02:27]    - ID:3544 台南安南店 $54992.00 → INV/2026/04/000050
[2026/4/16 下午9:02:27]    - ID:3543 桃園小檜溪店 $22331.00 → INV/2026/04/000061
[2026/4/16 下午9:02:27]    - ID:3542 桃園南崁店 $11915.00 → INV/2026/04/000060
[2026/4/16 下午9:02:27]    - ID:3541 蘆洲集賢店 $33274.00 → INV/2026/04/000057
[2026/4/16 下午9:02:27]    - ID:3540 桃園中路縣府店 $23981.00 → INV/2026/04/000059
[2026/4/16 下午9:02:27]    - ID:3539 內湖東湖店 $50141.00 → INV/2026/04/000048
[2026/4/16 下午9:02:27]    - ID:3538 鳳山五甲店 $21893.00 → INV/2026/04/000049
[2026/4/16 下午9:02:27] 🔧 自動修正了 0 筆儲值金記錄
[2026/4/16 下午9:02:32] 📱 Telegram 警報發送失敗
[2026/4/16 下午9:02:32] 🔍 GiveMe API 監控完成
[2026/4/16 下午9:32:37] 🔍 GiveMe API 監控開始
[2026/4/16 下午9:32:37] 🛡️ 防護機制狀態正常：腳本層 ✅ API層 ✅
[2026/4/16 下午9:32:37] ❌ 警告：發現 13 筆儲值金被誤開發票！
[2026/4/16 下午9:32:37]    - ID:3550 新莊中平店 $90397.00 → INV/2026/04/000064
[2026/4/16 下午9:32:37]    - ID:3549 三峽大同店 $108044.00 → INV/2026/04/000063
[2026/4/16 下午9:32:37]    - ID:3548 鶯歌鳳鳴店 $54518.00 → INV/2026/04/000062
[2026/4/16 下午9:32:37]    - ID:3547 桃園八德店 $25554.00 → INV/2026/04/000067
[2026/4/16 下午9:32:37]    - ID:3546 土城中央店 $74416.00 → INV/2026/04/000066
[2026/4/16 下午9:32:37]    - ID:3545 楊梅金山店 $55264.00 → INV/2026/04/000058
[2026/4/16 下午9:32:37]    - ID:3544 台南安南店 $54992.00 → INV/2026/04/000050
[2026/4/16 下午9:32:37]    - ID:3543 桃園小檜溪店 $22331.00 → INV/2026/04/000061
[2026/4/16 下午9:32:37]    - ID:3542 桃園南崁店 $11915.00 → INV/2026/04/000060
[2026/4/16 下午9:32:37]    - ID:3541 蘆洲集賢店 $33274.00 → INV/2026/04/000057
[2026/4/16 下午9:32:37]    - ID:3540 桃園中路縣府店 $23981.00 → INV/2026/04/000059
[2026/4/16 下午9:32:37]    - ID:3539 內湖東湖店 $50141.00 → INV/2026/04/000048
[2026/4/16 下午9:32:37]    - ID:3538 鳳山五甲店 $21893.00 → INV/2026/04/000049
[2026/4/16 下午9:32:37] 🔧 自動修正了 0 筆儲值金記錄
[2026/4/16 下午9:32:48] 📱 Telegram 警報發送失敗
[2026/4/16 下午9:32:48] 🔍 GiveMe API 監控完成
[2026/4/16 下午10:02:48] 🔍 GiveMe API 監控開始
[2026/4/16 下午10:02:48] 🛡️ 防護機制狀態正常：腳本層 ✅ API層 ✅
[2026/4/16 下午10:02:48] ❌ 警告：發現 13 筆儲值金被誤開發票！
[2026/4/16 下午10:02:48]    - ID:3550 新莊中平店 $90397.00 → INV/2026/04/000064
[2026/4/16 下午10:02:48]    - ID:3549 三峽大同店 $108044.00 → INV/2026/04/000063
[2026/4/16 下午10:02:48]    - ID:3548 鶯歌鳳鳴店 $54518.00 → INV/2026/04/000062
[2026/4/16 下午10:02:48]    - ID:3547 桃園八德店 $25554.00 → INV/2026/04/000067
[2026/4/16 下午10:02:48]    - ID:3546 土城中央店 $74416.00 → INV/2026/04/000066
[2026/4/16 下午10:02:48]    - ID:3545 楊梅金山店 $55264.00 → INV/2026/04/000058
[2026/4/16 下午10:02:48]    - ID:3544 台南安南店 $54992.00 → INV/2026/04/000050
[2026/4/16 下午10:02:48]    - ID:3543 桃園小檜溪店 $22331.00 → INV/2026/04/000061
[2026/4/16 下午10:02:48]    - ID:3542 桃園南崁店 $11915.00 → INV/2026/04/000060
[2026/4/16 下午10:02:48]    - ID:3541 蘆洲集賢店 $33274.00 → INV/2026/04/000057
[2026/4/16 下午10:02:48]    - ID:3540 桃園中路縣府店 $23981.00 → INV/2026/04/000059
[2026/4/16 下午10:02:48]    - ID:3539 內湖東湖店 $50141.00 → INV/2026/04/000048
[2026/4/16 下午10:02:48]    - ID:3538 鳳山五甲店 $21893.00 → INV/2026/04/000049
[2026/4/16 下午10:02:48] 🔧 自動修正了 0 筆儲值金記錄
[2026/4/16 下午10:02:55] 📱 Telegram 警報發送失敗
[2026/4/16 下午10:02:55] 🔍 GiveMe API 監控完成
[2026/4/16 下午10:32:59] 🔍 GiveMe API 監控開始
[2026/4/16 下午10:32:59] 🛡️ 防護機制狀態正常：腳本層 ✅ API層 ✅
[2026/4/16 下午10:32:59] ❌ 警告：發現 13 筆儲值金被誤開發票！
[2026/4/16 下午10:32:59]    - ID:3550 新莊中平店 $90397.00 → INV/2026/04/000064
[2026/4/16 下午10:32:59]    - ID:3549 三峽大同店 $108044.00 → INV/2026/04/000063
[2026/4/16 下午10:32:59]    - ID:3548 鶯歌鳳鳴店 $54518.00 → INV/2026/04/000062
[2026/4/16 下午10:32:59]    - ID:3547 桃園八德店 $25554.00 → INV/2026/04/000067
[2026/4/16 下午10:32:59]    - ID:3546 土城中央店 $74416.00 → INV/2026/04/000066
[2026/4/16 下午10:32:59]    - ID:3545 楊梅金山店 $55264.00 → INV/2026/04/000058
[2026/4/16 下午10:32:59]    - ID:3544 台南安南店 $54992.00 → INV/2026/04/000050
[2026/4/16 下午10:32:59]    - ID:3543 桃園小檜溪店 $22331.00 → INV/2026/04/000061
[2026/4/16 下午10:32:59]    - ID:3542 桃園南崁店 $11915.00 → INV/2026/04/000060
[2026/4/16 下午10:32:59]    - ID:3541 蘆洲集賢店 $33274.00 → INV/2026/04/000057
[2026/4/16 下午10:32:59]    - ID:3540 桃園中路縣府店 $23981.00 → INV/2026/04/000059
[2026/4/16 下午10:32:59]    - ID:3539 內湖東湖店 $50141.00 → INV/2026/04/000048
[2026/4/16 下午10:32:59]    - ID:3538 鳳山五甲店 $21893.00 → INV/2026/04/000049
[2026/4/16 下午10:32:59] 🔧 自動修正了 0 筆儲值金記錄
[2026/4/16 下午10:33:15] 📱 Telegram 警報發送失敗
[2026/4/16 下午10:33:15] 🔍 GiveMe API 監控完成
[2026/4/16 下午11:03:16] 🔍 GiveMe API 監控開始
[2026/4/16 下午11:03:16] 🛡️ 防護機制狀態正常：腳本層 ✅ API層 ✅
[2026/4/16 下午11:03:16] ❌ 警告：發現 13 筆儲值金被誤開發票！
[2026/4/16 下午11:03:16]    - ID:3550 新莊中平店 $90397.00 → INV/2026/04/000064
[2026/4/16 下午11:03:16]    - ID:3549 三峽大同店 $108044.00 → INV/2026/04/000063
[2026/4/16 下午11:03:16]    - ID:3548 鶯歌鳳鳴店 $54518.00 → INV/2026/04/000062
[2026/4/16 下午11:03:16]    - ID:3547 桃園八德店 $25554.00 → INV/2026/04/000067
[2026/4/16 下午11:03:16]    - ID:3546 土城中央店 $74416.00 → INV/2026/04/000066
[2026/4/16 下午11:03:16]    - ID:3545 楊梅金山店 $55264.00 → INV/2026/04/000058
[2026/4/16 下午11:03:16]    - ID:3544 台南安南店 $54992.00 → INV/2026/04/000050
[2026/4/16 下午11:03:16]    - ID:3543 桃園小檜溪店 $22331.00 → INV/2026/04/000061
[2026/4/16 下午11:03:16]    - ID:3542 桃園南崁店 $11915.00 → INV/2026/04/000060
[2026/4/16 下午11:03:16]    - ID:3541 蘆洲集賢店 $33274.00 → INV/2026/04/000057
[2026/4/16 下午11:03:16]    - ID:3540 桃園中路縣府店 $23981.00 → INV/2026/04/000059
[2026/4/16 下午11:03:16]    - ID:3539 內湖東湖店 $50141.00 → INV/2026/04/000048
[2026/4/16 下午11:03:16]    - ID:3538 鳳山五甲店 $21893.00 → INV/2026/04/000049
[2026/4/16 下午11:03:16] 🔧 自動修正了 0 筆儲值金記錄
[2026/4/16 下午11:03:19] 📱 Telegram 警報發送失敗
[2026/4/16 下午11:03:19] 🔍 GiveMe API 監控完成
[2026/4/16 下午11:33:26] 🔍 GiveMe API 監控開始
[2026/4/16 下午11:33:26] 🛡️ 防護機制狀態正常：腳本層 ✅ API層 ✅
[2026/4/16 下午11:33:26] ❌ 警告：發現 12 筆儲值金被誤開發票！
[2026/4/16 下午11:33:26]    - ID:3550 新莊中平店 $90397.00 → INV/2026/04/000064
[2026/4/16 下午11:33:26]    - ID:3549 三峽大同店 $108044.00 → INV/2026/04/000063
[2026/4/16 下午11:33:26]    - ID:3548 鶯歌鳳鳴店 $54518.00 → INV/2026/04/000062
[2026/4/16 下午11:33:26]    - ID:3547 桃園八德店 $25554.00 → INV/2026/04/000067
[2026/4/16 下午11:33:26]    - ID:3546 土城中央店 $74416.00 → INV/2026/04/000066
[2026/4/16 下午11:33:26]    - ID:3545 楊梅金山店 $55264.00 → INV/2026/04/000058
[2026/4/16 下午11:33:26]    - ID:3544 台南安南店 $54992.00 → INV/2026/04/000050
[2026/4/16 下午11:33:26]    - ID:3543 桃園小檜溪店 $22331.00 → INV/2026/04/000061
[2026/4/16 下午11:33:26]    - ID:3542 桃園南崁店 $11915.00 → INV/2026/04/000060
[2026/4/16 下午11:33:26]    - ID:3541 蘆洲集賢店 $33274.00 → INV/2026/04/000057
[2026/4/16 下午11:33:26]    - ID:3540 桃園中路縣府店 $23981.00 → INV/2026/04/000059
[2026/4/16 下午11:33:26]    - ID:3539 內湖東湖店 $50141.00 → INV/2026/04/000048
[2026/4/16 下午11:33:26] 🔧 自動修正了 0 筆儲值金記錄
[2026/4/16 下午11:33:28] 📱 Telegram 警報發送失敗
[2026/4/16 下午11:33:28] 🔍 GiveMe API 監控完成
[2026/4/17 上午12:03:36] 🔍 GiveMe API 監控開始
[2026/4/17 上午12:03:36] 🛡️ 防護機制狀態正常：腳本層 ✅ API層 ✅
[2026/4/17 上午12:03:36] ❌ 警告：發現 12 筆儲值金被誤開發票！
[2026/4/17 上午12:03:36]    - ID:3550 新莊中平店 $90397.00 → INV/2026/04/000064
[2026/4/17 上午12:03:36]    - ID:3549 三峽大同店 $108044.00 → INV/2026/04/000063
[2026/4/17 上午12:03:36]    - ID:3548 鶯歌鳳鳴店 $54518.00 → INV/2026/04/000062
[2026/4/17 上午12:03:36]    - ID:3547 桃園八德店 $25554.00 → INV/2026/04/000067
[2026/4/17 上午12:03:36]    - ID:3546 土城中央店 $74416.00 → INV/2026/04/000066
[2026/4/17 上午12:03:36]    - ID:3545 楊梅金山店 $55264.00 → INV/2026/04/000058
[2026/4/17 上午12:03:36]    - ID:3544 台南安南店 $54992.00 → INV/2026/04/000050
[2026/4/17 上午12:03:36]    - ID:3543 桃園小檜溪店 $22331.00 → INV/2026/04/000061
[2026/4/17 上午12:03:36]    - ID:3542 桃園南崁店 $11915.00 → INV/2026/04/000060
[2026/4/17 上午12:03:36]    - ID:3541 蘆洲集賢店 $33274.00 → INV/2026/04/000057
[2026/4/17 上午12:03:36]    - ID:3540 桃園中路縣府店 $23981.00 → INV/2026/04/000059
[2026/4/17 上午12:03:36]    - ID:3539 內湖東湖店 $50141.00 → INV/2026/04/000048
[2026/4/17 上午12:03:36] 🔧 自動修正了 0 筆儲值金記錄
[2026/4/17 上午12:03:39] 📱 Telegram 警報發送失敗
[2026/4/17 上午12:03:39] 🔍 GiveMe API 監控完成
[2026/4/17 上午12:33:46] 🔍 GiveMe API 監控開始
[2026/4/17 上午12:33:46] 🛡️ 防護機制狀態正常：腳本層 ✅ API層 ✅
[2026/4/17 上午12:33:46] ❌ 警告：發現 12 筆儲值金被誤開發票！
[2026/4/17 上午12:33:46]    - ID:3550 新莊中平店 $90397.00 → INV/2026/04/000064
[2026/4/17 上午12:33:46]    - ID:3549 三峽大同店 $108044.00 → INV/2026/04/000063
[2026/4/17 上午12:33:46]    - ID:3548 鶯歌鳳鳴店 $54518.00 → INV/2026/04/000062
[2026/4/17 上午12:33:46]    - ID:3547 桃園八德店 $25554.00 → INV/2026/04/000067
[2026/4/17 上午12:33:46]    - ID:3546 土城中央店 $74416.00 → INV/2026/04/000066
[2026/4/17 上午12:33:46]    - ID:3545 楊梅金山店 $55264.00 → INV/2026/04/000058
[2026/4/17 上午12:33:46]    - ID:3544 台南安南店 $54992.00 → INV/2026/04/000050
[2026/4/17 上午12:33:46]    - ID:3543 桃園小檜溪店 $22331.00 → INV/2026/04/000061
[2026/4/17 上午12:33:46]    - ID:3542 桃園南崁店 $11915.00 → INV/2026/04/000060
[2026/4/17 上午12:33:46]    - ID:3541 蘆洲集賢店 $33274.00 → INV/2026/04/000057
[2026/4/17 上午12:33:46]    - ID:3540 桃園中路縣府店 $23981.00 → INV/2026/04/000059
[2026/4/17 上午12:33:46]    - ID:3539 內湖東湖店 $50141.00 → INV/2026/04/000048
[2026/4/17 上午12:33:46] 🔧 自動修正了 0 筆儲值金記錄
[2026/4/17 上午12:33:49] 📱 Telegram 警報發送失敗
[2026/4/17 上午12:33:49] 🔍 GiveMe API 監控完成
[2026/4/17 上午1:03:56] 🔍 GiveMe API 監控開始
[2026/4/17 上午1:03:56] 🛡️ 防護機制狀態正常：腳本層 ✅ API層 ✅
[2026/4/17 上午1:03:56] ❌ 警告：發現 12 筆儲值金被誤開發票！
[2026/4/17 上午1:03:56]    - ID:3550 新莊中平店 $90397.00 → INV/2026/04/000064
[2026/4/17 上午1:03:56]    - ID:3549 三峽大同店 $108044.00 → INV/2026/04/000063
[2026/4/17 上午1:03:56]    - ID:3548 鶯歌鳳鳴店 $54518.00 → INV/2026/04/000062
[2026/4/17 上午1:03:56]    - ID:3547 桃園八德店 $25554.00 → INV/2026/04/000067
[2026/4/17 上午1:03:56]    - ID:3546 土城中央店 $74416.00 → INV/2026/04/000066
[2026/4/17 上午1:03:56]    - ID:3545 楊梅金山店 $55264.00 → INV/2026/04/000058
[2026/4/17 上午1:03:56]    - ID:3544 台南安南店 $54992.00 → INV/2026/04/000050
[2026/4/17 上午1:03:56]    - ID:3543 桃園小檜溪店 $22331.00 → INV/2026/04/000061
[2026/4/17 上午1:03:56]    - ID:3542 桃園南崁店 $11915.00 → INV/2026/04/000060
[2026/4/17 上午1:03:56]    - ID:3541 蘆洲集賢店 $33274.00 → INV/2026/04/000057
[2026/4/17 上午1:03:56]    - ID:3540 桃園中路縣府店 $23981.00 → INV/2026/04/000059
[2026/4/17 上午1:03:56]    - ID:3539 內湖東湖店 $50141.00 → INV/2026/04/000048
[2026/4/17 上午1:03:56] 🔧 自動修正了 0 筆儲值金記錄
[2026/4/17 上午1:04:00] 📱 Telegram 警報發送失敗
[2026/4/17 上午1:04:00] 🔍 GiveMe API 監控完成
[2026/4/17 上午1:34:06] 🔍 GiveMe API 監控開始
[2026/4/17 上午1:34:06] 🛡️ 防護機制狀態正常：腳本層 ✅ API層 ✅
[2026/4/17 上午1:34:06] ❌ 警告：發現 12 筆儲值金被誤開發票！
[2026/4/17 上午1:34:06]    - ID:3550 新莊中平店 $90397.00 → INV/2026/04/000064
[2026/4/17 上午1:34:06]    - ID:3549 三峽大同店 $108044.00 → INV/2026/04/000063
[2026/4/17 上午1:34:06]    - ID:3548 鶯歌鳳鳴店 $54518.00 → INV/2026/04/000062
[2026/4/17 上午1:34:06]    - ID:3547 桃園八德店 $25554.00 → INV/2026/04/000067
[2026/4/17 上午1:34:06]    - ID:3546 土城中央店 $74416.00 → INV/2026/04/000066
[2026/4/17 上午1:34:06]    - ID:3545 楊梅金山店 $55264.00 → INV/2026/04/000058
[2026/4/17 上午1:34:06]    - ID:3544 台南安南店 $54992.00 → INV/2026/04/000050
[2026/4/17 上午1:34:06]    - ID:3543 桃園小檜溪店 $22331.00 → INV/2026/04/000061
[2026/4/17 上午1:34:06]    - ID:3542 桃園南崁店 $11915.00 → INV/2026/04/000060
[2026/4/17 上午1:34:06]    - ID:3541 蘆洲集賢店 $33274.00 → INV/2026/04/000057
[2026/4/17 上午1:34:06]    - ID:3540 桃園中路縣府店 $23981.00 → INV/2026/04/000059
[2026/4/17 上午1:34:06]    - ID:3539 內湖東湖店 $50141.00 → INV/2026/04/000048
[2026/4/17 上午1:34:06] 🔧 自動修正了 0 筆儲值金記錄
[2026/4/17 上午1:34:10] 📱 Telegram 警報發送失敗
[2026/4/17 上午1:34:10] 🔍 GiveMe API 監控完成
[2026/4/17 上午2:04:17] 🔍 GiveMe API 監控開始
[2026/4/17 上午2:04:17] 🛡️ 防護機制狀態正常：腳本層 ✅ API層 ✅
[2026/4/17 上午2:04:17] ❌ 警告：發現 12 筆儲值金被誤開發票！
[2026/4/17 上午2:04:17]    - ID:3550 新莊中平店 $90397.00 → INV/2026/04/000064
[2026/4/17 上午2:04:17]    - ID:3549 三峽大同店 $108044.00 → INV/2026/04/000063
[2026/4/17 上午2:04:17]    - ID:3548 鶯歌鳳鳴店 $54518.00 → INV/2026/04/000062
[2026/4/17 上午2:04:17]    - ID:3547 桃園八德店 $25554.00 → INV/2026/04/000067
[2026/4/17 上午2:04:17]    - ID:3546 土城中央店 $74416.00 → INV/2026/04/000066
[2026/4/17 上午2:04:17]    - ID:3545 楊梅金山店 $55264.00 → INV/2026/04/000058
[2026/4/17 上午2:04:17]    - ID:3544 台南安南店 $54992.00 → INV/2026/04/000050
[2026/4/17 上午2:04:17]    - ID:3543 桃園小檜溪店 $22331.00 → INV/2026/04/000061
[2026/4/17 上午2:04:17]    - ID:3542 桃園南崁店 $11915.00 → INV/2026/04/000060
[2026/4/17 上午2:04:17]    - ID:3541 蘆洲集賢店 $33274.00 → INV/2026/04/000057
[2026/4/17 上午2:04:17]    - ID:3540 桃園中路縣府店 $23981.00 → INV/2026/04/000059
[2026/4/17 上午2:04:17]    - ID:3539 內湖東湖店 $50141.00 → INV/2026/04/000048
[2026/4/17 上午2:04:17] 🔧 自動修正了 0 筆儲值金記錄
[2026/4/17 上午2:04:19] 📱 Telegram 警報發送失敗
[2026/4/17 上午2:04:19] 🔍 GiveMe API 監控完成
[2026/4/17 上午2:34:26] 🔍 GiveMe API 監控開始
[2026/4/17 上午2:34:26] 🛡️ 防護機制狀態正常：腳本層 ✅ API層 ✅
[2026/4/17 上午2:34:26] ❌ 警告：發現 12 筆儲值金被誤開發票！
[2026/4/17 上午2:34:26]    - ID:3550 新莊中平店 $90397.00 → INV/2026/04/000064
[2026/4/17 上午2:34:26]    - ID:3549 三峽大同店 $108044.00 → INV/2026/04/000063
[2026/4/17 上午2:34:26]    - ID:3548 鶯歌鳳鳴店 $54518.00 → INV/2026/04/000062
[2026/4/17 上午2:34:26]    - ID:3547 桃園八德店 $25554.00 → INV/2026/04/000067
[2026/4/17 上午2:34:26]    - ID:3546 土城中央店 $74416.00 → INV/2026/04/000066
[2026/4/17 上午2:34:26]    - ID:3545 楊梅金山店 $55264.00 → INV/2026/04/000058
[2026/4/17 上午2:34:26]    - ID:3544 台南安南店 $54992.00 → INV/2026/04/000050
[2026/4/17 上午2:34:26]    - ID:3543 桃園小檜溪店 $22331.00 → INV/2026/04/000061
[2026/4/17 上午2:34:26]    - ID:3542 桃園南崁店 $11915.00 → INV/2026/04/000060
[2026/4/17 上午2:34:26]    - ID:3541 蘆洲集賢店 $33274.00 → INV/2026/04/000057
[2026/4/17 上午2:34:26]    - ID:3540 桃園中路縣府店 $23981.00 → INV/2026/04/000059
[2026/4/17 上午2:34:26]    - ID:3539 內湖東湖店 $50141.00 → INV/2026/04/000048
[2026/4/17 上午2:34:26] 🔧 自動修正了 0 筆儲值金記錄
[2026/4/17 上午2:34:29] 📱 Telegram 警報發送失敗
[2026/4/17 上午2:34:29] 🔍 GiveMe API 監控完成
[2026/4/17 上午3:04:36] 🔍 GiveMe API 監控開始
[2026/4/17 上午3:04:36] 🛡️ 防護機制狀態正常：腳本層 ✅ API層 ✅
[2026/4/17 上午3:04:37] ❌ 警告：發現 12 筆儲值金被誤開發票！
[2026/4/17 上午3:04:37]    - ID:3550 新莊中平店 $90397.00 → INV/2026/04/000064
[2026/4/17 上午3:04:37]    - ID:3549 三峽大同店 $108044.00 → INV/2026/04/000063
[2026/4/17 上午3:04:37]    - ID:3548 鶯歌鳳鳴店 $54518.00 → INV/2026/04/000062
[2026/4/17 上午3:04:37]    - ID:3547 桃園八德店 $25554.00 → INV/2026/04/000067
[2026/4/17 上午3:04:37]    - ID:3546 土城中央店 $74416.00 → INV/2026/04/000066
[2026/4/17 上午3:04:37]    - ID:3545 楊梅金山店 $55264.00 → INV/2026/04/000058
[2026/4/17 上午3:04:37]    - ID:3544 台南安南店 $54992.00 → INV/2026/04/000050
[2026/4/17 上午3:04:37]    - ID:3543 桃園小檜溪店 $22331.00 → INV/2026/04/000061
[2026/4/17 上午3:04:37]    - ID:3542 桃園南崁店 $11915.00 → INV/2026/04/000060
[2026/4/17 上午3:04:37]    - ID:3541 蘆洲集賢店 $33274.00 → INV/2026/04/000057
[2026/4/17 上午3:04:37]    - ID:3540 桃園中路縣府店 $23981.00 → INV/2026/04/000059
[2026/4/17 上午3:04:37]    - ID:3539 內湖東湖店 $50141.00 → INV/2026/04/000048
[2026/4/17 上午3:04:37] 🔧 自動修正了 0 筆儲值金記錄
[2026/4/17 上午3:04:40] 📱 Telegram 警報發送失敗
[2026/4/17 上午3:04:40] 🔍 GiveMe API 監控完成
[2026/4/17 上午3:34:47] 🔍 GiveMe API 監控開始
[2026/4/17 上午3:34:47] 🛡️ 防護機制狀態正常：腳本層 ✅ API層 ✅
[2026/4/17 上午3:34:47] ❌ 警告：發現 12 筆儲值金被誤開發票！
[2026/4/17 上午3:34:47]    - ID:3550 新莊中平店 $90397.00 → INV/2026/04/000064
[2026/4/17 上午3:34:47]    - ID:3549 三峽大同店 $108044.00 → INV/2026/04/000063
[2026/4/17 上午3:34:47]    - ID:3548 鶯歌鳳鳴店 $54518.00 → INV/2026/04/000062
[2026/4/17 上午3:34:47]    - ID:3547 桃園八德店 $25554.00 → INV/2026/04/000067
[2026/4/17 上午3:34:47]    - ID:3546 土城中央店 $74416.00 → INV/2026/04/000066
[2026/4/17 上午3:34:47]    - ID:3545 楊梅金山店 $55264.00 → INV/2026/04/000058
[2026/4/17 上午3:34:47]    - ID:3544 台南安南店 $54992.00 → INV/2026/04/000050
[2026/4/17 上午3:34:47]    - ID:3543 桃園小檜溪店 $22331.00 → INV/2026/04/000061
[2026/4/17 上午3:34:47]    - ID:3542 桃園南崁店 $11915.00 → INV/2026/04/000060
[2026/4/17 上午3:34:47]    - ID:3541 蘆洲集賢店 $33274.00 → INV/2026/04/000057
[2026/4/17 上午3:34:47]    - ID:3540 桃園中路縣府店 $23981.00 → INV/2026/04/000059
[2026/4/17 上午3:34:47]    - ID:3539 內湖東湖店 $50141.00 → INV/2026/04/000048
[2026/4/17 上午3:34:47] 🔧 自動修正了 0 筆儲值金記錄
[2026/4/17 上午3:34:50] 📱 Telegram 警報發送失敗
[2026/4/17 上午3:34:50] 🔍 GiveMe API 監控完成
[2026/4/17 上午4:04:57] 🔍 GiveMe API 監控開始
[2026/4/17 上午4:04:57] 🛡️ 防護機制狀態正常：腳本層 ✅ API層 ✅
[2026/4/17 上午4:04:57] ❌ 警告：發現 12 筆儲值金被誤開發票！
[2026/4/17 上午4:04:57]    - ID:3550 新莊中平店 $90397.00 → INV/2026/04/000064
[2026/4/17 上午4:04:57]    - ID:3549 三峽大同店 $108044.00 → INV/2026/04/000063
[2026/4/17 上午4:04:57]    - ID:3548 鶯歌鳳鳴店 $54518.00 → INV/2026/04/000062
[2026/4/17 上午4:04:57]    - ID:3547 桃園八德店 $25554.00 → INV/2026/04/000067
[2026/4/17 上午4:04:57]    - ID:3546 土城中央店 $74416.00 → INV/2026/04/000066
[2026/4/17 上午4:04:57]    - ID:3545 楊梅金山店 $55264.00 → INV/2026/04/000058
[2026/4/17 上午4:04:57]    - ID:3544 台南安南店 $54992.00 → INV/2026/04/000050
[2026/4/17 上午4:04:57]    - ID:3543 桃園小檜溪店 $22331.00 → INV/2026/04/000061
[2026/4/17 上午4:04:57]    - ID:3542 桃園南崁店 $11915.00 → INV/2026/04/000060
[2026/4/17 上午4:04:57]    - ID:3541 蘆洲集賢店 $33274.00 → INV/2026/04/000057
[2026/4/17 上午4:04:57]    - ID:3540 桃園中路縣府店 $23981.00 → INV/2026/04/000059
[2026/4/17 上午4:04:57]    - ID:3539 內湖東湖店 $50141.00 → INV/2026/04/000048
[2026/4/17 上午4:04:57] 🔧 自動修正了 0 筆儲值金記錄
[2026/4/17 上午4:05:00] 📱 Telegram 警報發送失敗
[2026/4/17 上午4:05:00] 🔍 GiveMe API 監控完成
[2026/4/17 上午4:35:07] 🔍 GiveMe API 監控開始
[2026/4/17 上午4:35:07] 🛡️ 防護機制狀態正常：腳本層 ✅ API層 ✅
[2026/4/17 上午4:35:07] ❌ 警告：發現 12 筆儲值金被誤開發票！
[2026/4/17 上午4:35:07]    - ID:3550 新莊中平店 $90397.00 → INV/2026/04/000064
[2026/4/17 上午4:35:07]    - ID:3549 三峽大同店 $108044.00 → INV/2026/04/000063
[2026/4/17 上午4:35:07]    - ID:3548 鶯歌鳳鳴店 $54518.00 → INV/2026/04/000062
[2026/4/17 上午4:35:07]    - ID:3547 桃園八德店 $25554.00 → INV/2026/04/000067
[2026/4/17 上午4:35:07]    - ID:3546 土城中央店 $74416.00 → INV/2026/04/000066
[2026/4/17 上午4:35:07]    - ID:3545 楊梅金山店 $55264.00 → INV/2026/04/000058
[2026/4/17 上午4:35:07]    - ID:3544 台南安南店 $54992.00 → INV/2026/04/000050
[2026/4/17 上午4:35:07]    - ID:3543 桃園小檜溪店 $22331.00 → INV/2026/04/000061
[2026/4/17 上午4:35:07]    - ID:3542 桃園南崁店 $11915.00 → INV/2026/04/000060
[2026/4/17 上午4:35:07]    - ID:3541 蘆洲集賢店 $33274.00 → INV/2026/04/000057
[2026/4/17 上午4:35:07]    - ID:3540 桃園中路縣府店 $23981.00 → INV/2026/04/000059
[2026/4/17 上午4:35:07]    - ID:3539 內湖東湖店 $50141.00 → INV/2026/04/000048
[2026/4/17 上午4:35:07] 🔧 自動修正了 0 筆儲值金記錄
[2026/4/17 上午4:35:11] 📱 Telegram 警報發送失敗
[2026/4/17 上午4:35:11] 🔍 GiveMe API 監控完成
[2026/4/17 上午5:05:18] 🔍 GiveMe API 監控開始
[2026/4/17 上午5:05:18] 🛡️ 防護機制狀態正常：腳本層 ✅ API層 ✅
[2026/4/17 上午5:05:18] ❌ 警告：發現 12 筆儲值金被誤開發票！
[2026/4/17 上午5:05:18]    - ID:3550 新莊中平店 $90397.00 → INV/2026/04/000064
[2026/4/17 上午5:05:18]    - ID:3549 三峽大同店 $108044.00 → INV/2026/04/000063
[2026/4/17 上午5:05:18]    - ID:3548 鶯歌鳳鳴店 $54518.00 → INV/2026/04/000062
[2026/4/17 上午5:05:18]    - ID:3547 桃園八德店 $25554.00 → INV/2026/04/000067
[2026/4/17 上午5:05:18]    - ID:3546 土城中央店 $74416.00 → INV/2026/04/000066
[2026/4/17 上午5:05:18]    - ID:3545 楊梅金山店 $55264.00 → INV/2026/04/000058
[2026/4/17 上午5:05:18]    - ID:3544 台南安南店 $54992.00 → INV/2026/04/000050
[2026/4/17 上午5:05:18]    - ID:3543 桃園小檜溪店 $22331.00 → INV/2026/04/000061
[2026/4/17 上午5:05:18]    - ID:3542 桃園南崁店 $11915.00 → INV/2026/04/000060
[2026/4/17 上午5:05:18]    - ID:3541 蘆洲集賢店 $33274.00 → INV/2026/04/000057
[2026/4/17 上午5:05:18]    - ID:3540 桃園中路縣府店 $23981.00 → INV/2026/04/000059
[2026/4/17 上午5:05:18]    - ID:3539 內湖東湖店 $50141.00 → INV/2026/04/000048
[2026/4/17 上午5:05:18] 🔧 自動修正了 0 筆儲值金記錄
[2026/4/17 上午5:05:20] 📱 Telegram 警報發送失敗
[2026/4/17 上午5:05:20] 🔍 GiveMe API 監控完成
[2026/4/17 上午5:35:28] 🔍 GiveMe API 監控開始
[2026/4/17 上午5:35:28] 🛡️ 防護機制狀態正常：腳本層 ✅ API層 ✅
[2026/4/17 上午5:35:28] ❌ 警告：發現 12 筆儲值金被誤開發票！
[2026/4/17 上午5:35:28]    - ID:3550 新莊中平店 $90397.00 → INV/2026/04/000064
[2026/4/17 上午5:35:28]    - ID:3549 三峽大同店 $108044.00 → INV/2026/04/000063
[2026/4/17 上午5:35:28]    - ID:3548 鶯歌鳳鳴店 $54518.00 → INV/2026/04/000062
[2026/4/17 上午5:35:28]    - ID:3547 桃園八德店 $25554.00 → INV/2026/04/000067
[2026/4/17 上午5:35:28]    - ID:3546 土城中央店 $74416.00 → INV/2026/04/000066
[2026/4/17 上午5:35:28]    - ID:3545 楊梅金山店 $55264.00 → INV/2026/04/000058
[2026/4/17 上午5:35:28]    - ID:3544 台南安南店 $54992.00 → INV/2026/04/000050
[2026/4/17 上午5:35:28]    - ID:3543 桃園小檜溪店 $22331.00 → INV/2026/04/000061
[2026/4/17 上午5:35:28]    - ID:3542 桃園南崁店 $11915.00 → INV/2026/04/000060
[2026/4/17 上午5:35:28]    - ID:3541 蘆洲集賢店 $33274.00 → INV/2026/04/000057
[2026/4/17 上午5:35:28]    - ID:3540 桃園中路縣府店 $23981.00 → INV/2026/04/000059
[2026/4/17 上午5:35:28]    - ID:3539 內湖東湖店 $50141.00 → INV/2026/04/000048
[2026/4/17 上午5:35:28] 🔧 自動修正了 0 筆儲值金記錄
[2026/4/17 上午5:35:31] 📱 Telegram 警報發送失敗
[2026/4/17 上午5:35:31] 🔍 GiveMe API 監控完成
[2026/4/17 上午6:05:38] 🔍 GiveMe API 監控開始
[2026/4/17 上午6:05:38] 🛡️ 防護機制狀態正常：腳本層 ✅ API層 ✅
[2026/4/17 上午6:05:38] ❌ 警告：發現 12 筆儲值金被誤開發票！
[2026/4/17 上午6:05:38]    - ID:3550 新莊中平店 $90397.00 → INV/2026/04/000064
[2026/4/17 上午6:05:38]    - ID:3549 三峽大同店 $108044.00 → INV/2026/04/000063
[2026/4/17 上午6:05:38]    - ID:3548 鶯歌鳳鳴店 $54518.00 → INV/2026/04/000062
[2026/4/17 上午6:05:38]    - ID:3547 桃園八德店 $25554.00 → INV/2026/04/000067
[2026/4/17 上午6:05:38]    - ID:3546 土城中央店 $74416.00 → INV/2026/04/000066
[2026/4/17 上午6:05:38]    - ID:3545 楊梅金山店 $55264.00 → INV/2026/04/000058
[2026/4/17 上午6:05:38]    - ID:3544 台南安南店 $54992.00 → INV/2026/04/000050
[2026/4/17 上午6:05:38]    - ID:3543 桃園小檜溪店 $22331.00 → INV/2026/04/000061
[2026/4/17 上午6:05:38]    - ID:3542 桃園南崁店 $11915.00 → INV/2026/04/000060
[2026/4/17 上午6:05:38]    - ID:3541 蘆洲集賢店 $33274.00 → INV/2026/04/000057
[2026/4/17 上午6:05:38]    - ID:3540 桃園中路縣府店 $23981.00 → INV/2026/04/000059
[2026/4/17 上午6:05:38]    - ID:3539 內湖東湖店 $50141.00 → INV/2026/04/000048
[2026/4/17 上午6:05:38] 🔧 自動修正了 0 筆儲值金記錄
[2026/4/17 上午6:05:41] 📱 Telegram 警報發送失敗
[2026/4/17 上午6:05:41] 🔍 GiveMe API 監控完成
[2026/4/17 上午6:35:48] 🔍 GiveMe API 監控開始
[2026/4/17 上午6:35:48] 🛡️ 防護機制狀態正常：腳本層 ✅ API層 ✅
[2026/4/17 上午6:35:48] ❌ 警告：發現 12 筆儲值金被誤開發票！
[2026/4/17 上午6:35:48]    - ID:3550 新莊中平店 $90397.00 → INV/2026/04/000064
[2026/4/17 上午6:35:48]    - ID:3549 三峽大同店 $108044.00 → INV/2026/04/000063
[2026/4/17 上午6:35:48]    - ID:3548 鶯歌鳳鳴店 $54518.00 → INV/2026/04/000062
[2026/4/17 上午6:35:48]    - ID:3547 桃園八德店 $25554.00 → INV/2026/04/000067
[2026/4/17 上午6:35:48]    - ID:3546 土城中央店 $74416.00 → INV/2026/04/000066
[2026/4/17 上午6:35:48]    - ID:3545 楊梅金山店 $55264.00 → INV/2026/04/000058
[2026/4/17 上午6:35:48]    - ID:3544 台南安南店 $54992.00 → INV/2026/04/000050
[2026/4/17 上午6:35:48]    - ID:3543 桃園小檜溪店 $22331.00 → INV/2026/04/000061
[2026/4/17 上午6:35:48]    - ID:3542 桃園南崁店 $11915.00 → INV/2026/04/000060
[2026/4/17 上午6:35:48]    - ID:3541 蘆洲集賢店 $33274.00 → INV/2026/04/000057
[2026/4/17 上午6:35:48]    - ID:3540 桃園中路縣府店 $23981.00 → INV/2026/04/000059
[2026/4/17 上午6:35:48]    - ID:3539 內湖東湖店 $50141.00 → INV/2026/04/000048
[2026/4/17 上午6:35:48] 🔧 自動修正了 0 筆儲值金記錄
[2026/4/17 上午6:35:51] 📱 Telegram 警報發送失敗
[2026/4/17 上午6:35:51] 🔍 GiveMe API 監控完成
[2026/4/17 上午7:05:58] 🔍 GiveMe API 監控開始
[2026/4/17 上午7:05:58] 🛡️ 防護機制狀態正常：腳本層 ✅ API層 ✅
[2026/4/17 上午7:05:58] ❌ 警告：發現 12 筆儲值金被誤開發票！
[2026/4/17 上午7:05:58]    - ID:3550 新莊中平店 $90397.00 → INV/2026/04/000064
[2026/4/17 上午7:05:58]    - ID:3549 三峽大同店 $108044.00 → INV/2026/04/000063
[2026/4/17 上午7:05:58]    - ID:3548 鶯歌鳳鳴店 $54518.00 → INV/2026/04/000062
[2026/4/17 上午7:05:58]    - ID:3547 桃園八德店 $25554.00 → INV/2026/04/000067
[2026/4/17 上午7:05:58]    - ID:3546 土城中央店 $74416.00 → INV/2026/04/000066
[2026/4/17 上午7:05:58]    - ID:3545 楊梅金山店 $55264.00 → INV/2026/04/000058
[2026/4/17 上午7:05:58]    - ID:3544 台南安南店 $54992.00 → INV/2026/04/000050
[2026/4/17 上午7:05:58]    - ID:3543 桃園小檜溪店 $22331.00 → INV/2026/04/000061
[2026/4/17 上午7:05:58]    - ID:3542 桃園南崁店 $11915.00 → INV/2026/04/000060
[2026/4/17 上午7:05:58]    - ID:3541 蘆洲集賢店 $33274.00 → INV/2026/04/000057
[2026/4/17 上午7:05:58]    - ID:3540 桃園中路縣府店 $23981.00 → INV/2026/04/000059
[2026/4/17 上午7:05:58]    - ID:3539 內湖東湖店 $50141.00 → INV/2026/04/000048
[2026/4/17 上午7:05:58] 🔧 自動修正了 0 筆儲值金記錄
[2026/4/17 上午7:06:01] 📱 Telegram 警報發送失敗
[2026/4/17 上午7:06:01] 🔍 GiveMe API 監控完成
[2026/4/17 上午7:36:08] 🔍 GiveMe API 監控開始
[2026/4/17 上午7:36:08] 🛡️ 防護機制狀態正常：腳本層 ✅ API層 ✅
[2026/4/17 上午7:36:08] ❌ 警告：發現 12 筆儲值金被誤開發票！
[2026/4/17 上午7:36:08]    - ID:3550 新莊中平店 $90397.00 → INV/2026/04/000064
[2026/4/17 上午7:36:08]    - ID:3549 三峽大同店 $108044.00 → INV/2026/04/000063
[2026/4/17 上午7:36:08]    - ID:3548 鶯歌鳳鳴店 $54518.00 → INV/2026/04/000062
[2026/4/17 上午7:36:08]    - ID:3547 桃園八德店 $25554.00 → INV/2026/04/000067
[2026/4/17 上午7:36:08]    - ID:3546 土城中央店 $74416.00 → INV/2026/04/000066
[2026/4/17 上午7:36:08]    - ID:3545 楊梅金山店 $55264.00 → INV/2026/04/000058
[2026/4/17 上午7:36:08]    - ID:3544 台南安南店 $54992.00 → INV/2026/04/000050
[2026/4/17 上午7:36:08]    - ID:3543 桃園小檜溪店 $22331.00 → INV/2026/04/000061
[2026/4/17 上午7:36:08]    - ID:3542 桃園南崁店 $11915.00 → INV/2026/04/000060
[2026/4/17 上午7:36:08]    - ID:3541 蘆洲集賢店 $33274.00 → INV/2026/04/000057
[2026/4/17 上午7:36:08]    - ID:3540 桃園中路縣府店 $23981.00 → INV/2026/04/000059
[2026/4/17 上午7:36:08]    - ID:3539 內湖東湖店 $50141.00 → INV/2026/04/000048
[2026/4/17 上午7:36:08] 🔧 自動修正了 0 筆儲值金記錄
[2026/4/17 上午7:36:11] 📱 Telegram 警報發送失敗
[2026/4/17 上午7:36:11] 🔍 GiveMe API 監控完成
[2026/4/17 上午8:06:19] 🔍 GiveMe API 監控開始
[2026/4/17 上午8:06:19] 🛡️ 防護機制狀態正常：腳本層 ✅ API層 ✅
[2026/4/17 上午8:06:19] ❌ 警告：發現 12 筆儲值金被誤開發票！
[2026/4/17 上午8:06:19]    - ID:3550 新莊中平店 $90397.00 → INV/2026/04/000064
[2026/4/17 上午8:06:19]    - ID:3549 三峽大同店 $108044.00 → INV/2026/04/000063
[2026/4/17 上午8:06:19]    - ID:3548 鶯歌鳳鳴店 $54518.00 → INV/2026/04/000062
[2026/4/17 上午8:06:19]    - ID:3547 桃園八德店 $25554.00 → INV/2026/04/000067
[2026/4/17 上午8:06:19]    - ID:3546 土城中央店 $74416.00 → INV/2026/04/000066
[2026/4/17 上午8:06:19]    - ID:3545 楊梅金山店 $55264.00 → INV/2026/04/000058
[2026/4/17 上午8:06:19]    - ID:3544 台南安南店 $54992.00 → INV/2026/04/000050
[2026/4/17 上午8:06:19]    - ID:3543 桃園小檜溪店 $22331.00 → INV/2026/04/000061
[2026/4/17 上午8:06:19]    - ID:3542 桃園南崁店 $11915.00 → INV/2026/04/000060
[2026/4/17 上午8:06:19]    - ID:3541 蘆洲集賢店 $33274.00 → INV/2026/04/000057
[2026/4/17 上午8:06:19]    - ID:3540 桃園中路縣府店 $23981.00 → INV/2026/04/000059
[2026/4/17 上午8:06:19]    - ID:3539 內湖東湖店 $50141.00 → INV/2026/04/000048
[2026/4/17 上午8:06:19] 🔧 自動修正了 0 筆儲值金記錄
[2026/4/17 上午8:06:21] 📱 Telegram 警報發送失敗
[2026/4/17 上午8:06:21] 🔍 GiveMe API 監控完成
[2026/4/17 上午8:36:29] 🔍 GiveMe API 監控開始
[2026/4/17 上午8:36:29] 🛡️ 防護機制狀態正常：腳本層 ✅ API層 ✅
[2026/4/17 上午8:36:29] ❌ 警告：發現 12 筆儲值金被誤開發票！
[2026/4/17 上午8:36:29]    - ID:3550 新莊中平店 $90397.00 → INV/2026/04/000064
[2026/4/17 上午8:36:29]    - ID:3549 三峽大同店 $108044.00 → INV/2026/04/000063
[2026/4/17 上午8:36:29]    - ID:3548 鶯歌鳳鳴店 $54518.00 → INV/2026/04/000062
[2026/4/17 上午8:36:29]    - ID:3547 桃園八德店 $25554.00 → INV/2026/04/000067
[2026/4/17 上午8:36:29]    - ID:3546 土城中央店 $74416.00 → INV/2026/04/000066
[2026/4/17 上午8:36:29]    - ID:3545 楊梅金山店 $55264.00 → INV/2026/04/000058
[2026/4/17 上午8:36:29]    - ID:3544 台南安南店 $54992.00 → INV/2026/04/000050
[2026/4/17 上午8:36:29]    - ID:3543 桃園小檜溪店 $22331.00 → INV/2026/04/000061
[2026/4/17 上午8:36:29]    - ID:3542 桃園南崁店 $11915.00 → INV/2026/04/000060
[2026/4/17 上午8:36:29]    - ID:3541 蘆洲集賢店 $33274.00 → INV/2026/04/000057
[2026/4/17 上午8:36:29]    - ID:3540 桃園中路縣府店 $23981.00 → INV/2026/04/000059
[2026/4/17 上午8:36:29]    - ID:3539 內湖東湖店 $50141.00 → INV/2026/04/000048
[2026/4/17 上午8:36:29] 🔧 自動修正了 0 筆儲值金記錄
[2026/4/17 上午8:36:32] 📱 Telegram 警報發送失敗
[2026/4/17 上午8:36:32] 🔍 GiveMe API 監控完成
[2026/4/17 上午9:06:39] 🔍 GiveMe API 監控開始
[2026/4/17 上午9:06:39] 🛡️ 防護機制狀態正常：腳本層 ✅ API層 ✅
[2026/4/17 上午9:06:39] ❌ 警告：發現 12 筆儲值金被誤開發票！
[2026/4/17 上午9:06:39]    - ID:3550 新莊中平店 $90397.00 → INV/2026/04/000064
[2026/4/17 上午9:06:39]    - ID:3549 三峽大同店 $108044.00 → INV/2026/04/000063
[2026/4/17 上午9:06:39]    - ID:3548 鶯歌鳳鳴店 $54518.00 → INV/2026/04/000062
[2026/4/17 上午9:06:39]    - ID:3547 桃園八德店 $25554.00 → INV/2026/04/000067
[2026/4/17 上午9:06:39]    - ID:3546 土城中央店 $74416.00 → INV/2026/04/000066
[2026/4/17 上午9:06:39]    - ID:3545 楊梅金山店 $55264.00 → INV/2026/04/000058
[2026/4/17 上午9:06:39]    - ID:3544 台南安南店 $54992.00 → INV/2026/04/000050
[2026/4/17 上午9:06:39]    - ID:3543 桃園小檜溪店 $22331.00 → INV/2026/04/000061
[2026/4/17 上午9:06:39]    - ID:3542 桃園南崁店 $11915.00 → INV/2026/04/000060
[2026/4/17 上午9:06:39]    - ID:3541 蘆洲集賢店 $33274.00 → INV/2026/04/000057
[2026/4/17 上午9:06:39]    - ID:3540 桃園中路縣府店 $23981.00 → INV/2026/04/000059
[2026/4/17 上午9:06:39]    - ID:3539 內湖東湖店 $50141.00 → INV/2026/04/000048
[2026/4/17 上午9:06:39] 🔧 自動修正了 0 筆儲值金記錄
[2026/4/17 上午9:06:46] 📱 Telegram 警報發送失敗
[2026/4/17 上午9:06:46] 🔍 GiveMe API 監控完成
[2026/4/17 上午9:36:49] 🔍 GiveMe API 監控開始
[2026/4/17 上午9:36:49] 🛡️ 防護機制狀態正常：腳本層 ✅ API層 ✅
[2026/4/17 上午9:36:49] ❌ 警告：發現 12 筆儲值金被誤開發票！
[2026/4/17 上午9:36:49]    - ID:3550 新莊中平店 $90397.00 → INV/2026/04/000064
[2026/4/17 上午9:36:49]    - ID:3549 三峽大同店 $108044.00 → INV/2026/04/000063
[2026/4/17 上午9:36:49]    - ID:3548 鶯歌鳳鳴店 $54518.00 → INV/2026/04/000062
[2026/4/17 上午9:36:49]    - ID:3547 桃園八德店 $25554.00 → INV/2026/04/000067
[2026/4/17 上午9:36:49]    - ID:3546 土城中央店 $74416.00 → INV/2026/04/000066
[2026/4/17 上午9:36:49]    - ID:3545 楊梅金山店 $55264.00 → INV/2026/04/000058
[2026/4/17 上午9:36:49]    - ID:3544 台南安南店 $54992.00 → INV/2026/04/000050
[2026/4/17 上午9:36:49]    - ID:3543 桃園小檜溪店 $22331.00 → INV/2026/04/000061
[2026/4/17 上午9:36:49]    - ID:3542 桃園南崁店 $11915.00 → INV/2026/04/000060
[2026/4/17 上午9:36:49]    - ID:3541 蘆洲集賢店 $33274.00 → INV/2026/04/000057
[2026/4/17 上午9:36:49]    - ID:3540 桃園中路縣府店 $23981.00 → INV/2026/04/000059
[2026/4/17 上午9:36:49]    - ID:3539 內湖東湖店 $50141.00 → INV/2026/04/000048
[2026/4/17 上午9:36:49] 🔧 自動修正了 0 筆儲值金記錄
[2026/4/17 上午9:36:52] 📱 Telegram 警報發送失敗
[2026/4/17 上午9:36:52] 🔍 GiveMe API 監控完成
[2026/4/17 上午10:06:59] 🔍 GiveMe API 監控開始
[2026/4/17 上午10:06:59] 🛡️ 防護機制狀態正常：腳本層 ✅ API層 ✅
[2026/4/17 上午10:06:59] ❌ 警告：發現 12 筆儲值金被誤開發票！
[2026/4/17 上午10:06:59]    - ID:3550 新莊中平店 $90397.00 → INV/2026/04/000064
[2026/4/17 上午10:06:59]    - ID:3549 三峽大同店 $108044.00 → INV/2026/04/000063
[2026/4/17 上午10:06:59]    - ID:3548 鶯歌鳳鳴店 $54518.00 → INV/2026/04/000062
[2026/4/17 上午10:06:59]    - ID:3547 桃園八德店 $25554.00 → INV/2026/04/000067
[2026/4/17 上午10:06:59]    - ID:3546 土城中央店 $74416.00 → INV/2026/04/000066
[2026/4/17 上午10:06:59]    - ID:3545 楊梅金山店 $55264.00 → INV/2026/04/000058
[2026/4/17 上午10:06:59]    - ID:3544 台南安南店 $54992.00 → INV/2026/04/000050
[2026/4/17 上午10:06:59]    - ID:3543 桃園小檜溪店 $22331.00 → INV/2026/04/000061
[2026/4/17 上午10:06:59]    - ID:3542 桃園南崁店 $11915.00 → INV/2026/04/000060
[2026/4/17 上午10:06:59]    - ID:3541 蘆洲集賢店 $33274.00 → INV/2026/04/000057
[2026/4/17 上午10:06:59]    - ID:3540 桃園中路縣府店 $23981.00 → INV/2026/04/000059
[2026/4/17 上午10:06:59]    - ID:3539 內湖東湖店 $50141.00 → INV/2026/04/000048
[2026/4/17 上午10:06:59] 🔧 自動修正了 0 筆儲值金記錄
[2026/4/17 上午10:07:02] 📱 Telegram 警報發送失敗
[2026/4/17 上午10:07:02] 🔍 GiveMe API 監控完成
[2026/4/17 上午10:37:09] 🔍 GiveMe API 監控開始
[2026/4/17 上午10:37:09] 🛡️ 防護機制狀態正常：腳本層 ✅ API層 ✅
[2026/4/17 上午10:37:09] ❌ 警告：發現 12 筆儲值金被誤開發票！
[2026/4/17 上午10:37:09]    - ID:3550 新莊中平店 $90397.00 → INV/2026/04/000064
[2026/4/17 上午10:37:09]    - ID:3549 三峽大同店 $108044.00 → INV/2026/04/000063
[2026/4/17 上午10:37:09]    - ID:3548 鶯歌鳳鳴店 $54518.00 → INV/2026/04/000062
[2026/4/17 上午10:37:09]    - ID:3547 桃園八德店 $25554.00 → INV/2026/04/000067
[2026/4/17 上午10:37:09]    - ID:3546 土城中央店 $74416.00 → INV/2026/04/000066
[2026/4/17 上午10:37:09]    - ID:3545 楊梅金山店 $55264.00 → INV/2026/04/000058
[2026/4/17 上午10:37:09]    - ID:3544 台南安南店 $54992.00 → INV/2026/04/000050
[2026/4/17 上午10:37:09]    - ID:3543 桃園小檜溪店 $22331.00 → INV/2026/04/000061
[2026/4/17 上午10:37:09]    - ID:3542 桃園南崁店 $11915.00 → INV/2026/04/000060
[2026/4/17 上午10:37:09]    - ID:3541 蘆洲集賢店 $33274.00 → INV/2026/04/000057
[2026/4/17 上午10:37:09]    - ID:3540 桃園中路縣府店 $23981.00 → INV/2026/04/000059
[2026/4/17 上午10:37:09]    - ID:3539 內湖東湖店 $50141.00 → INV/2026/04/000048
[2026/4/17 上午10:37:09] 🔧 自動修正了 0 筆儲值金記錄
[2026/4/17 上午10:37:12] 📱 Telegram 警報發送失敗
[2026/4/17 上午10:37:12] 🔍 GiveMe API 監控完成
[2026/4/17 上午11:07:19] 🔍 GiveMe API 監控開始
[2026/4/17 上午11:07:19] 🛡️ 防護機制狀態正常：腳本層 ✅ API層 ✅
[2026/4/17 上午11:07:20] ❌ 警告：發現 12 筆儲值金被誤開發票！
[2026/4/17 上午11:07:20]    - ID:3550 新莊中平店 $90397.00 → INV/2026/04/000064
[2026/4/17 上午11:07:20]    - ID:3549 三峽大同店 $108044.00 → INV/2026/04/000063
[2026/4/17 上午11:07:20]    - ID:3548 鶯歌鳳鳴店 $54518.00 → INV/2026/04/000062
[2026/4/17 上午11:07:20]    - ID:3547 桃園八德店 $25554.00 → INV/2026/04/000067
[2026/4/17 上午11:07:20]    - ID:3546 土城中央店 $74416.00 → INV/2026/04/000066
[2026/4/17 上午11:07:20]    - ID:3545 楊梅金山店 $55264.00 → INV/2026/04/000058
[2026/4/17 上午11:07:20]    - ID:3544 台南安南店 $54992.00 → INV/2026/04/000050
[2026/4/17 上午11:07:20]    - ID:3543 桃園小檜溪店 $22331.00 → INV/2026/04/000061
[2026/4/17 上午11:07:20]    - ID:3542 桃園南崁店 $11915.00 → INV/2026/04/000060
[2026/4/17 上午11:07:20]    - ID:3541 蘆洲集賢店 $33274.00 → INV/2026/04/000057
[2026/4/17 上午11:07:20]    - ID:3540 桃園中路縣府店 $23981.00 → INV/2026/04/000059
[2026/4/17 上午11:07:20]    - ID:3539 內湖東湖店 $50141.00 → INV/2026/04/000048
[2026/4/17 上午11:07:20] 🔧 自動修正了 0 筆儲值金記錄
[2026/4/17 上午11:07:22] 📱 Telegram 警報發送失敗
[2026/4/17 上午11:07:22] 🔍 GiveMe API 監控完成
[2026/4/17 上午11:37:30] 🔍 GiveMe API 監控開始
[2026/4/17 上午11:37:30] 🛡️ 防護機制狀態正常：腳本層 ✅ API層 ✅
[2026/4/17 上午11:37:30] ❌ 警告：發現 12 筆儲值金被誤開發票！
[2026/4/17 上午11:37:30]    - ID:3550 新莊中平店 $90397.00 → INV/2026/04/000064
[2026/4/17 上午11:37:30]    - ID:3549 三峽大同店 $108044.00 → INV/2026/04/000063
[2026/4/17 上午11:37:30]    - ID:3548 鶯歌鳳鳴店 $54518.00 → INV/2026/04/000062
[2026/4/17 上午11:37:30]    - ID:3547 桃園八德店 $25554.00 → INV/2026/04/000067
[2026/4/17 上午11:37:30]    - ID:3546 土城中央店 $74416.00 → INV/2026/04/000066
[2026/4/17 上午11:37:30]    - ID:3545 楊梅金山店 $55264.00 → INV/2026/04/000058
[2026/4/17 上午11:37:30]    - ID:3544 台南安南店 $54992.00 → INV/2026/04/000050
[2026/4/17 上午11:37:30]    - ID:3543 桃園小檜溪店 $22331.00 → INV/2026/04/000061
[2026/4/17 上午11:37:30]    - ID:3542 桃園南崁店 $11915.00 → INV/2026/04/000060
[2026/4/17 上午11:37:30]    - ID:3541 蘆洲集賢店 $33274.00 → INV/2026/04/000057
[2026/4/17 上午11:37:30]    - ID:3540 桃園中路縣府店 $23981.00 → INV/2026/04/000059
[2026/4/17 上午11:37:30]    - ID:3539 內湖東湖店 $50141.00 → INV/2026/04/000048
[2026/4/17 上午11:37:30] 🔧 自動修正了 0 筆儲值金記錄
[2026/4/17 上午11:37:33] 📱 Telegram 警報發送失敗
[2026/4/17 上午11:37:33] 🔍 GiveMe API 監控完成
[2026/4/17 下午12:07:40] 🔍 GiveMe API 監控開始
[2026/4/17 下午12:07:40] 🛡️ 防護機制狀態正常：腳本層 ✅ API層 ✅
[2026/4/17 下午12:07:40] ❌ 警告：發現 12 筆儲值金被誤開發票！
[2026/4/17 下午12:07:40]    - ID:3550 新莊中平店 $90397.00 → INV/2026/04/000064
[2026/4/17 下午12:07:40]    - ID:3549 三峽大同店 $108044.00 → INV/2026/04/000063
[2026/4/17 下午12:07:40]    - ID:3548 鶯歌鳳鳴店 $54518.00 → INV/2026/04/000062
[2026/4/17 下午12:07:40]    - ID:3547 桃園八德店 $25554.00 → INV/2026/04/000067
[2026/4/17 下午12:07:40]    - ID:3546 土城中央店 $74416.00 → INV/2026/04/000066
[2026/4/17 下午12:07:40]    - ID:3545 楊梅金山店 $55264.00 → INV/2026/04/000058
[2026/4/17 下午12:07:40]    - ID:3544 台南安南店 $54992.00 → INV/2026/04/000050
[2026/4/17 下午12:07:40]    - ID:3543 桃園小檜溪店 $22331.00 → INV/2026/04/000061
[2026/4/17 下午12:07:40]    - ID:3542 桃園南崁店 $11915.00 → INV/2026/04/000060
[2026/4/17 下午12:07:40]    - ID:3541 蘆洲集賢店 $33274.00 → INV/2026/04/000057
[2026/4/17 下午12:07:40]    - ID:3540 桃園中路縣府店 $23981.00 → INV/2026/04/000059
[2026/4/17 下午12:07:40]    - ID:3539 內湖東湖店 $50141.00 → INV/2026/04/000048
[2026/4/17 下午12:07:40] 🔧 自動修正了 0 筆儲值金記錄
[2026/4/17 下午12:07:42] 📱 Telegram 警報發送失敗
[2026/4/17 下午12:07:42] 🔍 GiveMe API 監控完成
[2026/4/17 下午12:37:50] 🔍 GiveMe API 監控開始
[2026/4/17 下午12:37:50] 🛡️ 防護機制狀態正常：腳本層 ✅ API層 ✅
[2026/4/17 下午12:37:50] ❌ 警告：發現 12 筆儲值金被誤開發票！
[2026/4/17 下午12:37:50]    - ID:3550 新莊中平店 $90397.00 → INV/2026/04/000064
[2026/4/17 下午12:37:50]    - ID:3549 三峽大同店 $108044.00 → INV/2026/04/000063
[2026/4/17 下午12:37:50]    - ID:3548 鶯歌鳳鳴店 $54518.00 → INV/2026/04/000062
[2026/4/17 下午12:37:50]    - ID:3547 桃園八德店 $25554.00 → INV/2026/04/000067
[2026/4/17 下午12:37:50]    - ID:3546 土城中央店 $74416.00 → INV/2026/04/000066
[2026/4/17 下午12:37:50]    - ID:3545 楊梅金山店 $55264.00 → INV/2026/04/000058
[2026/4/17 下午12:37:50]    - ID:3544 台南安南店 $54992.00 → INV/2026/04/000050
[2026/4/17 下午12:37:50]    - ID:3543 桃園小檜溪店 $22331.00 → INV/2026/04/000061
[2026/4/17 下午12:37:50]    - ID:3542 桃園南崁店 $11915.00 → INV/2026/04/000060
[2026/4/17 下午12:37:50]    - ID:3541 蘆洲集賢店 $33274.00 → INV/2026/04/000057
[2026/4/17 下午12:37:50]    - ID:3540 桃園中路縣府店 $23981.00 → INV/2026/04/000059
[2026/4/17 下午12:37:50]    - ID:3539 內湖東湖店 $50141.00 → INV/2026/04/000048
[2026/4/17 下午12:37:50] 🔧 自動修正了 0 筆儲值金記錄
[2026/4/17 下午12:37:53] 📱 Telegram 警報發送失敗
[2026/4/17 下午12:37:53] 🔍 GiveMe API 監控完成
[2026/4/17 下午1:08:00] 🔍 GiveMe API 監控開始
[2026/4/17 下午1:08:00] 🛡️ 防護機制狀態正常：腳本層 ✅ API層 ✅
[2026/4/17 下午1:08:00] ❌ 警告：發現 12 筆儲值金被誤開發票！
[2026/4/17 下午1:08:00]    - ID:3550 新莊中平店 $90397.00 → INV/2026/04/000064
[2026/4/17 下午1:08:00]    - ID:3549 三峽大同店 $108044.00 → INV/2026/04/000063
[2026/4/17 下午1:08:00]    - ID:3548 鶯歌鳳鳴店 $54518.00 → INV/2026/04/000062
[2026/4/17 下午1:08:00]    - ID:3547 桃園八德店 $25554.00 → INV/2026/04/000067
[2026/4/17 下午1:08:00]    - ID:3546 土城中央店 $74416.00 → INV/2026/04/000066
[2026/4/17 下午1:08:00]    - ID:3545 楊梅金山店 $55264.00 → INV/2026/04/000058
[2026/4/17 下午1:08:00]    - ID:3544 台南安南店 $54992.00 → INV/2026/04/000050
[2026/4/17 下午1:08:00]    - ID:3543 桃園小檜溪店 $22331.00 → INV/2026/04/000061
[2026/4/17 下午1:08:00]    - ID:3542 桃園南崁店 $11915.00 → INV/2026/04/000060
[2026/4/17 下午1:08:00]    - ID:3541 蘆洲集賢店 $33274.00 → INV/2026/04/000057
[2026/4/17 下午1:08:00]    - ID:3540 桃園中路縣府店 $23981.00 → INV/2026/04/000059
[2026/4/17 下午1:08:00]    - ID:3539 內湖東湖店 $50141.00 → INV/2026/04/000048
[2026/4/17 下午1:08:00] 🔧 自動修正了 0 筆儲值金記錄
[2026/4/17 下午1:08:02] 📱 Telegram 警報發送失敗
[2026/4/17 下午1:08:02] 🔍 GiveMe API 監控完成
[2026/4/17 下午1:38:10] 🔍 GiveMe API 監控開始
[2026/4/17 下午1:38:10] 🛡️ 防護機制狀態正常：腳本層 ✅ API層 ✅
[2026/4/17 下午1:38:10] ❌ 警告：發現 12 筆儲值金被誤開發票！
[2026/4/17 下午1:38:10]    - ID:3550 新莊中平店 $90397.00 → INV/2026/04/000064
[2026/4/17 下午1:38:10]    - ID:3549 三峽大同店 $108044.00 → INV/2026/04/000063
[2026/4/17 下午1:38:10]    - ID:3548 鶯歌鳳鳴店 $54518.00 → INV/2026/04/000062
[2026/4/17 下午1:38:10]    - ID:3547 桃園八德店 $25554.00 → INV/2026/04/000067
[2026/4/17 下午1:38:10]    - ID:3546 土城中央店 $74416.00 → INV/2026/04/000066
[2026/4/17 下午1:38:10]    - ID:3545 楊梅金山店 $55264.00 → INV/2026/04/000058
[2026/4/17 下午1:38:10]    - ID:3544 台南安南店 $54992.00 → INV/2026/04/000050
[2026/4/17 下午1:38:10]    - ID:3543 桃園小檜溪店 $22331.00 → INV/2026/04/000061
[2026/4/17 下午1:38:10]    - ID:3542 桃園南崁店 $11915.00 → INV/2026/04/000060
[2026/4/17 下午1:38:10]    - ID:3541 蘆洲集賢店 $33274.00 → INV/2026/04/000057
[2026/4/17 下午1:38:10]    - ID:3540 桃園中路縣府店 $23981.00 → INV/2026/04/000059
[2026/4/17 下午1:38:10]    - ID:3539 內湖東湖店 $50141.00 → INV/2026/04/000048
[2026/4/17 下午1:38:10] 🔧 自動修正了 0 筆儲值金記錄
[2026/4/17 下午1:38:14] 📱 Telegram 警報發送失敗
[2026/4/17 下午1:38:14] 🔍 GiveMe API 監控完成
[2026/4/17 下午2:08:21] 🔍 GiveMe API 監控開始
[2026/4/17 下午2:08:21] 🛡️ 防護機制狀態正常：腳本層 ✅ API層 ✅
[2026/4/17 下午2:08:21] ❌ 警告：發現 12 筆儲值金被誤開發票！
[2026/4/17 下午2:08:21]    - ID:3550 新莊中平店 $90397.00 → INV/2026/04/000064
[2026/4/17 下午2:08:21]    - ID:3549 三峽大同店 $108044.00 → INV/2026/04/000063
[2026/4/17 下午2:08:21]    - ID:3548 鶯歌鳳鳴店 $54518.00 → INV/2026/04/000062
[2026/4/17 下午2:08:21]    - ID:3547 桃園八德店 $25554.00 → INV/2026/04/000067
[2026/4/17 下午2:08:21]    - ID:3546 土城中央店 $74416.00 → INV/2026/04/000066
[2026/4/17 下午2:08:21]    - ID:3545 楊梅金山店 $55264.00 → INV/2026/04/000058
[2026/4/17 下午2:08:21]    - ID:3544 台南安南店 $54992.00 → INV/2026/04/000050
[2026/4/17 下午2:08:21]    - ID:3543 桃園小檜溪店 $22331.00 → INV/2026/04/000061
[2026/4/17 下午2:08:21]    - ID:3542 桃園南崁店 $11915.00 → INV/2026/04/000060
[2026/4/17 下午2:08:21]    - ID:3541 蘆洲集賢店 $33274.00 → INV/2026/04/000057
[2026/4/17 下午2:08:21]    - ID:3540 桃園中路縣府店 $23981.00 → INV/2026/04/000059
[2026/4/17 下午2:08:21]    - ID:3539 內湖東湖店 $50141.00 → INV/2026/04/000048
[2026/4/17 下午2:08:21] 🔧 自動修正了 0 筆儲值金記錄
[2026/4/17 下午2:08:24] 📱 Telegram 警報發送失敗
[2026/4/17 下午2:08:24] 🔍 GiveMe API 監控完成
[2026/4/17 下午2:38:30] 🔍 GiveMe API 監控開始
[2026/4/17 下午2:38:30] 🛡️ 防護機制狀態正常：腳本層 ✅ API層 ✅
[2026/4/17 下午2:38:30] ❌ 警告：發現 12 筆儲值金被誤開發票！
[2026/4/17 下午2:38:30]    - ID:3550 新莊中平店 $90397.00 → INV/2026/04/000064
[2026/4/17 下午2:38:30]    - ID:3549 三峽大同店 $108044.00 → INV/2026/04/000063
[2026/4/17 下午2:38:30]    - ID:3548 鶯歌鳳鳴店 $54518.00 → INV/2026/04/000062
[2026/4/17 下午2:38:30]    - ID:3547 桃園八德店 $25554.00 → INV/2026/04/000067
[2026/4/17 下午2:38:30]    - ID:3546 土城中央店 $74416.00 → INV/2026/04/000066
[2026/4/17 下午2:38:30]    - ID:3545 楊梅金山店 $55264.00 → INV/2026/04/000058
[2026/4/17 下午2:38:30]    - ID:3544 台南安南店 $54992.00 → INV/2026/04/000050
[2026/4/17 下午2:38:30]    - ID:3543 桃園小檜溪店 $22331.00 → INV/2026/04/000061
[2026/4/17 下午2:38:30]    - ID:3542 桃園南崁店 $11915.00 → INV/2026/04/000060
[2026/4/17 下午2:38:30]    - ID:3541 蘆洲集賢店 $33274.00 → INV/2026/04/000057
[2026/4/17 下午2:38:30]    - ID:3540 桃園中路縣府店 $23981.00 → INV/2026/04/000059
[2026/4/17 下午2:38:30]    - ID:3539 內湖東湖店 $50141.00 → INV/2026/04/000048
[2026/4/17 下午2:38:30] 🔧 自動修正了 0 筆儲值金記錄
[2026/4/17 下午2:38:34] 📱 Telegram 警報發送失敗
[2026/4/17 下午2:38:34] 🔍 GiveMe API 監控完成
[2026/4/17 下午3:08:41] 🔍 GiveMe API 監控開始
[2026/4/17 下午3:08:41] 🛡️ 防護機制狀態正常：腳本層 ✅ API層 ✅
[2026/4/17 下午3:08:41] ❌ 警告：發現 12 筆儲值金被誤開發票！
[2026/4/17 下午3:08:41]    - ID:3550 新莊中平店 $90397.00 → INV/2026/04/000064
[2026/4/17 下午3:08:41]    - ID:3549 三峽大同店 $108044.00 → INV/2026/04/000063
[2026/4/17 下午3:08:41]    - ID:3548 鶯歌鳳鳴店 $54518.00 → INV/2026/04/000062
[2026/4/17 下午3:08:41]    - ID:3547 桃園八德店 $25554.00 → INV/2026/04/000067
[2026/4/17 下午3:08:41]    - ID:3546 土城中央店 $74416.00 → INV/2026/04/000066
[2026/4/17 下午3:08:41]    - ID:3545 楊梅金山店 $55264.00 → INV/2026/04/000058
[2026/4/17 下午3:08:41]    - ID:3544 台南安南店 $54992.00 → INV/2026/04/000050
[2026/4/17 下午3:08:41]    - ID:3543 桃園小檜溪店 $22331.00 → INV/2026/04/000061
[2026/4/17 下午3:08:41]    - ID:3542 桃園南崁店 $11915.00 → INV/2026/04/000060
[2026/4/17 下午3:08:41]    - ID:3541 蘆洲集賢店 $33274.00 → INV/2026/04/000057
[2026/4/17 下午3:08:41]    - ID:3540 桃園中路縣府店 $23981.00 → INV/2026/04/000059
[2026/4/17 下午3:08:41]    - ID:3539 內湖東湖店 $50141.00 → INV/2026/04/000048
[2026/4/17 下午3:08:41] 🔧 自動修正了 0 筆儲值金記錄
[2026/4/17 下午3:08:45] 📱 Telegram 警報發送失敗
[2026/4/17 下午3:08:45] 🔍 GiveMe API 監控完成
[2026/4/17 下午3:38:51] 🔍 GiveMe API 監控開始
[2026/4/17 下午3:38:51] 🛡️ 防護機制狀態正常：腳本層 ✅ API層 ✅
[2026/4/17 下午3:38:51] ❌ 警告：發現 12 筆儲值金被誤開發票！
[2026/4/17 下午3:38:51]    - ID:3550 新莊中平店 $90397.00 → INV/2026/04/000064
[2026/4/17 下午3:38:51]    - ID:3549 三峽大同店 $108044.00 → INV/2026/04/000063
[2026/4/17 下午3:38:51]    - ID:3548 鶯歌鳳鳴店 $54518.00 → INV/2026/04/000062
[2026/4/17 下午3:38:51]    - ID:3547 桃園八德店 $25554.00 → INV/2026/04/000067
[2026/4/17 下午3:38:51]    - ID:3546 土城中央店 $74416.00 → INV/2026/04/000066
[2026/4/17 下午3:38:51]    - ID:3545 楊梅金山店 $55264.00 → INV/2026/04/000058
[2026/4/17 下午3:38:51]    - ID:3544 台南安南店 $54992.00 → INV/2026/04/000050
[2026/4/17 下午3:38:51]    - ID:3543 桃園小檜溪店 $22331.00 → INV/2026/04/000061
[2026/4/17 下午3:38:51]    - ID:3542 桃園南崁店 $11915.00 → INV/2026/04/000060
[2026/4/17 下午3:38:51]    - ID:3541 蘆洲集賢店 $33274.00 → INV/2026/04/000057
[2026/4/17 下午3:38:51]    - ID:3540 桃園中路縣府店 $23981.00 → INV/2026/04/000059
[2026/4/17 下午3:38:51]    - ID:3539 內湖東湖店 $50141.00 → INV/2026/04/000048
[2026/4/17 下午3:38:51] 🔧 自動修正了 0 筆儲值金記錄
[2026/4/17 下午3:38:56] 📱 Telegram 警報發送失敗
[2026/4/17 下午3:38:56] 🔍 GiveMe API 監控完成
[2026/4/17 下午4:09:01] 🔍 GiveMe API 監控開始
[2026/4/17 下午4:09:01] 🛡️ 防護機制狀態正常：腳本層 ✅ API層 ✅
[2026/4/17 下午4:09:01] ❌ 警告：發現 12 筆儲值金被誤開發票！
[2026/4/17 下午4:09:01]    - ID:3550 新莊中平店 $90397.00 → INV/2026/04/000064
[2026/4/17 下午4:09:01]    - ID:3549 三峽大同店 $108044.00 → INV/2026/04/000063
[2026/4/17 下午4:09:01]    - ID:3548 鶯歌鳳鳴店 $54518.00 → INV/2026/04/000062
[2026/4/17 下午4:09:01]    - ID:3547 桃園八德店 $25554.00 → INV/2026/04/000067
[2026/4/17 下午4:09:01]    - ID:3546 土城中央店 $74416.00 → INV/2026/04/000066
[2026/4/17 下午4:09:01]    - ID:3545 楊梅金山店 $55264.00 → INV/2026/04/000058
[2026/4/17 下午4:09:01]    - ID:3544 台南安南店 $54992.00 → INV/2026/04/000050
[2026/4/17 下午4:09:01]    - ID:3543 桃園小檜溪店 $22331.00 → INV/2026/04/000061
[2026/4/17 下午4:09:01]    - ID:3542 桃園南崁店 $11915.00 → INV/2026/04/000060
[2026/4/17 下午4:09:01]    - ID:3541 蘆洲集賢店 $33274.00 → INV/2026/04/000057
[2026/4/17 下午4:09:01]    - ID:3540 桃園中路縣府店 $23981.00 → INV/2026/04/000059
[2026/4/17 下午4:09:01]    - ID:3539 內湖東湖店 $50141.00 → INV/2026/04/000048
[2026/4/17 下午4:09:01] 🔧 自動修正了 0 筆儲值金記錄
[2026/4/17 下午4:09:04] 📱 Telegram 警報發送失敗
[2026/4/17 下午4:09:04] 🔍 GiveMe API 監控完成
[2026/4/17 下午4:39:11] 🔍 GiveMe API 監控開始
[2026/4/17 下午4:39:11] 🛡️ 防護機制狀態正常：腳本層 ✅ API層 ✅
[2026/4/17 下午4:39:11] ❌ 警告：發現 12 筆儲值金被誤開發票！
[2026/4/17 下午4:39:11]    - ID:3550 新莊中平店 $90397.00 → INV/2026/04/000064
[2026/4/17 下午4:39:11]    - ID:3549 三峽大同店 $108044.00 → INV/2026/04/000063
[2026/4/17 下午4:39:11]    - ID:3548 鶯歌鳳鳴店 $54518.00 → INV/2026/04/000062
[2026/4/17 下午4:39:11]    - ID:3547 桃園八德店 $25554.00 → INV/2026/04/000067
[2026/4/17 下午4:39:11]    - ID:3546 土城中央店 $74416.00 → INV/2026/04/000066
[2026/4/17 下午4:39:11]    - ID:3545 楊梅金山店 $55264.00 → INV/2026/04/000058
[2026/4/17 下午4:39:11]    - ID:3544 台南安南店 $54992.00 → INV/2026/04/000050
[2026/4/17 下午4:39:11]    - ID:3543 桃園小檜溪店 $22331.00 → INV/2026/04/000061
[2026/4/17 下午4:39:11]    - ID:3542 桃園南崁店 $11915.00 → INV/2026/04/000060
[2026/4/17 下午4:39:11]    - ID:3541 蘆洲集賢店 $33274.00 → INV/2026/04/000057
[2026/4/17 下午4:39:11]    - ID:3540 桃園中路縣府店 $23981.00 → INV/2026/04/000059
[2026/4/17 下午4:39:11]    - ID:3539 內湖東湖店 $50141.00 → INV/2026/04/000048
[2026/4/17 下午4:39:11] 🔧 自動修正了 0 筆儲值金記錄
[2026/4/17 下午4:39:14] 📱 Telegram 警報發送失敗
[2026/4/17 下午4:39:14] 🔍 GiveMe API 監控完成
[2026/4/17 下午5:09:21] 🔍 GiveMe API 監控開始
[2026/4/17 下午5:09:21] 🛡️ 防護機制狀態正常：腳本層 ✅ API層 ✅
[2026/4/17 下午5:09:21] ❌ 警告：發現 12 筆儲值金被誤開發票！
[2026/4/17 下午5:09:21]    - ID:3550 新莊中平店 $90397.00 → INV/2026/04/000064
[2026/4/17 下午5:09:21]    - ID:3549 三峽大同店 $108044.00 → INV/2026/04/000063
[2026/4/17 下午5:09:21]    - ID:3548 鶯歌鳳鳴店 $54518.00 → INV/2026/04/000062
[2026/4/17 下午5:09:21]    - ID:3547 桃園八德店 $25554.00 → INV/2026/04/000067
[2026/4/17 下午5:09:21]    - ID:3546 土城中央店 $74416.00 → INV/2026/04/000066
[2026/4/17 下午5:09:21]    - ID:3545 楊梅金山店 $55264.00 → INV/2026/04/000058
[2026/4/17 下午5:09:21]    - ID:3544 台南安南店 $54992.00 → INV/2026/04/000050
[2026/4/17 下午5:09:21]    - ID:3543 桃園小檜溪店 $22331.00 → INV/2026/04/000061
[2026/4/17 下午5:09:21]    - ID:3542 桃園南崁店 $11915.00 → INV/2026/04/000060
[2026/4/17 下午5:09:21]    - ID:3541 蘆洲集賢店 $33274.00 → INV/2026/04/000057
[2026/4/17 下午5:09:21]    - ID:3540 桃園中路縣府店 $23981.00 → INV/2026/04/000059
[2026/4/17 下午5:09:21]    - ID:3539 內湖東湖店 $50141.00 → INV/2026/04/000048
[2026/4/17 下午5:09:21] 🔧 自動修正了 0 筆儲值金記錄
[2026/4/17 下午5:09:24] 📱 Telegram 警報發送失敗
[2026/4/17 下午5:09:24] 🔍 GiveMe API 監控完成
[2026/4/17 下午5:39:32] 🔍 GiveMe API 監控開始
[2026/4/17 下午5:39:32] 🛡️ 防護機制狀態正常：腳本層 ✅ API層 ✅
[2026/4/17 下午5:39:32] ❌ 警告：發現 12 筆儲值金被誤開發票！
[2026/4/17 下午5:39:32]    - ID:3550 新莊中平店 $90397.00 → INV/2026/04/000064
[2026/4/17 下午5:39:32]    - ID:3549 三峽大同店 $108044.00 → INV/2026/04/000063
[2026/4/17 下午5:39:32]    - ID:3548 鶯歌鳳鳴店 $54518.00 → INV/2026/04/000062
[2026/4/17 下午5:39:32]    - ID:3547 桃園八德店 $25554.00 → INV/2026/04/000067
[2026/4/17 下午5:39:32]    - ID:3546 土城中央店 $74416.00 → INV/2026/04/000066
[2026/4/17 下午5:39:32]    - ID:3545 楊梅金山店 $55264.00 → INV/2026/04/000058
[2026/4/17 下午5:39:32]    - ID:3544 台南安南店 $54992.00 → INV/2026/04/000050
[2026/4/17 下午5:39:32]    - ID:3543 桃園小檜溪店 $22331.00 → INV/2026/04/000061
[2026/4/17 下午5:39:32]    - ID:3542 桃園南崁店 $11915.00 → INV/2026/04/000060
[2026/4/17 下午5:39:32]    - ID:3541 蘆洲集賢店 $33274.00 → INV/2026/04/000057
[2026/4/17 下午5:39:32]    - ID:3540 桃園中路縣府店 $23981.00 → INV/2026/04/000059
[2026/4/17 下午5:39:32]    - ID:3539 內湖東湖店 $50141.00 → INV/2026/04/000048
[2026/4/17 下午5:39:32] 🔧 自動修正了 0 筆儲值金記錄
[2026/4/17 下午5:39:35] 📱 Telegram 警報發送失敗
[2026/4/17 下午5:39:35] 🔍 GiveMe API 監控完成
[2026/4/17 下午6:09:42] 🔍 GiveMe API 監控開始
[2026/4/17 下午6:09:42] 🛡️ 防護機制狀態正常：腳本層 ✅ API層 ✅
[2026/4/17 下午6:09:42] ❌ 警告：發現 12 筆儲值金被誤開發票！
[2026/4/17 下午6:09:42]    - ID:3550 新莊中平店 $90397.00 → INV/2026/04/000064
[2026/4/17 下午6:09:42]    - ID:3549 三峽大同店 $108044.00 → INV/2026/04/000063
[2026/4/17 下午6:09:42]    - ID:3548 鶯歌鳳鳴店 $54518.00 → INV/2026/04/000062
[2026/4/17 下午6:09:42]    - ID:3547 桃園八德店 $25554.00 → INV/2026/04/000067
[2026/4/17 下午6:09:42]    - ID:3546 土城中央店 $74416.00 → INV/2026/04/000066
[2026/4/17 下午6:09:42]    - ID:3545 楊梅金山店 $55264.00 → INV/2026/04/000058
[2026/4/17 下午6:09:42]    - ID:3544 台南安南店 $54992.00 → INV/2026/04/000050
[2026/4/17 下午6:09:42]    - ID:3543 桃園小檜溪店 $22331.00 → INV/2026/04/000061
[2026/4/17 下午6:09:42]    - ID:3542 桃園南崁店 $11915.00 → INV/2026/04/000060
[2026/4/17 下午6:09:42]    - ID:3541 蘆洲集賢店 $33274.00 → INV/2026/04/000057
[2026/4/17 下午6:09:42]    - ID:3540 桃園中路縣府店 $23981.00 → INV/2026/04/000059
[2026/4/17 下午6:09:42]    - ID:3539 內湖東湖店 $50141.00 → INV/2026/04/000048
[2026/4/17 下午6:09:42] 🔧 自動修正了 0 筆儲值金記錄
[2026/4/17 下午6:09:45] 📱 Telegram 警報發送失敗
[2026/4/17 下午6:09:45] 🔍 GiveMe API 監控完成
[2026/4/17 下午6:39:52] 🔍 GiveMe API 監控開始
[2026/4/17 下午6:39:52] 🛡️ 防護機制狀態正常：腳本層 ✅ API層 ✅
[2026/4/17 下午6:39:52] ❌ 警告：發現 12 筆儲值金被誤開發票！
[2026/4/17 下午6:39:52]    - ID:3550 新莊中平店 $90397.00 → INV/2026/04/000064
[2026/4/17 下午6:39:52]    - ID:3549 三峽大同店 $108044.00 → INV/2026/04/000063
[2026/4/17 下午6:39:52]    - ID:3548 鶯歌鳳鳴店 $54518.00 → INV/2026/04/000062
[2026/4/17 下午6:39:52]    - ID:3547 桃園八德店 $25554.00 → INV/2026/04/000067
[2026/4/17 下午6:39:52]    - ID:3546 土城中央店 $74416.00 → INV/2026/04/000066
[2026/4/17 下午6:39:52]    - ID:3545 楊梅金山店 $55264.00 → INV/2026/04/000058
[2026/4/17 下午6:39:52]    - ID:3544 台南安南店 $54992.00 → INV/2026/04/000050
[2026/4/17 下午6:39:52]    - ID:3543 桃園小檜溪店 $22331.00 → INV/2026/04/000061
[2026/4/17 下午6:39:52]    - ID:3542 桃園南崁店 $11915.00 → INV/2026/04/000060
[2026/4/17 下午6:39:52]    - ID:3541 蘆洲集賢店 $33274.00 → INV/2026/04/000057
[2026/4/17 下午6:39:52]    - ID:3540 桃園中路縣府店 $23981.00 → INV/2026/04/000059
[2026/4/17 下午6:39:52]    - ID:3539 內湖東湖店 $50141.00 → INV/2026/04/000048
[2026/4/17 下午6:39:52] 🔧 自動修正了 0 筆儲值金記錄
[2026/4/17 下午6:39:56] 📱 Telegram 警報發送失敗
[2026/4/17 下午6:39:56] 🔍 GiveMe API 監控完成
[2026/4/17 下午7:10:02] 🔍 GiveMe API 監控開始
[2026/4/17 下午7:10:02] 🛡️ 防護機制狀態正常：腳本層 ✅ API層 ✅
[2026/4/17 下午7:10:03] ❌ 警告：發現 12 筆儲值金被誤開發票！
[2026/4/17 下午7:10:03]    - ID:3550 新莊中平店 $90397.00 → INV/2026/04/000064
[2026/4/17 下午7:10:03]    - ID:3549 三峽大同店 $108044.00 → INV/2026/04/000063
[2026/4/17 下午7:10:03]    - ID:3548 鶯歌鳳鳴店 $54518.00 → INV/2026/04/000062
[2026/4/17 下午7:10:03]    - ID:3547 桃園八德店 $25554.00 → INV/2026/04/000067
[2026/4/17 下午7:10:03]    - ID:3546 土城中央店 $74416.00 → INV/2026/04/000066
[2026/4/17 下午7:10:03]    - ID:3545 楊梅金山店 $55264.00 → INV/2026/04/000058
[2026/4/17 下午7:10:03]    - ID:3544 台南安南店 $54992.00 → INV/2026/04/000050
[2026/4/17 下午7:10:03]    - ID:3543 桃園小檜溪店 $22331.00 → INV/2026/04/000061
[2026/4/17 下午7:10:03]    - ID:3542 桃園南崁店 $11915.00 → INV/2026/04/000060
[2026/4/17 下午7:10:03]    - ID:3541 蘆洲集賢店 $33274.00 → INV/2026/04/000057
[2026/4/17 下午7:10:03]    - ID:3540 桃園中路縣府店 $23981.00 → INV/2026/04/000059
[2026/4/17 下午7:10:03]    - ID:3539 內湖東湖店 $50141.00 → INV/2026/04/000048
[2026/4/17 下午7:10:03] 🔧 自動修正了 0 筆儲值金記錄
[2026/4/17 下午7:10:10] 📱 Telegram 警報發送失敗
[2026/4/17 下午7:10:10] 🔍 GiveMe API 監控完成
[2026/4/17 下午7:40:13] 🔍 GiveMe API 監控開始
[2026/4/17 下午7:40:13] 🛡️ 防護機制狀態正常：腳本層 ✅ API層 ✅
[2026/4/17 下午7:40:13] ❌ 警告：發現 12 筆儲值金被誤開發票！
[2026/4/17 下午7:40:13]    - ID:3550 新莊中平店 $90397.00 → INV/2026/04/000064
[2026/4/17 下午7:40:13]    - ID:3549 三峽大同店 $108044.00 → INV/2026/04/000063
[2026/4/17 下午7:40:13]    - ID:3548 鶯歌鳳鳴店 $54518.00 → INV/2026/04/000062
[2026/4/17 下午7:40:13]    - ID:3547 桃園八德店 $25554.00 → INV/2026/04/000067
[2026/4/17 下午7:40:13]    - ID:3546 土城中央店 $74416.00 → INV/2026/04/000066
[2026/4/17 下午7:40:13]    - ID:3545 楊梅金山店 $55264.00 → INV/2026/04/000058
[2026/4/17 下午7:40:13]    - ID:3544 台南安南店 $54992.00 → INV/2026/04/000050
[2026/4/17 下午7:40:13]    - ID:3543 桃園小檜溪店 $22331.00 → INV/2026/04/000061
[2026/4/17 下午7:40:13]    - ID:3542 桃園南崁店 $11915.00 → INV/2026/04/000060
[2026/4/17 下午7:40:13]    - ID:3541 蘆洲集賢店 $33274.00 → INV/2026/04/000057
[2026/4/17 下午7:40:13]    - ID:3540 桃園中路縣府店 $23981.00 → INV/2026/04/000059
[2026/4/17 下午7:40:13]    - ID:3539 內湖東湖店 $50141.00 → INV/2026/04/000048
[2026/4/17 下午7:40:13] 🔧 自動修正了 0 筆儲值金記錄
[2026/4/17 下午7:40:16] 📱 Telegram 警報發送失敗
[2026/4/17 下午7:40:16] 🔍 GiveMe API 監控完成
[2026/4/17 下午8:10:23] 🔍 GiveMe API 監控開始
[2026/4/17 下午8:10:23] 🛡️ 防護機制狀態正常：腳本層 ✅ API層 ✅
[2026/4/17 下午8:10:23] ❌ 警告：發現 12 筆儲值金被誤開發票！
[2026/4/17 下午8:10:23]    - ID:3550 新莊中平店 $90397.00 → INV/2026/04/000064
[2026/4/17 下午8:10:23]    - ID:3549 三峽大同店 $108044.00 → INV/2026/04/000063
[2026/4/17 下午8:10:23]    - ID:3548 鶯歌鳳鳴店 $54518.00 → INV/2026/04/000062
[2026/4/17 下午8:10:23]    - ID:3547 桃園八德店 $25554.00 → INV/2026/04/000067
[2026/4/17 下午8:10:23]    - ID:3546 土城中央店 $74416.00 → INV/2026/04/000066
[2026/4/17 下午8:10:23]    - ID:3545 楊梅金山店 $55264.00 → INV/2026/04/000058
[2026/4/17 下午8:10:23]    - ID:3544 台南安南店 $54992.00 → INV/2026/04/000050
[2026/4/17 下午8:10:23]    - ID:3543 桃園小檜溪店 $22331.00 → INV/2026/04/000061
[2026/4/17 下午8:10:23]    - ID:3542 桃園南崁店 $11915.00 → INV/2026/04/000060
[2026/4/17 下午8:10:23]    - ID:3541 蘆洲集賢店 $33274.00 → INV/2026/04/000057
[2026/4/17 下午8:10:23]    - ID:3540 桃園中路縣府店 $23981.00 → INV/2026/04/000059
[2026/4/17 下午8:10:23]    - ID:3539 內湖東湖店 $50141.00 → INV/2026/04/000048
[2026/4/17 下午8:10:23] 🔧 自動修正了 0 筆儲值金記錄
[2026/4/17 下午8:10:25] 📱 Telegram 警報發送失敗
[2026/4/17 下午8:10:25] 🔍 GiveMe API 監控完成
[2026/4/17 下午8:40:33] 🔍 GiveMe API 監控開始
[2026/4/17 下午8:40:33] 🛡️ 防護機制狀態正常：腳本層 ✅ API層 ✅
[2026/4/17 下午8:40:33] ❌ 警告：發現 12 筆儲值金被誤開發票！
[2026/4/17 下午8:40:33]    - ID:3550 新莊中平店 $90397.00 → INV/2026/04/000064
[2026/4/17 下午8:40:33]    - ID:3549 三峽大同店 $108044.00 → INV/2026/04/000063
[2026/4/17 下午8:40:33]    - ID:3548 鶯歌鳳鳴店 $54518.00 → INV/2026/04/000062
[2026/4/17 下午8:40:33]    - ID:3547 桃園八德店 $25554.00 → INV/2026/04/000067
[2026/4/17 下午8:40:33]    - ID:3546 土城中央店 $74416.00 → INV/2026/04/000066
[2026/4/17 下午8:40:33]    - ID:3545 楊梅金山店 $55264.00 → INV/2026/04/000058
[2026/4/17 下午8:40:33]    - ID:3544 台南安南店 $54992.00 → INV/2026/04/000050
[2026/4/17 下午8:40:33]    - ID:3543 桃園小檜溪店 $22331.00 → INV/2026/04/000061
[2026/4/17 下午8:40:33]    - ID:3542 桃園南崁店 $11915.00 → INV/2026/04/000060
[2026/4/17 下午8:40:33]    - ID:3541 蘆洲集賢店 $33274.00 → INV/2026/04/000057
[2026/4/17 下午8:40:33]    - ID:3540 桃園中路縣府店 $23981.00 → INV/2026/04/000059
[2026/4/17 下午8:40:33]    - ID:3539 內湖東湖店 $50141.00 → INV/2026/04/000048
[2026/4/17 下午8:40:33] 🔧 自動修正了 0 筆儲值金記錄
[2026/4/17 下午8:40:37] 📱 Telegram 警報發送失敗
[2026/4/17 下午8:40:37] 🔍 GiveMe API 監控完成
[2026/4/17 下午9:10:43] 🔍 GiveMe API 監控開始
[2026/4/17 下午9:10:43] 🛡️ 防護機制狀態正常：腳本層 ✅ API層 ✅
[2026/4/17 下午9:10:43] ❌ 警告：發現 12 筆儲值金被誤開發票！
[2026/4/17 下午9:10:43]    - ID:3550 新莊中平店 $90397.00 → INV/2026/04/000064
[2026/4/17 下午9:10:43]    - ID:3549 三峽大同店 $108044.00 → INV/2026/04/000063
[2026/4/17 下午9:10:43]    - ID:3548 鶯歌鳳鳴店 $54518.00 → INV/2026/04/000062
[2026/4/17 下午9:10:43]    - ID:3547 桃園八德店 $25554.00 → INV/2026/04/000067
[2026/4/17 下午9:10:43]    - ID:3546 土城中央店 $74416.00 → INV/2026/04/000066
[2026/4/17 下午9:10:43]    - ID:3545 楊梅金山店 $55264.00 → INV/2026/04/000058
[2026/4/17 下午9:10:43]    - ID:3544 台南安南店 $54992.00 → INV/2026/04/000050
[2026/4/17 下午9:10:43]    - ID:3543 桃園小檜溪店 $22331.00 → INV/2026/04/000061
[2026/4/17 下午9:10:43]    - ID:3542 桃園南崁店 $11915.00 → INV/2026/04/000060
[2026/4/17 下午9:10:43]    - ID:3541 蘆洲集賢店 $33274.00 → INV/2026/04/000057
[2026/4/17 下午9:10:43]    - ID:3540 桃園中路縣府店 $23981.00 → INV/2026/04/000059
[2026/4/17 下午9:10:43]    - ID:3539 內湖東湖店 $50141.00 → INV/2026/04/000048
[2026/4/17 下午9:10:43] 🔧 自動修正了 0 筆儲值金記錄
[2026/4/17 下午9:10:46] 📱 Telegram 警報發送失敗
[2026/4/17 下午9:10:46] 🔍 GiveMe API 監控完成
[2026/4/17 下午9:40:53] 🔍 GiveMe API 監控開始
[2026/4/17 下午9:40:53] 🛡️ 防護機制狀態正常：腳本層 ✅ API層 ✅
[2026/4/17 下午9:40:53] ❌ 警告：發現 12 筆儲值金被誤開發票！
[2026/4/17 下午9:40:53]    - ID:3550 新莊中平店 $90397.00 → INV/2026/04/000064
[2026/4/17 下午9:40:53]    - ID:3549 三峽大同店 $108044.00 → INV/2026/04/000063
[2026/4/17 下午9:40:53]    - ID:3548 鶯歌鳳鳴店 $54518.00 → INV/2026/04/000062
[2026/4/17 下午9:40:53]    - ID:3547 桃園八德店 $25554.00 → INV/2026/04/000067
[2026/4/17 下午9:40:53]    - ID:3546 土城中央店 $74416.00 → INV/2026/04/000066
[2026/4/17 下午9:40:53]    - ID:3545 楊梅金山店 $55264.00 → INV/2026/04/000058
[2026/4/17 下午9:40:53]    - ID:3544 台南安南店 $54992.00 → INV/2026/04/000050
[2026/4/17 下午9:40:53]    - ID:3543 桃園小檜溪店 $22331.00 → INV/2026/04/000061
[2026/4/17 下午9:40:53]    - ID:3542 桃園南崁店 $11915.00 → INV/2026/04/000060
[2026/4/17 下午9:40:53]    - ID:3541 蘆洲集賢店 $33274.00 → INV/2026/04/000057
[2026/4/17 下午9:40:53]    - ID:3540 桃園中路縣府店 $23981.00 → INV/2026/04/000059
[2026/4/17 下午9:40:53]    - ID:3539 內湖東湖店 $50141.00 → INV/2026/04/000048
[2026/4/17 下午9:40:53] 🔧 自動修正了 0 筆儲值金記錄
[2026/4/17 下午9:40:57] 📱 Telegram 警報發送失敗
[2026/4/17 下午9:40:57] 🔍 GiveMe API 監控完成
[2026/4/17 下午10:11:03] 🔍 GiveMe API 監控開始
[2026/4/17 下午10:11:03] 🛡️ 防護機制狀態正常：腳本層 ✅ API層 ✅
[2026/4/17 下午10:11:04] ❌ 警告：發現 12 筆儲值金被誤開發票！
[2026/4/17 下午10:11:04]    - ID:3550 新莊中平店 $90397.00 → INV/2026/04/000064
[2026/4/17 下午10:11:04]    - ID:3549 三峽大同店 $108044.00 → INV/2026/04/000063
[2026/4/17 下午10:11:04]    - ID:3548 鶯歌鳳鳴店 $54518.00 → INV/2026/04/000062
[2026/4/17 下午10:11:04]    - ID:3547 桃園八德店 $25554.00 → INV/2026/04/000067
[2026/4/17 下午10:11:04]    - ID:3546 土城中央店 $74416.00 → INV/2026/04/000066
[2026/4/17 下午10:11:04]    - ID:3545 楊梅金山店 $55264.00 → INV/2026/04/000058
[2026/4/17 下午10:11:04]    - ID:3544 台南安南店 $54992.00 → INV/2026/04/000050
[2026/4/17 下午10:11:04]    - ID:3543 桃園小檜溪店 $22331.00 → INV/2026/04/000061
[2026/4/17 下午10:11:04]    - ID:3542 桃園南崁店 $11915.00 → INV/2026/04/000060
[2026/4/17 下午10:11:04]    - ID:3541 蘆洲集賢店 $33274.00 → INV/2026/04/000057
[2026/4/17 下午10:11:04]    - ID:3540 桃園中路縣府店 $23981.00 → INV/2026/04/000059
[2026/4/17 下午10:11:04]    - ID:3539 內湖東湖店 $50141.00 → INV/2026/04/000048
[2026/4/17 下午10:11:04] 🔧 自動修正了 0 筆儲值金記錄
[2026/4/17 下午10:11:06] 📱 Telegram 警報發送失敗
[2026/4/17 下午10:11:06] 🔍 GiveMe API 監控完成
[2026/4/17 下午10:41:14] 🔍 GiveMe API 監控開始
[2026/4/17 下午10:41:14] 🛡️ 防護機制狀態正常：腳本層 ✅ API層 ✅
[2026/4/17 下午10:41:14] ❌ 警告：發現 12 筆儲值金被誤開發票！
[2026/4/17 下午10:41:14]    - ID:3550 新莊中平店 $90397.00 → INV/2026/04/000064
[2026/4/17 下午10:41:14]    - ID:3549 三峽大同店 $108044.00 → INV/2026/04/000063
[2026/4/17 下午10:41:14]    - ID:3548 鶯歌鳳鳴店 $54518.00 → INV/2026/04/000062
[2026/4/17 下午10:41:14]    - ID:3547 桃園八德店 $25554.00 → INV/2026/04/000067
[2026/4/17 下午10:41:14]    - ID:3546 土城中央店 $74416.00 → INV/2026/04/000066
[2026/4/17 下午10:41:14]    - ID:3545 楊梅金山店 $55264.00 → INV/2026/04/000058
[2026/4/17 下午10:41:14]    - ID:3544 台南安南店 $54992.00 → INV/2026/04/000050
[2026/4/17 下午10:41:14]    - ID:3543 桃園小檜溪店 $22331.00 → INV/2026/04/000061
[2026/4/17 下午10:41:14]    - ID:3542 桃園南崁店 $11915.00 → INV/2026/04/000060
[2026/4/17 下午10:41:14]    - ID:3541 蘆洲集賢店 $33274.00 → INV/2026/04/000057
[2026/4/17 下午10:41:14]    - ID:3540 桃園中路縣府店 $23981.00 → INV/2026/04/000059
[2026/4/17 下午10:41:14]    - ID:3539 內湖東湖店 $50141.00 → INV/2026/04/000048
[2026/4/17 下午10:41:14] 🔧 自動修正了 0 筆儲值金記錄
[2026/4/17 下午10:41:19] 📱 Telegram 警報發送失敗
[2026/4/17 下午10:41:19] 🔍 GiveMe API 監控完成
[2026/4/17 下午11:11:24] 🔍 GiveMe API 監控開始
[2026/4/17 下午11:11:24] 🛡️ 防護機制狀態正常：腳本層 ✅ API層 ✅
[2026/4/17 下午11:11:24] ❌ 警告：發現 12 筆儲值金被誤開發票！
[2026/4/17 下午11:11:24]    - ID:3550 新莊中平店 $90397.00 → INV/2026/04/000064
[2026/4/17 下午11:11:24]    - ID:3549 三峽大同店 $108044.00 → INV/2026/04/000063
[2026/4/17 下午11:11:24]    - ID:3548 鶯歌鳳鳴店 $54518.00 → INV/2026/04/000062
[2026/4/17 下午11:11:24]    - ID:3547 桃園八德店 $25554.00 → INV/2026/04/000067
[2026/4/17 下午11:11:24]    - ID:3546 土城中央店 $74416.00 → INV/2026/04/000066
[2026/4/17 下午11:11:24]    - ID:3545 楊梅金山店 $55264.00 → INV/2026/04/000058
[2026/4/17 下午11:11:24]    - ID:3544 台南安南店 $54992.00 → INV/2026/04/000050
[2026/4/17 下午11:11:24]    - ID:3543 桃園小檜溪店 $22331.00 → INV/2026/04/000061
[2026/4/17 下午11:11:24]    - ID:3542 桃園南崁店 $11915.00 → INV/2026/04/000060
[2026/4/17 下午11:11:24]    - ID:3541 蘆洲集賢店 $33274.00 → INV/2026/04/000057
[2026/4/17 下午11:11:24]    - ID:3540 桃園中路縣府店 $23981.00 → INV/2026/04/000059
[2026/4/17 下午11:11:24]    - ID:3539 內湖東湖店 $50141.00 → INV/2026/04/000048
[2026/4/17 下午11:11:24] 🔧 自動修正了 0 筆儲值金記錄
[2026/4/17 下午11:11:27] 📱 Telegram 警報發送失敗
[2026/4/17 下午11:11:27] 🔍 GiveMe API 監控完成
[2026/4/17 下午11:41:34] 🔍 GiveMe API 監控開始
[2026/4/17 下午11:41:34] 🛡️ 防護機制狀態正常：腳本層 ✅ API層 ✅
[2026/4/17 下午11:41:34] ❌ 警告：發現 12 筆儲值金被誤開發票！
[2026/4/17 下午11:41:34]    - ID:3550 新莊中平店 $90397.00 → INV/2026/04/000064
[2026/4/17 下午11:41:34]    - ID:3549 三峽大同店 $108044.00 → INV/2026/04/000063
[2026/4/17 下午11:41:34]    - ID:3548 鶯歌鳳鳴店 $54518.00 → INV/2026/04/000062
[2026/4/17 下午11:41:34]    - ID:3547 桃園八德店 $25554.00 → INV/2026/04/000067
[2026/4/17 下午11:41:34]    - ID:3546 土城中央店 $74416.00 → INV/2026/04/000066
[2026/4/17 下午11:41:34]    - ID:3545 楊梅金山店 $55264.00 → INV/2026/04/000058
[2026/4/17 下午11:41:34]    - ID:3544 台南安南店 $54992.00 → INV/2026/04/000050
[2026/4/17 下午11:41:34]    - ID:3543 桃園小檜溪店 $22331.00 → INV/2026/04/000061
[2026/4/17 下午11:41:34]    - ID:3542 桃園南崁店 $11915.00 → INV/2026/04/000060
[2026/4/17 下午11:41:34]    - ID:3541 蘆洲集賢店 $33274.00 → INV/2026/04/000057
[2026/4/17 下午11:41:34]    - ID:3540 桃園中路縣府店 $23981.00 → INV/2026/04/000059
[2026/4/17 下午11:41:34]    - ID:3539 內湖東湖店 $50141.00 → INV/2026/04/000048
[2026/4/17 下午11:41:34] 🔧 自動修正了 0 筆儲值金記錄
[2026/4/17 下午11:41:38] 📱 Telegram 警報發送失敗
[2026/4/17 下午11:41:38] 🔍 GiveMe API 監控完成
[2026/4/18 上午12:11:44] 🔍 GiveMe API 監控開始
[2026/4/18 上午12:11:44] 🛡️ 防護機制狀態正常：腳本層 ✅ API層 ✅
[2026/4/18 上午12:11:44] ❌ 警告：發現 12 筆儲值金被誤開發票！
[2026/4/18 上午12:11:44]    - ID:3550 新莊中平店 $90397.00 → INV/2026/04/000064
[2026/4/18 上午12:11:44]    - ID:3549 三峽大同店 $108044.00 → INV/2026/04/000063
[2026/4/18 上午12:11:44]    - ID:3548 鶯歌鳳鳴店 $54518.00 → INV/2026/04/000062
[2026/4/18 上午12:11:44]    - ID:3547 桃園八德店 $25554.00 → INV/2026/04/000067
[2026/4/18 上午12:11:44]    - ID:3546 土城中央店 $74416.00 → INV/2026/04/000066
[2026/4/18 上午12:11:44]    - ID:3545 楊梅金山店 $55264.00 → INV/2026/04/000058
[2026/4/18 上午12:11:44]    - ID:3544 台南安南店 $54992.00 → INV/2026/04/000050
[2026/4/18 上午12:11:44]    - ID:3543 桃園小檜溪店 $22331.00 → INV/2026/04/000061
[2026/4/18 上午12:11:44]    - ID:3542 桃園南崁店 $11915.00 → INV/2026/04/000060
[2026/4/18 上午12:11:44]    - ID:3541 蘆洲集賢店 $33274.00 → INV/2026/04/000057
[2026/4/18 上午12:11:44]    - ID:3540 桃園中路縣府店 $23981.00 → INV/2026/04/000059
[2026/4/18 上午12:11:44]    - ID:3539 內湖東湖店 $50141.00 → INV/2026/04/000048
[2026/4/18 上午12:11:44] 🔧 自動修正了 0 筆儲值金記錄
[2026/4/18 上午12:11:47] 📱 Telegram 警報發送失敗
[2026/4/18 上午12:11:47] 🔍 GiveMe API 監控完成
[2026/4/18 上午12:41:54] 🔍 GiveMe API 監控開始
[2026/4/18 上午12:41:54] 🛡️ 防護機制狀態正常：腳本層 ✅ API層 ✅
[2026/4/18 上午12:41:54] ❌ 警告：發現 12 筆儲值金被誤開發票！
[2026/4/18 上午12:41:54]    - ID:3550 新莊中平店 $90397.00 → INV/2026/04/000064
[2026/4/18 上午12:41:54]    - ID:3549 三峽大同店 $108044.00 → INV/2026/04/000063
[2026/4/18 上午12:41:54]    - ID:3548 鶯歌鳳鳴店 $54518.00 → INV/2026/04/000062
[2026/4/18 上午12:41:54]    - ID:3547 桃園八德店 $25554.00 → INV/2026/04/000067
[2026/4/18 上午12:41:54]    - ID:3546 土城中央店 $74416.00 → INV/2026/04/000066
[2026/4/18 上午12:41:54]    - ID:3545 楊梅金山店 $55264.00 → INV/2026/04/000058
[2026/4/18 上午12:41:54]    - ID:3544 台南安南店 $54992.00 → INV/2026/04/000050
[2026/4/18 上午12:41:54]    - ID:3543 桃園小檜溪店 $22331.00 → INV/2026/04/000061
[2026/4/18 上午12:41:54]    - ID:3542 桃園南崁店 $11915.00 → INV/2026/04/000060
[2026/4/18 上午12:41:54]    - ID:3541 蘆洲集賢店 $33274.00 → INV/2026/04/000057
[2026/4/18 上午12:41:54]    - ID:3540 桃園中路縣府店 $23981.00 → INV/2026/04/000059
[2026/4/18 上午12:41:54]    - ID:3539 內湖東湖店 $50141.00 → INV/2026/04/000048
[2026/4/18 上午12:41:54] 🔧 自動修正了 0 筆儲值金記錄
[2026/4/18 上午12:41:57] 📱 Telegram 警報發送失敗
[2026/4/18 上午12:41:57] 🔍 GiveMe API 監控完成
[2026/4/18 上午1:12:05] 🔍 GiveMe API 監控開始
[2026/4/18 上午1:12:05] 🛡️ 防護機制狀態正常：腳本層 ✅ API層 ✅
[2026/4/18 上午1:12:05] ❌ 警告：發現 12 筆儲值金被誤開發票！
[2026/4/18 上午1:12:05]    - ID:3550 新莊中平店 $90397.00 → INV/2026/04/000064
[2026/4/18 上午1:12:05]    - ID:3549 三峽大同店 $108044.00 → INV/2026/04/000063
[2026/4/18 上午1:12:05]    - ID:3548 鶯歌鳳鳴店 $54518.00 → INV/2026/04/000062
[2026/4/18 上午1:12:05]    - ID:3547 桃園八德店 $25554.00 → INV/2026/04/000067
[2026/4/18 上午1:12:05]    - ID:3546 土城中央店 $74416.00 → INV/2026/04/000066
[2026/4/18 上午1:12:05]    - ID:3545 楊梅金山店 $55264.00 → INV/2026/04/000058
[2026/4/18 上午1:12:05]    - ID:3544 台南安南店 $54992.00 → INV/2026/04/000050
[2026/4/18 上午1:12:05]    - ID:3543 桃園小檜溪店 $22331.00 → INV/2026/04/000061
[2026/4/18 上午1:12:05]    - ID:3542 桃園南崁店 $11915.00 → INV/2026/04/000060
[2026/4/18 上午1:12:05]    - ID:3541 蘆洲集賢店 $33274.00 → INV/2026/04/000057
[2026/4/18 上午1:12:05]    - ID:3540 桃園中路縣府店 $23981.00 → INV/2026/04/000059
[2026/4/18 上午1:12:05]    - ID:3539 內湖東湖店 $50141.00 → INV/2026/04/000048
[2026/4/18 上午1:12:05] 🔧 自動修正了 0 筆儲值金記錄
[2026/4/18 上午1:12:07] 📱 Telegram 警報發送失敗
[2026/4/18 上午1:12:07] 🔍 GiveMe API 監控完成
[2026/4/18 上午1:42:15] 🔍 GiveMe API 監控開始
[2026/4/18 上午1:42:15] 🛡️ 防護機制狀態正常：腳本層 ✅ API層 ✅
[2026/4/18 上午1:42:15] ❌ 警告：發現 12 筆儲值金被誤開發票！
[2026/4/18 上午1:42:15]    - ID:3550 新莊中平店 $90397.00 → INV/2026/04/000064
[2026/4/18 上午1:42:15]    - ID:3549 三峽大同店 $108044.00 → INV/2026/04/000063
[2026/4/18 上午1:42:15]    - ID:3548 鶯歌鳳鳴店 $54518.00 → INV/2026/04/000062
[2026/4/18 上午1:42:15]    - ID:3547 桃園八德店 $25554.00 → INV/2026/04/000067
[2026/4/18 上午1:42:15]    - ID:3546 土城中央店 $74416.00 → INV/2026/04/000066
[2026/4/18 上午1:42:15]    - ID:3545 楊梅金山店 $55264.00 → INV/2026/04/000058
[2026/4/18 上午1:42:15]    - ID:3544 台南安南店 $54992.00 → INV/2026/04/000050
[2026/4/18 上午1:42:15]    - ID:3543 桃園小檜溪店 $22331.00 → INV/2026/04/000061
[2026/4/18 上午1:42:15]    - ID:3542 桃園南崁店 $11915.00 → INV/2026/04/000060
[2026/4/18 上午1:42:15]    - ID:3541 蘆洲集賢店 $33274.00 → INV/2026/04/000057
[2026/4/18 上午1:42:15]    - ID:3540 桃園中路縣府店 $23981.00 → INV/2026/04/000059
[2026/4/18 上午1:42:15]    - ID:3539 內湖東湖店 $50141.00 → INV/2026/04/000048
[2026/4/18 上午1:42:15] 🔧 自動修正了 0 筆儲值金記錄
[2026/4/18 上午1:42:17] 📱 Telegram 警報發送失敗
[2026/4/18 上午1:42:17] 🔍 GiveMe API 監控完成
[2026/4/18 上午2:12:25] 🔍 GiveMe API 監控開始
[2026/4/18 上午2:12:25] 🛡️ 防護機制狀態正常：腳本層 ✅ API層 ✅
[2026/4/18 上午2:12:25] ❌ 警告：發現 12 筆儲值金被誤開發票！
[2026/4/18 上午2:12:25]    - ID:3550 新莊中平店 $90397.00 → INV/2026/04/000064
[2026/4/18 上午2:12:25]    - ID:3549 三峽大同店 $108044.00 → INV/2026/04/000063
[2026/4/18 上午2:12:25]    - ID:3548 鶯歌鳳鳴店 $54518.00 → INV/2026/04/000062
[2026/4/18 上午2:12:25]    - ID:3547 桃園八德店 $25554.00 → INV/2026/04/000067
[2026/4/18 上午2:12:25]    - ID:3546 土城中央店 $74416.00 → INV/2026/04/000066
[2026/4/18 上午2:12:25]    - ID:3545 楊梅金山店 $55264.00 → INV/2026/04/000058
[2026/4/18 上午2:12:25]    - ID:3544 台南安南店 $54992.00 → INV/2026/04/000050
[2026/4/18 上午2:12:25]    - ID:3543 桃園小檜溪店 $22331.00 → INV/2026/04/000061
[2026/4/18 上午2:12:25]    - ID:3542 桃園南崁店 $11915.00 → INV/2026/04/000060
[2026/4/18 上午2:12:25]    - ID:3541 蘆洲集賢店 $33274.00 → INV/2026/04/000057
[2026/4/18 上午2:12:25]    - ID:3540 桃園中路縣府店 $23981.00 → INV/2026/04/000059
[2026/4/18 上午2:12:25]    - ID:3539 內湖東湖店 $50141.00 → INV/2026/04/000048
[2026/4/18 上午2:12:25] 🔧 自動修正了 0 筆儲值金記錄
[2026/4/18 上午2:12:28] 📱 Telegram 警報發送失敗
[2026/4/18 上午2:12:28] 🔍 GiveMe API 監控完成
[2026/4/18 上午2:42:35] 🔍 GiveMe API 監控開始
[2026/4/18 上午2:42:35] 🛡️ 防護機制狀態正常：腳本層 ✅ API層 ✅
[2026/4/18 上午2:42:35] ❌ 警告：發現 12 筆儲值金被誤開發票！
[2026/4/18 上午2:42:35]    - ID:3550 新莊中平店 $90397.00 → INV/2026/04/000064
[2026/4/18 上午2:42:35]    - ID:3549 三峽大同店 $108044.00 → INV/2026/04/000063
[2026/4/18 上午2:42:35]    - ID:3548 鶯歌鳳鳴店 $54518.00 → INV/2026/04/000062
[2026/4/18 上午2:42:35]    - ID:3547 桃園八德店 $25554.00 → INV/2026/04/000067
[2026/4/18 上午2:42:35]    - ID:3546 土城中央店 $74416.00 → INV/2026/04/000066
[2026/4/18 上午2:42:35]    - ID:3545 楊梅金山店 $55264.00 → INV/2026/04/000058
[2026/4/18 上午2:42:35]    - ID:3544 台南安南店 $54992.00 → INV/2026/04/000050
[2026/4/18 上午2:42:35]    - ID:3543 桃園小檜溪店 $22331.00 → INV/2026/04/000061
[2026/4/18 上午2:42:35]    - ID:3542 桃園南崁店 $11915.00 → INV/2026/04/000060
[2026/4/18 上午2:42:35]    - ID:3541 蘆洲集賢店 $33274.00 → INV/2026/04/000057
[2026/4/18 上午2:42:35]    - ID:3540 桃園中路縣府店 $23981.00 → INV/2026/04/000059
[2026/4/18 上午2:42:35]    - ID:3539 內湖東湖店 $50141.00 → INV/2026/04/000048
[2026/4/18 上午2:42:35] 🔧 自動修正了 0 筆儲值金記錄
[2026/4/18 上午2:42:38] 📱 Telegram 警報發送失敗
[2026/4/18 上午2:42:38] 🔍 GiveMe API 監控完成
[2026/4/18 上午3:12:45] 🔍 GiveMe API 監控開始
[2026/4/18 上午3:12:45] 🛡️ 防護機制狀態正常：腳本層 ✅ API層 ✅
[2026/4/18 上午3:12:45] ❌ 警告：發現 12 筆儲值金被誤開發票！
[2026/4/18 上午3:12:45]    - ID:3550 新莊中平店 $90397.00 → INV/2026/04/000064
[2026/4/18 上午3:12:45]    - ID:3549 三峽大同店 $108044.00 → INV/2026/04/000063
[2026/4/18 上午3:12:45]    - ID:3548 鶯歌鳳鳴店 $54518.00 → INV/2026/04/000062
[2026/4/18 上午3:12:45]    - ID:3547 桃園八德店 $25554.00 → INV/2026/04/000067
[2026/4/18 上午3:12:45]    - ID:3546 土城中央店 $74416.00 → INV/2026/04/000066
[2026/4/18 上午3:12:45]    - ID:3545 楊梅金山店 $55264.00 → INV/2026/04/000058
[2026/4/18 上午3:12:45]    - ID:3544 台南安南店 $54992.00 → INV/2026/04/000050
[2026/4/18 上午3:12:45]    - ID:3543 桃園小檜溪店 $22331.00 → INV/2026/04/000061
[2026/4/18 上午3:12:45]    - ID:3542 桃園南崁店 $11915.00 → INV/2026/04/000060
[2026/4/18 上午3:12:45]    - ID:3541 蘆洲集賢店 $33274.00 → INV/2026/04/000057
[2026/4/18 上午3:12:45]    - ID:3540 桃園中路縣府店 $23981.00 → INV/2026/04/000059
[2026/4/18 上午3:12:45]    - ID:3539 內湖東湖店 $50141.00 → INV/2026/04/000048
[2026/4/18 上午3:12:45] 🔧 自動修正了 0 筆儲值金記錄
[2026/4/18 上午3:12:48] 📱 Telegram 警報發送失敗
[2026/4/18 上午3:12:48] 🔍 GiveMe API 監控完成
[2026/4/18 上午3:42:55] 🔍 GiveMe API 監控開始
[2026/4/18 上午3:42:55] 🛡️ 防護機制狀態正常：腳本層 ✅ API層 ✅
[2026/4/18 上午3:42:55] ❌ 警告：發現 12 筆儲值金被誤開發票！
[2026/4/18 上午3:42:55]    - ID:3550 新莊中平店 $90397.00 → INV/2026/04/000064
[2026/4/18 上午3:42:55]    - ID:3549 三峽大同店 $108044.00 → INV/2026/04/000063
[2026/4/18 上午3:42:55]    - ID:3548 鶯歌鳳鳴店 $54518.00 → INV/2026/04/000062
[2026/4/18 上午3:42:55]    - ID:3547 桃園八德店 $25554.00 → INV/2026/04/000067
[2026/4/18 上午3:42:55]    - ID:3546 土城中央店 $74416.00 → INV/2026/04/000066
[2026/4/18 上午3:42:55]    - ID:3545 楊梅金山店 $55264.00 → INV/2026/04/000058
[2026/4/18 上午3:42:55]    - ID:3544 台南安南店 $54992.00 → INV/2026/04/000050
[2026/4/18 上午3:42:55]    - ID:3543 桃園小檜溪店 $22331.00 → INV/2026/04/000061
[2026/4/18 上午3:42:55]    - ID:3542 桃園南崁店 $11915.00 → INV/2026/04/000060
[2026/4/18 上午3:42:55]    - ID:3541 蘆洲集賢店 $33274.00 → INV/2026/04/000057
[2026/4/18 上午3:42:55]    - ID:3540 桃園中路縣府店 $23981.00 → INV/2026/04/000059
[2026/4/18 上午3:42:55]    - ID:3539 內湖東湖店 $50141.00 → INV/2026/04/000048
[2026/4/18 上午3:42:55] 🔧 自動修正了 0 筆儲值金記錄
[2026/4/18 上午3:42:58] 📱 Telegram 警報發送失敗
[2026/4/18 上午3:42:58] 🔍 GiveMe API 監控完成
[2026/4/18 上午4:13:06] 🔍 GiveMe API 監控開始
[2026/4/18 上午4:13:06] 🛡️ 防護機制狀態正常：腳本層 ✅ API層 ✅
[2026/4/18 上午4:13:06] ❌ 警告：發現 12 筆儲值金被誤開發票！
[2026/4/18 上午4:13:06]    - ID:3550 新莊中平店 $90397.00 → INV/2026/04/000064
[2026/4/18 上午4:13:06]    - ID:3549 三峽大同店 $108044.00 → INV/2026/04/000063
[2026/4/18 上午4:13:06]    - ID:3548 鶯歌鳳鳴店 $54518.00 → INV/2026/04/000062
[2026/4/18 上午4:13:06]    - ID:3547 桃園八德店 $25554.00 → INV/2026/04/000067
[2026/4/18 上午4:13:06]    - ID:3546 土城中央店 $74416.00 → INV/2026/04/000066
[2026/4/18 上午4:13:06]    - ID:3545 楊梅金山店 $55264.00 → INV/2026/04/000058
[2026/4/18 上午4:13:06]    - ID:3544 台南安南店 $54992.00 → INV/2026/04/000050
[2026/4/18 上午4:13:06]    - ID:3543 桃園小檜溪店 $22331.00 → INV/2026/04/000061
[2026/4/18 上午4:13:06]    - ID:3542 桃園南崁店 $11915.00 → INV/2026/04/000060
[2026/4/18 上午4:13:06]    - ID:3541 蘆洲集賢店 $33274.00 → INV/2026/04/000057
[2026/4/18 上午4:13:06]    - ID:3540 桃園中路縣府店 $23981.00 → INV/2026/04/000059
[2026/4/18 上午4:13:06]    - ID:3539 內湖東湖店 $50141.00 → INV/2026/04/000048
[2026/4/18 上午4:13:06] 🔧 自動修正了 0 筆儲值金記錄
[2026/4/18 上午4:13:08] 📱 Telegram 警報發送失敗
[2026/4/18 上午4:13:08] 🔍 GiveMe API 監控完成
[2026/4/18 上午4:43:16] 🔍 GiveMe API 監控開始
[2026/4/18 上午4:43:16] 🛡️ 防護機制狀態正常：腳本層 ✅ API層 ✅
[2026/4/18 上午4:43:16] ❌ 警告：發現 12 筆儲值金被誤開發票！
[2026/4/18 上午4:43:16]    - ID:3550 新莊中平店 $90397.00 → INV/2026/04/000064
[2026/4/18 上午4:43:16]    - ID:3549 三峽大同店 $108044.00 → INV/2026/04/000063
[2026/4/18 上午4:43:16]    - ID:3548 鶯歌鳳鳴店 $54518.00 → INV/2026/04/000062
[2026/4/18 上午4:43:16]    - ID:3547 桃園八德店 $25554.00 → INV/2026/04/000067
[2026/4/18 上午4:43:16]    - ID:3546 土城中央店 $74416.00 → INV/2026/04/000066
[2026/4/18 上午4:43:16]    - ID:3545 楊梅金山店 $55264.00 → INV/2026/04/000058
[2026/4/18 上午4:43:16]    - ID:3544 台南安南店 $54992.00 → INV/2026/04/000050
[2026/4/18 上午4:43:16]    - ID:3543 桃園小檜溪店 $22331.00 → INV/2026/04/000061
[2026/4/18 上午4:43:16]    - ID:3542 桃園南崁店 $11915.00 → INV/2026/04/000060
[2026/4/18 上午4:43:16]    - ID:3541 蘆洲集賢店 $33274.00 → INV/2026/04/000057
[2026/4/18 上午4:43:16]    - ID:3540 桃園中路縣府店 $23981.00 → INV/2026/04/000059
[2026/4/18 上午4:43:16]    - ID:3539 內湖東湖店 $50141.00 → INV/2026/04/000048
[2026/4/18 上午4:43:16] 🔧 自動修正了 0 筆儲值金記錄
[2026/4/18 上午4:43:18] 📱 Telegram 警報發送失敗
[2026/4/18 上午4:43:18] 🔍 GiveMe API 監控完成
[2026/4/18 上午5:13:26] 🔍 GiveMe API 監控開始
[2026/4/18 上午5:13:26] 🛡️ 防護機制狀態正常：腳本層 ✅ API層 ✅
[2026/4/18 上午5:13:26] ❌ 警告：發現 12 筆儲值金被誤開發票！
[2026/4/18 上午5:13:26]    - ID:3550 新莊中平店 $90397.00 → INV/2026/04/000064
[2026/4/18 上午5:13:26]    - ID:3549 三峽大同店 $108044.00 → INV/2026/04/000063
[2026/4/18 上午5:13:26]    - ID:3548 鶯歌鳳鳴店 $54518.00 → INV/2026/04/000062
[2026/4/18 上午5:13:26]    - ID:3547 桃園八德店 $25554.00 → INV/2026/04/000067
[2026/4/18 上午5:13:26]    - ID:3546 土城中央店 $74416.00 → INV/2026/04/000066
[2026/4/18 上午5:13:26]    - ID:3545 楊梅金山店 $55264.00 → INV/2026/04/000058
[2026/4/18 上午5:13:26]    - ID:3544 台南安南店 $54992.00 → INV/2026/04/000050
[2026/4/18 上午5:13:26]    - ID:3543 桃園小檜溪店 $22331.00 → INV/2026/04/000061
[2026/4/18 上午5:13:26]    - ID:3542 桃園南崁店 $11915.00 → INV/2026/04/000060
[2026/4/18 上午5:13:26]    - ID:3541 蘆洲集賢店 $33274.00 → INV/2026/04/000057
[2026/4/18 上午5:13:26]    - ID:3540 桃園中路縣府店 $23981.00 → INV/2026/04/000059
[2026/4/18 上午5:13:26]    - ID:3539 內湖東湖店 $50141.00 → INV/2026/04/000048
[2026/4/18 上午5:13:26] 🔧 自動修正了 0 筆儲值金記錄
[2026/4/18 上午5:13:29] 📱 Telegram 警報發送失敗
[2026/4/18 上午5:13:29] 🔍 GiveMe API 監控完成
[2026/4/18 上午5:43:36] 🔍 GiveMe API 監控開始
[2026/4/18 上午5:43:36] 🛡️ 防護機制狀態正常：腳本層 ✅ API層 ✅
[2026/4/18 上午5:43:36] ❌ 警告：發現 12 筆儲值金被誤開發票！
[2026/4/18 上午5:43:36]    - ID:3550 新莊中平店 $90397.00 → INV/2026/04/000064
[2026/4/18 上午5:43:36]    - ID:3549 三峽大同店 $108044.00 → INV/2026/04/000063
[2026/4/18 上午5:43:36]    - ID:3548 鶯歌鳳鳴店 $54518.00 → INV/2026/04/000062
[2026/4/18 上午5:43:36]    - ID:3547 桃園八德店 $25554.00 → INV/2026/04/000067
[2026/4/18 上午5:43:36]    - ID:3546 土城中央店 $74416.00 → INV/2026/04/000066
[2026/4/18 上午5:43:36]    - ID:3545 楊梅金山店 $55264.00 → INV/2026/04/000058
[2026/4/18 上午5:43:36]    - ID:3544 台南安南店 $54992.00 → INV/2026/04/000050
[2026/4/18 上午5:43:36]    - ID:3543 桃園小檜溪店 $22331.00 → INV/2026/04/000061
[2026/4/18 上午5:43:36]    - ID:3542 桃園南崁店 $11915.00 → INV/2026/04/000060
[2026/4/18 上午5:43:36]    - ID:3541 蘆洲集賢店 $33274.00 → INV/2026/04/000057
[2026/4/18 上午5:43:36]    - ID:3540 桃園中路縣府店 $23981.00 → INV/2026/04/000059
[2026/4/18 上午5:43:36]    - ID:3539 內湖東湖店 $50141.00 → INV/2026/04/000048
[2026/4/18 上午5:43:36] 🔧 自動修正了 0 筆儲值金記錄
[2026/4/18 上午5:43:39] 📱 Telegram 警報發送失敗
[2026/4/18 上午5:43:39] 🔍 GiveMe API 監控完成
[2026/4/18 上午6:13:46] 🔍 GiveMe API 監控開始
[2026/4/18 上午6:13:46] 🛡️ 防護機制狀態正常：腳本層 ✅ API層 ✅
[2026/4/18 上午6:13:46] ❌ 警告：發現 12 筆儲值金被誤開發票！
[2026/4/18 上午6:13:46]    - ID:3550 新莊中平店 $90397.00 → INV/2026/04/000064
[2026/4/18 上午6:13:46]    - ID:3549 三峽大同店 $108044.00 → INV/2026/04/000063
[2026/4/18 上午6:13:46]    - ID:3548 鶯歌鳳鳴店 $54518.00 → INV/2026/04/000062
[2026/4/18 上午6:13:46]    - ID:3547 桃園八德店 $25554.00 → INV/2026/04/000067
[2026/4/18 上午6:13:46]    - ID:3546 土城中央店 $74416.00 → INV/2026/04/000066
[2026/4/18 上午6:13:46]    - ID:3545 楊梅金山店 $55264.00 → INV/2026/04/000058
[2026/4/18 上午6:13:46]    - ID:3544 台南安南店 $54992.00 → INV/2026/04/000050
[2026/4/18 上午6:13:46]    - ID:3543 桃園小檜溪店 $22331.00 → INV/2026/04/000061
[2026/4/18 上午6:13:46]    - ID:3542 桃園南崁店 $11915.00 → INV/2026/04/000060
[2026/4/18 上午6:13:46]    - ID:3541 蘆洲集賢店 $33274.00 → INV/2026/04/000057
[2026/4/18 上午6:13:46]    - ID:3540 桃園中路縣府店 $23981.00 → INV/2026/04/000059
[2026/4/18 上午6:13:46]    - ID:3539 內湖東湖店 $50141.00 → INV/2026/04/000048
[2026/4/18 上午6:13:46] 🔧 自動修正了 0 筆儲值金記錄
[2026/4/18 上午6:13:49] 📱 Telegram 警報發送失敗
[2026/4/18 上午6:13:49] 🔍 GiveMe API 監控完成
[2026/4/18 上午6:43:57] 🔍 GiveMe API 監控開始
[2026/4/18 上午6:43:57] 🛡️ 防護機制狀態正常：腳本層 ✅ API層 ✅
[2026/4/18 上午6:43:57] ❌ 警告：發現 12 筆儲值金被誤開發票！
[2026/4/18 上午6:43:57]    - ID:3550 新莊中平店 $90397.00 → INV/2026/04/000064
[2026/4/18 上午6:43:57]    - ID:3549 三峽大同店 $108044.00 → INV/2026/04/000063
[2026/4/18 上午6:43:57]    - ID:3548 鶯歌鳳鳴店 $54518.00 → INV/2026/04/000062
[2026/4/18 上午6:43:57]    - ID:3547 桃園八德店 $25554.00 → INV/2026/04/000067
[2026/4/18 上午6:43:57]    - ID:3546 土城中央店 $74416.00 → INV/2026/04/000066
[2026/4/18 上午6:43:57]    - ID:3545 楊梅金山店 $55264.00 → INV/2026/04/000058
[2026/4/18 上午6:43:57]    - ID:3544 台南安南店 $54992.00 → INV/2026/04/000050
[2026/4/18 上午6:43:57]    - ID:3543 桃園小檜溪店 $22331.00 → INV/2026/04/000061
[2026/4/18 上午6:43:57]    - ID:3542 桃園南崁店 $11915.00 → INV/2026/04/000060
[2026/4/18 上午6:43:57]    - ID:3541 蘆洲集賢店 $33274.00 → INV/2026/04/000057
[2026/4/18 上午6:43:57]    - ID:3540 桃園中路縣府店 $23981.00 → INV/2026/04/000059
[2026/4/18 上午6:43:57]    - ID:3539 內湖東湖店 $50141.00 → INV/2026/04/000048
[2026/4/18 上午6:43:57] 🔧 自動修正了 0 筆儲值金記錄
[2026/4/18 上午6:43:59] 📱 Telegram 警報發送失敗
[2026/4/18 上午6:43:59] 🔍 GiveMe API 監控完成
[2026/4/18 上午7:14:07] 🔍 GiveMe API 監控開始
[2026/4/18 上午7:14:07] 🛡️ 防護機制狀態正常：腳本層 ✅ API層 ✅
[2026/4/18 上午7:14:07] ❌ 警告：發現 12 筆儲值金被誤開發票！
[2026/4/18 上午7:14:07]    - ID:3550 新莊中平店 $90397.00 → INV/2026/04/000064
[2026/4/18 上午7:14:07]    - ID:3549 三峽大同店 $108044.00 → INV/2026/04/000063
[2026/4/18 上午7:14:07]    - ID:3548 鶯歌鳳鳴店 $54518.00 → INV/2026/04/000062
[2026/4/18 上午7:14:07]    - ID:3547 桃園八德店 $25554.00 → INV/2026/04/000067
[2026/4/18 上午7:14:07]    - ID:3546 土城中央店 $74416.00 → INV/2026/04/000066
[2026/4/18 上午7:14:07]    - ID:3545 楊梅金山店 $55264.00 → INV/2026/04/000058
[2026/4/18 上午7:14:07]    - ID:3544 台南安南店 $54992.00 → INV/2026/04/000050
[2026/4/18 上午7:14:07]    - ID:3543 桃園小檜溪店 $22331.00 → INV/2026/04/000061
[2026/4/18 上午7:14:07]    - ID:3542 桃園南崁店 $11915.00 → INV/2026/04/000060
[2026/4/18 上午7:14:07]    - ID:3541 蘆洲集賢店 $33274.00 → INV/2026/04/000057
[2026/4/18 上午7:14:07]    - ID:3540 桃園中路縣府店 $23981.00 → INV/2026/04/000059
[2026/4/18 上午7:14:07]    - ID:3539 內湖東湖店 $50141.00 → INV/2026/04/000048
[2026/4/18 上午7:14:07] 🔧 自動修正了 0 筆儲值金記錄
[2026/4/18 上午7:14:10] 📱 Telegram 警報發送失敗
[2026/4/18 上午7:14:10] 🔍 GiveMe API 監控完成
[2026/4/18 上午7:44:17] 🔍 GiveMe API 監控開始
[2026/4/18 上午7:44:17] 🛡️ 防護機制狀態正常：腳本層 ✅ API層 ✅
[2026/4/18 上午7:44:17] ❌ 警告：發現 12 筆儲值金被誤開發票！
[2026/4/18 上午7:44:17]    - ID:3550 新莊中平店 $90397.00 → INV/2026/04/000064
[2026/4/18 上午7:44:17]    - ID:3549 三峽大同店 $108044.00 → INV/2026/04/000063
[2026/4/18 上午7:44:17]    - ID:3548 鶯歌鳳鳴店 $54518.00 → INV/2026/04/000062
[2026/4/18 上午7:44:17]    - ID:3547 桃園八德店 $25554.00 → INV/2026/04/000067
[2026/4/18 上午7:44:17]    - ID:3546 土城中央店 $74416.00 → INV/2026/04/000066
[2026/4/18 上午7:44:17]    - ID:3545 楊梅金山店 $55264.00 → INV/2026/04/000058
[2026/4/18 上午7:44:17]    - ID:3544 台南安南店 $54992.00 → INV/2026/04/000050
[2026/4/18 上午7:44:17]    - ID:3543 桃園小檜溪店 $22331.00 → INV/2026/04/000061
[2026/4/18 上午7:44:17]    - ID:3542 桃園南崁店 $11915.00 → INV/2026/04/000060
[2026/4/18 上午7:44:17]    - ID:3541 蘆洲集賢店 $33274.00 → INV/2026/04/000057
[2026/4/18 上午7:44:17]    - ID:3540 桃園中路縣府店 $23981.00 → INV/2026/04/000059
[2026/4/18 上午7:44:17]    - ID:3539 內湖東湖店 $50141.00 → INV/2026/04/000048
[2026/4/18 上午7:44:17] 🔧 自動修正了 0 筆儲值金記錄
[2026/4/18 上午7:44:20] 📱 Telegram 警報發送失敗
[2026/4/18 上午7:44:20] 🔍 GiveMe API 監控完成
[2026/4/18 上午8:14:27] 🔍 GiveMe API 監控開始
[2026/4/18 上午8:14:27] 🛡️ 防護機制狀態正常：腳本層 ✅ API層 ✅
[2026/4/18 上午8:14:27] ❌ 警告：發現 12 筆儲值金被誤開發票！
[2026/4/18 上午8:14:27]    - ID:3550 新莊中平店 $90397.00 → INV/2026/04/000064
[2026/4/18 上午8:14:27]    - ID:3549 三峽大同店 $108044.00 → INV/2026/04/000063
[2026/4/18 上午8:14:27]    - ID:3548 鶯歌鳳鳴店 $54518.00 → INV/2026/04/000062
[2026/4/18 上午8:14:27]    - ID:3547 桃園八德店 $25554.00 → INV/2026/04/000067
[2026/4/18 上午8:14:27]    - ID:3546 土城中央店 $74416.00 → INV/2026/04/000066
[2026/4/18 上午8:14:27]    - ID:3545 楊梅金山店 $55264.00 → INV/2026/04/000058
[2026/4/18 上午8:14:27]    - ID:3544 台南安南店 $54992.00 → INV/2026/04/000050
[2026/4/18 上午8:14:27]    - ID:3543 桃園小檜溪店 $22331.00 → INV/2026/04/000061
[2026/4/18 上午8:14:27]    - ID:3542 桃園南崁店 $11915.00 → INV/2026/04/000060
[2026/4/18 上午8:14:27]    - ID:3541 蘆洲集賢店 $33274.00 → INV/2026/04/000057
[2026/4/18 上午8:14:27]    - ID:3540 桃園中路縣府店 $23981.00 → INV/2026/04/000059
[2026/4/18 上午8:14:27]    - ID:3539 內湖東湖店 $50141.00 → INV/2026/04/000048
[2026/4/18 上午8:14:27] 🔧 自動修正了 0 筆儲值金記錄
[2026/4/18 上午8:14:30] 📱 Telegram 警報發送失敗
[2026/4/18 上午8:14:30] 🔍 GiveMe API 監控完成
[2026/4/18 上午8:44:37] 🔍 GiveMe API 監控開始
[2026/4/18 上午8:44:37] 🛡️ 防護機制狀態正常：腳本層 ✅ API層 ✅
[2026/4/18 上午8:44:37] ❌ 警告：發現 12 筆儲值金被誤開發票！
[2026/4/18 上午8:44:37]    - ID:3550 新莊中平店 $90397.00 → INV/2026/04/000064
[2026/4/18 上午8:44:37]    - ID:3549 三峽大同店 $108044.00 → INV/2026/04/000063
[2026/4/18 上午8:44:37]    - ID:3548 鶯歌鳳鳴店 $54518.00 → INV/2026/04/000062
[2026/4/18 上午8:44:37]    - ID:3547 桃園八德店 $25554.00 → INV/2026/04/000067
[2026/4/18 上午8:44:37]    - ID:3546 土城中央店 $74416.00 → INV/2026/04/000066
[2026/4/18 上午8:44:37]    - ID:3545 楊梅金山店 $55264.00 → INV/2026/04/000058
[2026/4/18 上午8:44:37]    - ID:3544 台南安南店 $54992.00 → INV/2026/04/000050
[2026/4/18 上午8:44:37]    - ID:3543 桃園小檜溪店 $22331.00 → INV/2026/04/000061
[2026/4/18 上午8:44:37]    - ID:3542 桃園南崁店 $11915.00 → INV/2026/04/000060
[2026/4/18 上午8:44:37]    - ID:3541 蘆洲集賢店 $33274.00 → INV/2026/04/000057
[2026/4/18 上午8:44:37]    - ID:3540 桃園中路縣府店 $23981.00 → INV/2026/04/000059
[2026/4/18 上午8:44:37]    - ID:3539 內湖東湖店 $50141.00 → INV/2026/04/000048
[2026/4/18 上午8:44:37] 🔧 自動修正了 0 筆儲值金記錄
[2026/4/18 上午8:44:40] 📱 Telegram 警報發送失敗
[2026/4/18 上午8:44:40] 🔍 GiveMe API 監控完成
[2026/4/18 上午9:14:47] 🔍 GiveMe API 監控開始
[2026/4/18 上午9:14:47] 🛡️ 防護機制狀態正常：腳本層 ✅ API層 ✅
[2026/4/18 上午9:14:47] ❌ 警告：發現 12 筆儲值金被誤開發票！
[2026/4/18 上午9:14:47]    - ID:3550 新莊中平店 $90397.00 → INV/2026/04/000064
[2026/4/18 上午9:14:47]    - ID:3549 三峽大同店 $108044.00 → INV/2026/04/000063
[2026/4/18 上午9:14:47]    - ID:3548 鶯歌鳳鳴店 $54518.00 → INV/2026/04/000062
[2026/4/18 上午9:14:47]    - ID:3547 桃園八德店 $25554.00 → INV/2026/04/000067
[2026/4/18 上午9:14:47]    - ID:3546 土城中央店 $74416.00 → INV/2026/04/000066
[2026/4/18 上午9:14:47]    - ID:3545 楊梅金山店 $55264.00 → INV/2026/04/000058
[2026/4/18 上午9:14:47]    - ID:3544 台南安南店 $54992.00 → INV/2026/04/000050
[2026/4/18 上午9:14:47]    - ID:3543 桃園小檜溪店 $22331.00 → INV/2026/04/000061
[2026/4/18 上午9:14:47]    - ID:3542 桃園南崁店 $11915.00 → INV/2026/04/000060
[2026/4/18 上午9:14:47]    - ID:3541 蘆洲集賢店 $33274.00 → INV/2026/04/000057
[2026/4/18 上午9:14:47]    - ID:3540 桃園中路縣府店 $23981.00 → INV/2026/04/000059
[2026/4/18 上午9:14:47]    - ID:3539 內湖東湖店 $50141.00 → INV/2026/04/000048
[2026/4/18 上午9:14:47] 🔧 自動修正了 0 筆儲值金記錄
[2026/4/18 上午9:14:52] 📱 Telegram 警報發送失敗
[2026/4/18 上午9:14:52] 🔍 GiveMe API 監控完成
[2026/4/18 上午9:44:58] 🔍 GiveMe API 監控開始
[2026/4/18 上午9:44:58] 🛡️ 防護機制狀態正常：腳本層 ✅ API層 ✅
[2026/4/18 上午9:44:58] ❌ 警告：發現 12 筆儲值金被誤開發票！
[2026/4/18 上午9:44:58]    - ID:3550 新莊中平店 $90397.00 → INV/2026/04/000064
[2026/4/18 上午9:44:58]    - ID:3549 三峽大同店 $108044.00 → INV/2026/04/000063
[2026/4/18 上午9:44:58]    - ID:3548 鶯歌鳳鳴店 $54518.00 → INV/2026/04/000062
[2026/4/18 上午9:44:58]    - ID:3547 桃園八德店 $25554.00 → INV/2026/04/000067
[2026/4/18 上午9:44:58]    - ID:3546 土城中央店 $74416.00 → INV/2026/04/000066
[2026/4/18 上午9:44:58]    - ID:3545 楊梅金山店 $55264.00 → INV/2026/04/000058
[2026/4/18 上午9:44:58]    - ID:3544 台南安南店 $54992.00 → INV/2026/04/000050
[2026/4/18 上午9:44:58]    - ID:3543 桃園小檜溪店 $22331.00 → INV/2026/04/000061
[2026/4/18 上午9:44:58]    - ID:3542 桃園南崁店 $11915.00 → INV/2026/04/000060
[2026/4/18 上午9:44:58]    - ID:3541 蘆洲集賢店 $33274.00 → INV/2026/04/000057
[2026/4/18 上午9:44:58]    - ID:3540 桃園中路縣府店 $23981.00 → INV/2026/04/000059
[2026/4/18 上午9:44:58]    - ID:3539 內湖東湖店 $50141.00 → INV/2026/04/000048
[2026/4/18 上午9:44:58] 🔧 自動修正了 0 筆儲值金記錄
[2026/4/18 上午9:45:03] 📱 Telegram 警報發送失敗
[2026/4/18 上午9:45:03] 🔍 GiveMe API 監控完成
[2026/4/18 上午10:15:08] 🔍 GiveMe API 監控開始
[2026/4/18 上午10:15:08] 🛡️ 防護機制狀態正常：腳本層 ✅ API層 ✅
[2026/4/18 上午10:15:08] ❌ 警告：發現 12 筆儲值金被誤開發票！
[2026/4/18 上午10:15:08]    - ID:3550 新莊中平店 $90397.00 → INV/2026/04/000064
[2026/4/18 上午10:15:08]    - ID:3549 三峽大同店 $108044.00 → INV/2026/04/000063
[2026/4/18 上午10:15:08]    - ID:3548 鶯歌鳳鳴店 $54518.00 → INV/2026/04/000062
[2026/4/18 上午10:15:08]    - ID:3547 桃園八德店 $25554.00 → INV/2026/04/000067
[2026/4/18 上午10:15:08]    - ID:3546 土城中央店 $74416.00 → INV/2026/04/000066
[2026/4/18 上午10:15:08]    - ID:3545 楊梅金山店 $55264.00 → INV/2026/04/000058
[2026/4/18 上午10:15:08]    - ID:3544 台南安南店 $54992.00 → INV/2026/04/000050
[2026/4/18 上午10:15:08]    - ID:3543 桃園小檜溪店 $22331.00 → INV/2026/04/000061
[2026/4/18 上午10:15:08]    - ID:3542 桃園南崁店 $11915.00 → INV/2026/04/000060
[2026/4/18 上午10:15:08]    - ID:3541 蘆洲集賢店 $33274.00 → INV/2026/04/000057
[2026/4/18 上午10:15:08]    - ID:3540 桃園中路縣府店 $23981.00 → INV/2026/04/000059
[2026/4/18 上午10:15:08]    - ID:3539 內湖東湖店 $50141.00 → INV/2026/04/000048
[2026/4/18 上午10:15:08] 🔧 自動修正了 0 筆儲值金記錄
[2026/4/18 上午10:15:14] 📱 Telegram 警報發送失敗
[2026/4/18 上午10:15:14] 🔍 GiveMe API 監控完成
[2026/4/18 上午10:45:18] 🔍 GiveMe API 監控開始
[2026/4/18 上午10:45:18] 🛡️ 防護機制狀態正常：腳本層 ✅ API層 ✅
[2026/4/18 上午10:45:18] ❌ 警告：發現 12 筆儲值金被誤開發票！
[2026/4/18 上午10:45:18]    - ID:3550 新莊中平店 $90397.00 → INV/2026/04/000064
[2026/4/18 上午10:45:18]    - ID:3549 三峽大同店 $108044.00 → INV/2026/04/000063
[2026/4/18 上午10:45:18]    - ID:3548 鶯歌鳳鳴店 $54518.00 → INV/2026/04/000062
[2026/4/18 上午10:45:18]    - ID:3547 桃園八德店 $25554.00 → INV/2026/04/000067
[2026/4/18 上午10:45:18]    - ID:3546 土城中央店 $74416.00 → INV/2026/04/000066
[2026/4/18 上午10:45:18]    - ID:3545 楊梅金山店 $55264.00 → INV/2026/04/000058
[2026/4/18 上午10:45:18]    - ID:3544 台南安南店 $54992.00 → INV/2026/04/000050
[2026/4/18 上午10:45:18]    - ID:3543 桃園小檜溪店 $22331.00 → INV/2026/04/000061
[2026/4/18 上午10:45:18]    - ID:3542 桃園南崁店 $11915.00 → INV/2026/04/000060
[2026/4/18 上午10:45:18]    - ID:3541 蘆洲集賢店 $33274.00 → INV/2026/04/000057
[2026/4/18 上午10:45:18]    - ID:3540 桃園中路縣府店 $23981.00 → INV/2026/04/000059
[2026/4/18 上午10:45:18]    - ID:3539 內湖東湖店 $50141.00 → INV/2026/04/000048
[2026/4/18 上午10:45:18] 🔧 自動修正了 0 筆儲值金記錄
[2026/4/18 上午10:45:21] 📱 Telegram 警報發送失敗
[2026/4/18 上午10:45:21] 🔍 GiveMe API 監控完成
[2026/4/18 上午11:15:28] 🔍 GiveMe API 監控開始
[2026/4/18 上午11:15:28] 🛡️ 防護機制狀態正常：腳本層 ✅ API層 ✅
[2026/4/18 上午11:15:28] ❌ 警告：發現 12 筆儲值金被誤開發票！
[2026/4/18 上午11:15:28]    - ID:3550 新莊中平店 $90397.00 → INV/2026/04/000064
[2026/4/18 上午11:15:28]    - ID:3549 三峽大同店 $108044.00 → INV/2026/04/000063
[2026/4/18 上午11:15:28]    - ID:3548 鶯歌鳳鳴店 $54518.00 → INV/2026/04/000062
[2026/4/18 上午11:15:28]    - ID:3547 桃園八德店 $25554.00 → INV/2026/04/000067
[2026/4/18 上午11:15:28]    - ID:3546 土城中央店 $74416.00 → INV/2026/04/000066
[2026/4/18 上午11:15:28]    - ID:3545 楊梅金山店 $55264.00 → INV/2026/04/000058
[2026/4/18 上午11:15:28]    - ID:3544 台南安南店 $54992.00 → INV/2026/04/000050
[2026/4/18 上午11:15:28]    - ID:3543 桃園小檜溪店 $22331.00 → INV/2026/04/000061
[2026/4/18 上午11:15:28]    - ID:3542 桃園南崁店 $11915.00 → INV/2026/04/000060
[2026/4/18 上午11:15:28]    - ID:3541 蘆洲集賢店 $33274.00 → INV/2026/04/000057
[2026/4/18 上午11:15:28]    - ID:3540 桃園中路縣府店 $23981.00 → INV/2026/04/000059
[2026/4/18 上午11:15:28]    - ID:3539 內湖東湖店 $50141.00 → INV/2026/04/000048
[2026/4/18 上午11:15:28] 🔧 自動修正了 0 筆儲值金記錄
[2026/4/18 上午11:15:31] 📱 Telegram 警報發送失敗
[2026/4/18 上午11:15:31] 🔍 GiveMe API 監控完成
[2026/4/18 上午11:45:38] 🔍 GiveMe API 監控開始
[2026/4/18 上午11:45:38] 🛡️ 防護機制狀態正常：腳本層 ✅ API層 ✅
[2026/4/18 上午11:45:38] ❌ 警告：發現 12 筆儲值金被誤開發票！
[2026/4/18 上午11:45:38]    - ID:3550 新莊中平店 $90397.00 → INV/2026/04/000064
[2026/4/18 上午11:45:38]    - ID:3549 三峽大同店 $108044.00 → INV/2026/04/000063
[2026/4/18 上午11:45:38]    - ID:3548 鶯歌鳳鳴店 $54518.00 → INV/2026/04/000062
[2026/4/18 上午11:45:38]    - ID:3547 桃園八德店 $25554.00 → INV/2026/04/000067
[2026/4/18 上午11:45:38]    - ID:3546 土城中央店 $74416.00 → INV/2026/04/000066
[2026/4/18 上午11:45:38]    - ID:3545 楊梅金山店 $55264.00 → INV/2026/04/000058
[2026/4/18 上午11:45:38]    - ID:3544 台南安南店 $54992.00 → INV/2026/04/000050
[2026/4/18 上午11:45:38]    - ID:3543 桃園小檜溪店 $22331.00 → INV/2026/04/000061
[2026/4/18 上午11:45:38]    - ID:3542 桃園南崁店 $11915.00 → INV/2026/04/000060
[2026/4/18 上午11:45:38]    - ID:3541 蘆洲集賢店 $33274.00 → INV/2026/04/000057
[2026/4/18 上午11:45:38]    - ID:3540 桃園中路縣府店 $23981.00 → INV/2026/04/000059
[2026/4/18 上午11:45:38]    - ID:3539 內湖東湖店 $50141.00 → INV/2026/04/000048
[2026/4/18 上午11:45:38] 🔧 自動修正了 0 筆儲值金記錄
[2026/4/18 上午11:45:43] 📱 Telegram 警報發送失敗
[2026/4/18 上午11:45:43] 🔍 GiveMe API 監控完成
[2026/4/18 下午12:15:49] 🔍 GiveMe API 監控開始
[2026/4/18 下午12:15:49] 🛡️ 防護機制狀態正常：腳本層 ✅ API層 ✅
[2026/4/18 下午12:15:49] ❌ 警告：發現 12 筆儲值金被誤開發票！
[2026/4/18 下午12:15:49]    - ID:3550 新莊中平店 $90397.00 → INV/2026/04/000064
[2026/4/18 下午12:15:49]    - ID:3549 三峽大同店 $108044.00 → INV/2026/04/000063
[2026/4/18 下午12:15:49]    - ID:3548 鶯歌鳳鳴店 $54518.00 → INV/2026/04/000062
[2026/4/18 下午12:15:49]    - ID:3547 桃園八德店 $25554.00 → INV/2026/04/000067
[2026/4/18 下午12:15:49]    - ID:3546 土城中央店 $74416.00 → INV/2026/04/000066
[2026/4/18 下午12:15:49]    - ID:3545 楊梅金山店 $55264.00 → INV/2026/04/000058
[2026/4/18 下午12:15:49]    - ID:3544 台南安南店 $54992.00 → INV/2026/04/000050
[2026/4/18 下午12:15:49]    - ID:3543 桃園小檜溪店 $22331.00 → INV/2026/04/000061
[2026/4/18 下午12:15:49]    - ID:3542 桃園南崁店 $11915.00 → INV/2026/04/000060
[2026/4/18 下午12:15:49]    - ID:3541 蘆洲集賢店 $33274.00 → INV/2026/04/000057
[2026/4/18 下午12:15:49]    - ID:3540 桃園中路縣府店 $23981.00 → INV/2026/04/000059
[2026/4/18 下午12:15:49]    - ID:3539 內湖東湖店 $50141.00 → INV/2026/04/000048
[2026/4/18 下午12:15:49] 🔧 自動修正了 0 筆儲值金記錄
[2026/4/18 下午12:15:51] 📱 Telegram 警報發送失敗
[2026/4/18 下午12:15:51] 🔍 GiveMe API 監控完成
[2026/4/18 下午12:45:59] 🔍 GiveMe API 監控開始
[2026/4/18 下午12:45:59] 🛡️ 防護機制狀態正常：腳本層 ✅ API層 ✅
[2026/4/18 下午12:45:59] ❌ 警告：發現 12 筆儲值金被誤開發票！
[2026/4/18 下午12:45:59]    - ID:3550 新莊中平店 $90397.00 → INV/2026/04/000064
[2026/4/18 下午12:45:59]    - ID:3549 三峽大同店 $108044.00 → INV/2026/04/000063
[2026/4/18 下午12:45:59]    - ID:3548 鶯歌鳳鳴店 $54518.00 → INV/2026/04/000062
[2026/4/18 下午12:45:59]    - ID:3547 桃園八德店 $25554.00 → INV/2026/04/000067
[2026/4/18 下午12:45:59]    - ID:3546 土城中央店 $74416.00 → INV/2026/04/000066
[2026/4/18 下午12:45:59]    - ID:3545 楊梅金山店 $55264.00 → INV/2026/04/000058
[2026/4/18 下午12:45:59]    - ID:3544 台南安南店 $54992.00 → INV/2026/04/000050
[2026/4/18 下午12:45:59]    - ID:3543 桃園小檜溪店 $22331.00 → INV/2026/04/000061
[2026/4/18 下午12:45:59]    - ID:3542 桃園南崁店 $11915.00 → INV/2026/04/000060
[2026/4/18 下午12:45:59]    - ID:3541 蘆洲集賢店 $33274.00 → INV/2026/04/000057
[2026/4/18 下午12:45:59]    - ID:3540 桃園中路縣府店 $23981.00 → INV/2026/04/000059
[2026/4/18 下午12:45:59]    - ID:3539 內湖東湖店 $50141.00 → INV/2026/04/000048
[2026/4/18 下午12:45:59] 🔧 自動修正了 0 筆儲值金記錄
[2026/4/18 下午12:46:04] 📱 Telegram 警報發送失敗
[2026/4/18 下午12:46:04] 🔍 GiveMe API 監控完成
[2026/4/18 下午1:16:09] 🔍 GiveMe API 監控開始
[2026/4/18 下午1:16:09] 🛡️ 防護機制狀態正常：腳本層 ✅ API層 ✅
[2026/4/18 下午1:16:09] ❌ 警告：發現 12 筆儲值金被誤開發票！
[2026/4/18 下午1:16:09]    - ID:3550 新莊中平店 $90397.00 → INV/2026/04/000064
[2026/4/18 下午1:16:09]    - ID:3549 三峽大同店 $108044.00 → INV/2026/04/000063
[2026/4/18 下午1:16:09]    - ID:3548 鶯歌鳳鳴店 $54518.00 → INV/2026/04/000062
[2026/4/18 下午1:16:09]    - ID:3547 桃園八德店 $25554.00 → INV/2026/04/000067
[2026/4/18 下午1:16:09]    - ID:3546 土城中央店 $74416.00 → INV/2026/04/000066
[2026/4/18 下午1:16:09]    - ID:3545 楊梅金山店 $55264.00 → INV/2026/04/000058
[2026/4/18 下午1:16:09]    - ID:3544 台南安南店 $54992.00 → INV/2026/04/000050
[2026/4/18 下午1:16:09]    - ID:3543 桃園小檜溪店 $22331.00 → INV/2026/04/000061
[2026/4/18 下午1:16:09]    - ID:3542 桃園南崁店 $11915.00 → INV/2026/04/000060
[2026/4/18 下午1:16:09]    - ID:3541 蘆洲集賢店 $33274.00 → INV/2026/04/000057
[2026/4/18 下午1:16:09]    - ID:3540 桃園中路縣府店 $23981.00 → INV/2026/04/000059
[2026/4/18 下午1:16:09]    - ID:3539 內湖東湖店 $50141.00 → INV/2026/04/000048
[2026/4/18 下午1:16:09] 🔧 自動修正了 0 筆儲值金記錄
[2026/4/18 下午1:16:11] 📱 Telegram 警報發送失敗
[2026/4/18 下午1:16:11] 🔍 GiveMe API 監控完成
[2026/4/18 下午1:46:19] 🔍 GiveMe API 監控開始
[2026/4/18 下午1:46:19] 🛡️ 防護機制狀態正常：腳本層 ✅ API層 ✅
[2026/4/18 下午1:46:19] ❌ 警告：發現 12 筆儲值金被誤開發票！
[2026/4/18 下午1:46:19]    - ID:3550 新莊中平店 $90397.00 → INV/2026/04/000064
[2026/4/18 下午1:46:19]    - ID:3549 三峽大同店 $108044.00 → INV/2026/04/000063
[2026/4/18 下午1:46:19]    - ID:3548 鶯歌鳳鳴店 $54518.00 → INV/2026/04/000062
[2026/4/18 下午1:46:19]    - ID:3547 桃園八德店 $25554.00 → INV/2026/04/000067
[2026/4/18 下午1:46:19]    - ID:3546 土城中央店 $74416.00 → INV/2026/04/000066
[2026/4/18 下午1:46:19]    - ID:3545 楊梅金山店 $55264.00 → INV/2026/04/000058
[2026/4/18 下午1:46:19]    - ID:3544 台南安南店 $54992.00 → INV/2026/04/000050
[2026/4/18 下午1:46:19]    - ID:3543 桃園小檜溪店 $22331.00 → INV/2026/04/000061
[2026/4/18 下午1:46:19]    - ID:3542 桃園南崁店 $11915.00 → INV/2026/04/000060
[2026/4/18 下午1:46:19]    - ID:3541 蘆洲集賢店 $33274.00 → INV/2026/04/000057
[2026/4/18 下午1:46:19]    - ID:3540 桃園中路縣府店 $23981.00 → INV/2026/04/000059
[2026/4/18 下午1:46:19]    - ID:3539 內湖東湖店 $50141.00 → INV/2026/04/000048
[2026/4/18 下午1:46:19] 🔧 自動修正了 0 筆儲值金記錄
[2026/4/18 下午1:46:25] 📱 Telegram 警報發送失敗
[2026/4/18 下午1:46:25] 🔍 GiveMe API 監控完成
[2026/4/18 下午2:16:29] 🔍 GiveMe API 監控開始
[2026/4/18 下午2:16:29] 🛡️ 防護機制狀態正常：腳本層 ✅ API層 ✅
[2026/4/18 下午2:16:29] ❌ 警告：發現 12 筆儲值金被誤開發票！
[2026/4/18 下午2:16:29]    - ID:3550 新莊中平店 $90397.00 → INV/2026/04/000064
[2026/4/18 下午2:16:29]    - ID:3549 三峽大同店 $108044.00 → INV/2026/04/000063
[2026/4/18 下午2:16:29]    - ID:3548 鶯歌鳳鳴店 $54518.00 → INV/2026/04/000062
[2026/4/18 下午2:16:29]    - ID:3547 桃園八德店 $25554.00 → INV/2026/04/000067
[2026/4/18 下午2:16:29]    - ID:3546 土城中央店 $74416.00 → INV/2026/04/000066
[2026/4/18 下午2:16:29]    - ID:3545 楊梅金山店 $55264.00 → INV/2026/04/000058
[2026/4/18 下午2:16:29]    - ID:3544 台南安南店 $54992.00 → INV/2026/04/000050
[2026/4/18 下午2:16:29]    - ID:3543 桃園小檜溪店 $22331.00 → INV/2026/04/000061
[2026/4/18 下午2:16:29]    - ID:3542 桃園南崁店 $11915.00 → INV/2026/04/000060
[2026/4/18 下午2:16:29]    - ID:3541 蘆洲集賢店 $33274.00 → INV/2026/04/000057
[2026/4/18 下午2:16:29]    - ID:3540 桃園中路縣府店 $23981.00 → INV/2026/04/000059
[2026/4/18 下午2:16:29]    - ID:3539 內湖東湖店 $50141.00 → INV/2026/04/000048
[2026/4/18 下午2:16:29] 🔧 自動修正了 0 筆儲值金記錄
[2026/4/18 下午2:16:32] 📱 Telegram 警報發送失敗
[2026/4/18 下午2:16:32] 🔍 GiveMe API 監控完成
[2026/4/18 下午2:46:39] 🔍 GiveMe API 監控開始
[2026/4/18 下午2:46:39] 🛡️ 防護機制狀態正常：腳本層 ✅ API層 ✅
[2026/4/18 下午2:46:39] ❌ 警告：發現 12 筆儲值金被誤開發票！
[2026/4/18 下午2:46:39]    - ID:3550 新莊中平店 $90397.00 → INV/2026/04/000064
[2026/4/18 下午2:46:39]    - ID:3549 三峽大同店 $108044.00 → INV/2026/04/000063
[2026/4/18 下午2:46:39]    - ID:3548 鶯歌鳳鳴店 $54518.00 → INV/2026/04/000062
[2026/4/18 下午2:46:39]    - ID:3547 桃園八德店 $25554.00 → INV/2026/04/000067
[2026/4/18 下午2:46:39]    - ID:3546 土城中央店 $74416.00 → INV/2026/04/000066
[2026/4/18 下午2:46:39]    - ID:3545 楊梅金山店 $55264.00 → INV/2026/04/000058
[2026/4/18 下午2:46:39]    - ID:3544 台南安南店 $54992.00 → INV/2026/04/000050
[2026/4/18 下午2:46:39]    - ID:3543 桃園小檜溪店 $22331.00 → INV/2026/04/000061
[2026/4/18 下午2:46:39]    - ID:3542 桃園南崁店 $11915.00 → INV/2026/04/000060
[2026/4/18 下午2:46:39]    - ID:3541 蘆洲集賢店 $33274.00 → INV/2026/04/000057
[2026/4/18 下午2:46:39]    - ID:3540 桃園中路縣府店 $23981.00 → INV/2026/04/000059
[2026/4/18 下午2:46:39]    - ID:3539 內湖東湖店 $50141.00 → INV/2026/04/000048
[2026/4/18 下午2:46:39] 🔧 自動修正了 0 筆儲值金記錄
[2026/4/18 下午2:46:42] 📱 Telegram 警報發送失敗
[2026/4/18 下午2:46:42] 🔍 GiveMe API 監控完成
[2026/4/18 下午3:16:49] 🔍 GiveMe API 監控開始
[2026/4/18 下午3:16:49] 🛡️ 防護機制狀態正常：腳本層 ✅ API層 ✅
[2026/4/18 下午3:16:49] ❌ 警告：發現 12 筆儲值金被誤開發票！
[2026/4/18 下午3:16:49]    - ID:3550 新莊中平店 $90397.00 → INV/2026/04/000064
[2026/4/18 下午3:16:49]    - ID:3549 三峽大同店 $108044.00 → INV/2026/04/000063
[2026/4/18 下午3:16:49]    - ID:3548 鶯歌鳳鳴店 $54518.00 → INV/2026/04/000062
[2026/4/18 下午3:16:49]    - ID:3547 桃園八德店 $25554.00 → INV/2026/04/000067
[2026/4/18 下午3:16:49]    - ID:3546 土城中央店 $74416.00 → INV/2026/04/000066
[2026/4/18 下午3:16:49]    - ID:3545 楊梅金山店 $55264.00 → INV/2026/04/000058
[2026/4/18 下午3:16:49]    - ID:3544 台南安南店 $54992.00 → INV/2026/04/000050
[2026/4/18 下午3:16:49]    - ID:3543 桃園小檜溪店 $22331.00 → INV/2026/04/000061
[2026/4/18 下午3:16:49]    - ID:3542 桃園南崁店 $11915.00 → INV/2026/04/000060
[2026/4/18 下午3:16:49]    - ID:3541 蘆洲集賢店 $33274.00 → INV/2026/04/000057
[2026/4/18 下午3:16:49]    - ID:3540 桃園中路縣府店 $23981.00 → INV/2026/04/000059
[2026/4/18 下午3:16:49]    - ID:3539 內湖東湖店 $50141.00 → INV/2026/04/000048
[2026/4/18 下午3:16:49] 🔧 自動修正了 0 筆儲值金記錄
[2026/4/18 下午3:16:52] 📱 Telegram 警報發送失敗
[2026/4/18 下午3:16:52] 🔍 GiveMe API 監控完成
[2026/4/18 下午3:46:59] 🔍 GiveMe API 監控開始
[2026/4/18 下午3:46:59] 🛡️ 防護機制狀態正常：腳本層 ✅ API層 ✅
[2026/4/18 下午3:47:00] ❌ 警告：發現 12 筆儲值金被誤開發票！
[2026/4/18 下午3:47:00]    - ID:3550 新莊中平店 $90397.00 → INV/2026/04/000064
[2026/4/18 下午3:47:00]    - ID:3549 三峽大同店 $108044.00 → INV/2026/04/000063
[2026/4/18 下午3:47:00]    - ID:3548 鶯歌鳳鳴店 $54518.00 → INV/2026/04/000062
[2026/4/18 下午3:47:00]    - ID:3547 桃園八德店 $25554.00 → INV/2026/04/000067
[2026/4/18 下午3:47:00]    - ID:3546 土城中央店 $74416.00 → INV/2026/04/000066
[2026/4/18 下午3:47:00]    - ID:3545 楊梅金山店 $55264.00 → INV/2026/04/000058
[2026/4/18 下午3:47:00]    - ID:3544 台南安南店 $54992.00 → INV/2026/04/000050
[2026/4/18 下午3:47:00]    - ID:3543 桃園小檜溪店 $22331.00 → INV/2026/04/000061
[2026/4/18 下午3:47:00]    - ID:3542 桃園南崁店 $11915.00 → INV/2026/04/000060
[2026/4/18 下午3:47:00]    - ID:3541 蘆洲集賢店 $33274.00 → INV/2026/04/000057
[2026/4/18 下午3:47:00]    - ID:3540 桃園中路縣府店 $23981.00 → INV/2026/04/000059
[2026/4/18 下午3:47:00]    - ID:3539 內湖東湖店 $50141.00 → INV/2026/04/000048
[2026/4/18 下午3:47:00] 🔧 自動修正了 0 筆儲值金記錄
[2026/4/18 下午3:47:02] 📱 Telegram 警報發送失敗
[2026/4/18 下午3:47:02] 🔍 GiveMe API 監控完成
[2026/4/18 下午4:17:10] 🔍 GiveMe API 監控開始
[2026/4/18 下午4:17:10] 🛡️ 防護機制狀態正常：腳本層 ✅ API層 ✅
[2026/4/18 下午4:17:10] ❌ 警告：發現 12 筆儲值金被誤開發票！
[2026/4/18 下午4:17:10]    - ID:3550 新莊中平店 $90397.00 → INV/2026/04/000064
[2026/4/18 下午4:17:10]    - ID:3549 三峽大同店 $108044.00 → INV/2026/04/000063
[2026/4/18 下午4:17:10]    - ID:3548 鶯歌鳳鳴店 $54518.00 → INV/2026/04/000062
[2026/4/18 下午4:17:10]    - ID:3547 桃園八德店 $25554.00 → INV/2026/04/000067
[2026/4/18 下午4:17:10]    - ID:3546 土城中央店 $74416.00 → INV/2026/04/000066
[2026/4/18 下午4:17:10]    - ID:3545 楊梅金山店 $55264.00 → INV/2026/04/000058
[2026/4/18 下午4:17:10]    - ID:3544 台南安南店 $54992.00 → INV/2026/04/000050
[2026/4/18 下午4:17:10]    - ID:3543 桃園小檜溪店 $22331.00 → INV/2026/04/000061
[2026/4/18 下午4:17:10]    - ID:3542 桃園南崁店 $11915.00 → INV/2026/04/000060
[2026/4/18 下午4:17:10]    - ID:3541 蘆洲集賢店 $33274.00 → INV/2026/04/000057
[2026/4/18 下午4:17:10]    - ID:3540 桃園中路縣府店 $23981.00 → INV/2026/04/000059
[2026/4/18 下午4:17:10]    - ID:3539 內湖東湖店 $50141.00 → INV/2026/04/000048
[2026/4/18 下午4:17:10] 🔧 自動修正了 0 筆儲值金記錄
[2026/4/18 下午4:17:13] 📱 Telegram 警報發送失敗
[2026/4/18 下午4:17:13] 🔍 GiveMe API 監控完成
[2026/4/18 下午4:47:20] 🔍 GiveMe API 監控開始
[2026/4/18 下午4:47:20] 🛡️ 防護機制狀態正常：腳本層 ✅ API層 ✅
[2026/4/18 下午4:47:20] ❌ 警告：發現 12 筆儲值金被誤開發票！
[2026/4/18 下午4:47:20]    - ID:3550 新莊中平店 $90397.00 → INV/2026/04/000064
[2026/4/18 下午4:47:20]    - ID:3549 三峽大同店 $108044.00 → INV/2026/04/000063
[2026/4/18 下午4:47:20]    - ID:3548 鶯歌鳳鳴店 $54518.00 → INV/2026/04/000062
[2026/4/18 下午4:47:20]    - ID:3547 桃園八德店 $25554.00 → INV/2026/04/000067
[2026/4/18 下午4:47:20]    - ID:3546 土城中央店 $74416.00 → INV/2026/04/000066
[2026/4/18 下午4:47:20]    - ID:3545 楊梅金山店 $55264.00 → INV/2026/04/000058
[2026/4/18 下午4:47:20]    - ID:3544 台南安南店 $54992.00 → INV/2026/04/000050
[2026/4/18 下午4:47:20]    - ID:3543 桃園小檜溪店 $22331.00 → INV/2026/04/000061
[2026/4/18 下午4:47:20]    - ID:3542 桃園南崁店 $11915.00 → INV/2026/04/000060
[2026/4/18 下午4:47:20]    - ID:3541 蘆洲集賢店 $33274.00 → INV/2026/04/000057
[2026/4/18 下午4:47:20]    - ID:3540 桃園中路縣府店 $23981.00 → INV/2026/04/000059
[2026/4/18 下午4:47:20]    - ID:3539 內湖東湖店 $50141.00 → INV/2026/04/000048
[2026/4/18 下午4:47:20] 🔧 自動修正了 0 筆儲值金記錄
[2026/4/18 下午4:47:22] 📱 Telegram 警報發送失敗
[2026/4/18 下午4:47:22] 🔍 GiveMe API 監控完成
[2026/4/18 下午5:17:30] 🔍 GiveMe API 監控開始
[2026/4/18 下午5:17:30] 🛡️ 防護機制狀態正常：腳本層 ✅ API層 ✅
[2026/4/18 下午5:17:30] ❌ 警告：發現 12 筆儲值金被誤開發票！
[2026/4/18 下午5:17:30]    - ID:3550 新莊中平店 $90397.00 → INV/2026/04/000064
[2026/4/18 下午5:17:30]    - ID:3549 三峽大同店 $108044.00 → INV/2026/04/000063
[2026/4/18 下午5:17:30]    - ID:3548 鶯歌鳳鳴店 $54518.00 → INV/2026/04/000062
[2026/4/18 下午5:17:30]    - ID:3547 桃園八德店 $25554.00 → INV/2026/04/000067
[2026/4/18 下午5:17:30]    - ID:3546 土城中央店 $74416.00 → INV/2026/04/000066
[2026/4/18 下午5:17:30]    - ID:3545 楊梅金山店 $55264.00 → INV/2026/04/000058
[2026/4/18 下午5:17:30]    - ID:3544 台南安南店 $54992.00 → INV/2026/04/000050
[2026/4/18 下午5:17:30]    - ID:3543 桃園小檜溪店 $22331.00 → INV/2026/04/000061
[2026/4/18 下午5:17:30]    - ID:3542 桃園南崁店 $11915.00 → INV/2026/04/000060
[2026/4/18 下午5:17:30]    - ID:3541 蘆洲集賢店 $33274.00 → INV/2026/04/000057
[2026/4/18 下午5:17:30]    - ID:3540 桃園中路縣府店 $23981.00 → INV/2026/04/000059
[2026/4/18 下午5:17:30]    - ID:3539 內湖東湖店 $50141.00 → INV/2026/04/000048
[2026/4/18 下午5:17:30] 🔧 自動修正了 0 筆儲值金記錄
[2026/4/18 下午5:17:32] 📱 Telegram 警報發送失敗
[2026/4/18 下午5:17:32] 🔍 GiveMe API 監控完成
[2026/4/18 下午5:47:40] 🔍 GiveMe API 監控開始
[2026/4/18 下午5:47:40] 🛡️ 防護機制狀態正常：腳本層 ✅ API層 ✅
[2026/4/18 下午5:47:40] ❌ 警告：發現 12 筆儲值金被誤開發票！
[2026/4/18 下午5:47:40]    - ID:3550 新莊中平店 $90397.00 → INV/2026/04/000064
[2026/4/18 下午5:47:40]    - ID:3549 三峽大同店 $108044.00 → INV/2026/04/000063
[2026/4/18 下午5:47:40]    - ID:3548 鶯歌鳳鳴店 $54518.00 → INV/2026/04/000062
[2026/4/18 下午5:47:40]    - ID:3547 桃園八德店 $25554.00 → INV/2026/04/000067
[2026/4/18 下午5:47:40]    - ID:3546 土城中央店 $74416.00 → INV/2026/04/000066
[2026/4/18 下午5:47:40]    - ID:3545 楊梅金山店 $55264.00 → INV/2026/04/000058
[2026/4/18 下午5:47:40]    - ID:3544 台南安南店 $54992.00 → INV/2026/04/000050
[2026/4/18 下午5:47:40]    - ID:3543 桃園小檜溪店 $22331.00 → INV/2026/04/000061
[2026/4/18 下午5:47:40]    - ID:3542 桃園南崁店 $11915.00 → INV/2026/04/000060
[2026/4/18 下午5:47:40]    - ID:3541 蘆洲集賢店 $33274.00 → INV/2026/04/000057
[2026/4/18 下午5:47:40]    - ID:3540 桃園中路縣府店 $23981.00 → INV/2026/04/000059
[2026/4/18 下午5:47:40]    - ID:3539 內湖東湖店 $50141.00 → INV/2026/04/000048
[2026/4/18 下午5:47:40] 🔧 自動修正了 0 筆儲值金記錄
[2026/4/18 下午5:47:45] 📱 Telegram 警報發送失敗
[2026/4/18 下午5:47:45] 🔍 GiveMe API 監控完成
[2026/4/18 下午6:17:50] 🔍 GiveMe API 監控開始
[2026/4/18 下午6:17:50] 🛡️ 防護機制狀態正常：腳本層 ✅ API層 ✅
[2026/4/18 下午6:17:50] ❌ 警告：發現 12 筆儲值金被誤開發票！
[2026/4/18 下午6:17:50]    - ID:3550 新莊中平店 $90397.00 → INV/2026/04/000064
[2026/4/18 下午6:17:50]    - ID:3549 三峽大同店 $108044.00 → INV/2026/04/000063
[2026/4/18 下午6:17:50]    - ID:3548 鶯歌鳳鳴店 $54518.00 → INV/2026/04/000062
[2026/4/18 下午6:17:50]    - ID:3547 桃園八德店 $25554.00 → INV/2026/04/000067
[2026/4/18 下午6:17:50]    - ID:3546 土城中央店 $74416.00 → INV/2026/04/000066
[2026/4/18 下午6:17:50]    - ID:3545 楊梅金山店 $55264.00 → INV/2026/04/000058
[2026/4/18 下午6:17:50]    - ID:3544 台南安南店 $54992.00 → INV/2026/04/000050
[2026/4/18 下午6:17:50]    - ID:3543 桃園小檜溪店 $22331.00 → INV/2026/04/000061
[2026/4/18 下午6:17:50]    - ID:3542 桃園南崁店 $11915.00 → INV/2026/04/000060
[2026/4/18 下午6:17:50]    - ID:3541 蘆洲集賢店 $33274.00 → INV/2026/04/000057
[2026/4/18 下午6:17:50]    - ID:3540 桃園中路縣府店 $23981.00 → INV/2026/04/000059
[2026/4/18 下午6:17:50]    - ID:3539 內湖東湖店 $50141.00 → INV/2026/04/000048
[2026/4/18 下午6:17:50] 🔧 自動修正了 0 筆儲值金記錄
[2026/4/18 下午6:17:53] 📱 Telegram 警報發送失敗
[2026/4/18 下午6:17:53] 🔍 GiveMe API 監控完成
[2026/4/18 下午6:48:01] 🔍 GiveMe API 監控開始
[2026/4/18 下午6:48:01] 🛡️ 防護機制狀態正常：腳本層 ✅ API層 ✅
[2026/4/18 下午6:48:01] ❌ 警告：發現 12 筆儲值金被誤開發票！
[2026/4/18 下午6:48:01]    - ID:3550 新莊中平店 $90397.00 → INV/2026/04/000064
[2026/4/18 下午6:48:01]    - ID:3549 三峽大同店 $108044.00 → INV/2026/04/000063
[2026/4/18 下午6:48:01]    - ID:3548 鶯歌鳳鳴店 $54518.00 → INV/2026/04/000062
[2026/4/18 下午6:48:01]    - ID:3547 桃園八德店 $25554.00 → INV/2026/04/000067
[2026/4/18 下午6:48:01]    - ID:3546 土城中央店 $74416.00 → INV/2026/04/000066
[2026/4/18 下午6:48:01]    - ID:3545 楊梅金山店 $55264.00 → INV/2026/04/000058
[2026/4/18 下午6:48:01]    - ID:3544 台南安南店 $54992.00 → INV/2026/04/000050
[2026/4/18 下午6:48:01]    - ID:3543 桃園小檜溪店 $22331.00 → INV/2026/04/000061
[2026/4/18 下午6:48:01]    - ID:3542 桃園南崁店 $11915.00 → INV/2026/04/000060
[2026/4/18 下午6:48:01]    - ID:3541 蘆洲集賢店 $33274.00 → INV/2026/04/000057
[2026/4/18 下午6:48:01]    - ID:3540 桃園中路縣府店 $23981.00 → INV/2026/04/000059
[2026/4/18 下午6:48:01]    - ID:3539 內湖東湖店 $50141.00 → INV/2026/04/000048
[2026/4/18 下午6:48:01] 🔧 自動修正了 0 筆儲值金記錄
[2026/4/18 下午6:48:04] 📱 Telegram 警報發送失敗
[2026/4/18 下午6:48:04] 🔍 GiveMe API 監控完成
[2026/4/18 下午7:18:11] 🔍 GiveMe API 監控開始
[2026/4/18 下午7:18:11] 🛡️ 防護機制狀態正常：腳本層 ✅ API層 ✅
[2026/4/18 下午7:18:11] ❌ 警告：發現 12 筆儲值金被誤開發票！
[2026/4/18 下午7:18:11]    - ID:3550 新莊中平店 $90397.00 → INV/2026/04/000064
[2026/4/18 下午7:18:11]    - ID:3549 三峽大同店 $108044.00 → INV/2026/04/000063
[2026/4/18 下午7:18:11]    - ID:3548 鶯歌鳳鳴店 $54518.00 → INV/2026/04/000062
[2026/4/18 下午7:18:11]    - ID:3547 桃園八德店 $25554.00 → INV/2026/04/000067
[2026/4/18 下午7:18:11]    - ID:3546 土城中央店 $74416.00 → INV/2026/04/000066
[2026/4/18 下午7:18:11]    - ID:3545 楊梅金山店 $55264.00 → INV/2026/04/000058
[2026/4/18 下午7:18:11]    - ID:3544 台南安南店 $54992.00 → INV/2026/04/000050
[2026/4/18 下午7:18:11]    - ID:3543 桃園小檜溪店 $22331.00 → INV/2026/04/000061
[2026/4/18 下午7:18:11]    - ID:3542 桃園南崁店 $11915.00 → INV/2026/04/000060
[2026/4/18 下午7:18:11]    - ID:3541 蘆洲集賢店 $33274.00 → INV/2026/04/000057
[2026/4/18 下午7:18:11]    - ID:3540 桃園中路縣府店 $23981.00 → INV/2026/04/000059
[2026/4/18 下午7:18:11]    - ID:3539 內湖東湖店 $50141.00 → INV/2026/04/000048
[2026/4/18 下午7:18:11] 🔧 自動修正了 0 筆儲值金記錄
[2026/4/18 下午7:18:16] 📱 Telegram 警報發送失敗
[2026/4/18 下午7:18:16] 🔍 GiveMe API 監控完成
[2026/4/18 下午7:48:21] 🔍 GiveMe API 監控開始
[2026/4/18 下午7:48:21] 🛡️ 防護機制狀態正常：腳本層 ✅ API層 ✅
[2026/4/18 下午7:48:21] ❌ 警告：發現 12 筆儲值金被誤開發票！
[2026/4/18 下午7:48:21]    - ID:3550 新莊中平店 $90397.00 → INV/2026/04/000064
[2026/4/18 下午7:48:21]    - ID:3549 三峽大同店 $108044.00 → INV/2026/04/000063
[2026/4/18 下午7:48:21]    - ID:3548 鶯歌鳳鳴店 $54518.00 → INV/2026/04/000062
[2026/4/18 下午7:48:21]    - ID:3547 桃園八德店 $25554.00 → INV/2026/04/000067
[2026/4/18 下午7:48:21]    - ID:3546 土城中央店 $74416.00 → INV/2026/04/000066
[2026/4/18 下午7:48:21]    - ID:3545 楊梅金山店 $55264.00 → INV/2026/04/000058
[2026/4/18 下午7:48:21]    - ID:3544 台南安南店 $54992.00 → INV/2026/04/000050
[2026/4/18 下午7:48:21]    - ID:3543 桃園小檜溪店 $22331.00 → INV/2026/04/000061
[2026/4/18 下午7:48:21]    - ID:3542 桃園南崁店 $11915.00 → INV/2026/04/000060
[2026/4/18 下午7:48:21]    - ID:3541 蘆洲集賢店 $33274.00 → INV/2026/04/000057
[2026/4/18 下午7:48:21]    - ID:3540 桃園中路縣府店 $23981.00 → INV/2026/04/000059
[2026/4/18 下午7:48:21]    - ID:3539 內湖東湖店 $50141.00 → INV/2026/04/000048
[2026/4/18 下午7:48:21] 🔧 自動修正了 0 筆儲值金記錄
[2026/4/18 下午7:48:26] 📱 Telegram 警報發送失敗
[2026/4/18 下午7:48:26] 🔍 GiveMe API 監控完成
[2026/4/18 下午8:18:31] 🔍 GiveMe API 監控開始
[2026/4/18 下午8:18:31] 🛡️ 防護機制狀態正常：腳本層 ✅ API層 ✅
[2026/4/18 下午8:18:31] ❌ 警告：發現 12 筆儲值金被誤開發票！
[2026/4/18 下午8:18:31]    - ID:3550 新莊中平店 $90397.00 → INV/2026/04/000064
[2026/4/18 下午8:18:31]    - ID:3549 三峽大同店 $108044.00 → INV/2026/04/000063
[2026/4/18 下午8:18:31]    - ID:3548 鶯歌鳳鳴店 $54518.00 → INV/2026/04/000062
[2026/4/18 下午8:18:31]    - ID:3547 桃園八德店 $25554.00 → INV/2026/04/000067
[2026/4/18 下午8:18:31]    - ID:3546 土城中央店 $74416.00 → INV/2026/04/000066
[2026/4/18 下午8:18:31]    - ID:3545 楊梅金山店 $55264.00 → INV/2026/04/000058
[2026/4/18 下午8:18:31]    - ID:3544 台南安南店 $54992.00 → INV/2026/04/000050
[2026/4/18 下午8:18:31]    - ID:3543 桃園小檜溪店 $22331.00 → INV/2026/04/000061
[2026/4/18 下午8:18:31]    - ID:3542 桃園南崁店 $11915.00 → INV/2026/04/000060
[2026/4/18 下午8:18:31]    - ID:3541 蘆洲集賢店 $33274.00 → INV/2026/04/000057
[2026/4/18 下午8:18:31]    - ID:3540 桃園中路縣府店 $23981.00 → INV/2026/04/000059
[2026/4/18 下午8:18:31]    - ID:3539 內湖東湖店 $50141.00 → INV/2026/04/000048
[2026/4/18 下午8:18:31] 🔧 自動修正了 0 筆儲值金記錄
[2026/4/18 下午8:18:34] 📱 Telegram 警報發送失敗
[2026/4/18 下午8:18:34] 🔍 GiveMe API 監控完成
[2026/4/18 下午8:48:42] 🔍 GiveMe API 監控開始
[2026/4/18 下午8:48:42] 🛡️ 防護機制狀態正常：腳本層 ✅ API層 ✅
[2026/4/18 下午8:48:42] ❌ 警告：發現 12 筆儲值金被誤開發票！
[2026/4/18 下午8:48:42]    - ID:3550 新莊中平店 $90397.00 → INV/2026/04/000064
[2026/4/18 下午8:48:42]    - ID:3549 三峽大同店 $108044.00 → INV/2026/04/000063
[2026/4/18 下午8:48:42]    - ID:3548 鶯歌鳳鳴店 $54518.00 → INV/2026/04/000062
[2026/4/18 下午8:48:42]    - ID:3547 桃園八德店 $25554.00 → INV/2026/04/000067
[2026/4/18 下午8:48:42]    - ID:3546 土城中央店 $74416.00 → INV/2026/04/000066
[2026/4/18 下午8:48:42]    - ID:3545 楊梅金山店 $55264.00 → INV/2026/04/000058
[2026/4/18 下午8:48:42]    - ID:3544 台南安南店 $54992.00 → INV/2026/04/000050
[2026/4/18 下午8:48:42]    - ID:3543 桃園小檜溪店 $22331.00 → INV/2026/04/000061
[2026/4/18 下午8:48:42]    - ID:3542 桃園南崁店 $11915.00 → INV/2026/04/000060
[2026/4/18 下午8:48:42]    - ID:3541 蘆洲集賢店 $33274.00 → INV/2026/04/000057
[2026/4/18 下午8:48:42]    - ID:3540 桃園中路縣府店 $23981.00 → INV/2026/04/000059
[2026/4/18 下午8:48:42]    - ID:3539 內湖東湖店 $50141.00 → INV/2026/04/000048
[2026/4/18 下午8:48:42] 🔧 自動修正了 0 筆儲值金記錄
[2026/4/18 下午8:48:44] 📱 Telegram 警報發送失敗
[2026/4/18 下午8:48:44] 🔍 GiveMe API 監控完成
[2026/4/18 下午9:18:52] 🔍 GiveMe API 監控開始
[2026/4/18 下午9:18:52] 🛡️ 防護機制狀態正常：腳本層 ✅ API層 ✅
[2026/4/18 下午9:18:52] ❌ 警告：發現 12 筆儲值金被誤開發票！
[2026/4/18 下午9:18:52]    - ID:3550 新莊中平店 $90397.00 → INV/2026/04/000064
[2026/4/18 下午9:18:52]    - ID:3549 三峽大同店 $108044.00 → INV/2026/04/000063
[2026/4/18 下午9:18:52]    - ID:3548 鶯歌鳳鳴店 $54518.00 → INV/2026/04/000062
[2026/4/18 下午9:18:52]    - ID:3547 桃園八德店 $25554.00 → INV/2026/04/000067
[2026/4/18 下午9:18:52]    - ID:3546 土城中央店 $74416.00 → INV/2026/04/000066
[2026/4/18 下午9:18:52]    - ID:3545 楊梅金山店 $55264.00 → INV/2026/04/000058
[2026/4/18 下午9:18:52]    - ID:3544 台南安南店 $54992.00 → INV/2026/04/000050
[2026/4/18 下午9:18:52]    - ID:3543 桃園小檜溪店 $22331.00 → INV/2026/04/000061
[2026/4/18 下午9:18:52]    - ID:3542 桃園南崁店 $11915.00 → INV/2026/04/000060
[2026/4/18 下午9:18:52]    - ID:3541 蘆洲集賢店 $33274.00 → INV/2026/04/000057
[2026/4/18 下午9:18:52]    - ID:3540 桃園中路縣府店 $23981.00 → INV/2026/04/000059
[2026/4/18 下午9:18:52]    - ID:3539 內湖東湖店 $50141.00 → INV/2026/04/000048
[2026/4/18 下午9:18:52] 🔧 自動修正了 0 筆儲值金記錄
[2026/4/18 下午9:18:55] 📱 Telegram 警報發送失敗
[2026/4/18 下午9:18:55] 🔍 GiveMe API 監控完成
[2026/4/18 下午9:49:02] 🔍 GiveMe API 監控開始
[2026/4/18 下午9:49:02] 🛡️ 防護機制狀態正常：腳本層 ✅ API層 ✅
[2026/4/18 下午9:49:02] ❌ 警告：發現 12 筆儲值金被誤開發票！
[2026/4/18 下午9:49:02]    - ID:3550 新莊中平店 $90397.00 → INV/2026/04/000064
[2026/4/18 下午9:49:02]    - ID:3549 三峽大同店 $108044.00 → INV/2026/04/000063
[2026/4/18 下午9:49:02]    - ID:3548 鶯歌鳳鳴店 $54518.00 → INV/2026/04/000062
[2026/4/18 下午9:49:02]    - ID:3547 桃園八德店 $25554.00 → INV/2026/04/000067
[2026/4/18 下午9:49:02]    - ID:3546 土城中央店 $74416.00 → INV/2026/04/000066
[2026/4/18 下午9:49:02]    - ID:3545 楊梅金山店 $55264.00 → INV/2026/04/000058
[2026/4/18 下午9:49:02]    - ID:3544 台南安南店 $54992.00 → INV/2026/04/000050
[2026/4/18 下午9:49:02]    - ID:3543 桃園小檜溪店 $22331.00 → INV/2026/04/000061
[2026/4/18 下午9:49:02]    - ID:3542 桃園南崁店 $11915.00 → INV/2026/04/000060
[2026/4/18 下午9:49:02]    - ID:3541 蘆洲集賢店 $33274.00 → INV/2026/04/000057
[2026/4/18 下午9:49:02]    - ID:3540 桃園中路縣府店 $23981.00 → INV/2026/04/000059
[2026/4/18 下午9:49:02]    - ID:3539 內湖東湖店 $50141.00 → INV/2026/04/000048
[2026/4/18 下午9:49:02] 🔧 自動修正了 0 筆儲值金記錄
[2026/4/18 下午9:49:05] 📱 Telegram 警報發送失敗
[2026/4/18 下午9:49:05] 🔍 GiveMe API 監控完成
[2026/4/18 下午10:19:12] 🔍 GiveMe API 監控開始
[2026/4/18 下午10:19:12] 🛡️ 防護機制狀態正常：腳本層 ✅ API層 ✅
[2026/4/18 下午10:19:12] ❌ 警告：發現 12 筆儲值金被誤開發票！
[2026/4/18 下午10:19:12]    - ID:3550 新莊中平店 $90397.00 → INV/2026/04/000064
[2026/4/18 下午10:19:12]    - ID:3549 三峽大同店 $108044.00 → INV/2026/04/000063
[2026/4/18 下午10:19:12]    - ID:3548 鶯歌鳳鳴店 $54518.00 → INV/2026/04/000062
[2026/4/18 下午10:19:12]    - ID:3547 桃園八德店 $25554.00 → INV/2026/04/000067
[2026/4/18 下午10:19:12]    - ID:3546 土城中央店 $74416.00 → INV/2026/04/000066
[2026/4/18 下午10:19:12]    - ID:3545 楊梅金山店 $55264.00 → INV/2026/04/000058
[2026/4/18 下午10:19:12]    - ID:3544 台南安南店 $54992.00 → INV/2026/04/000050
[2026/4/18 下午10:19:12]    - ID:3543 桃園小檜溪店 $22331.00 → INV/2026/04/000061
[2026/4/18 下午10:19:12]    - ID:3542 桃園南崁店 $11915.00 → INV/2026/04/000060
[2026/4/18 下午10:19:12]    - ID:3541 蘆洲集賢店 $33274.00 → INV/2026/04/000057
[2026/4/18 下午10:19:12]    - ID:3540 桃園中路縣府店 $23981.00 → INV/2026/04/000059
[2026/4/18 下午10:19:12]    - ID:3539 內湖東湖店 $50141.00 → INV/2026/04/000048
[2026/4/18 下午10:19:12] 🔧 自動修正了 0 筆儲值金記錄
[2026/4/18 下午10:19:16] 📱 Telegram 警報發送失敗
[2026/4/18 下午10:19:16] 🔍 GiveMe API 監控完成
[2026/4/18 下午10:49:22] 🔍 GiveMe API 監控開始
[2026/4/18 下午10:49:22] 🛡️ 防護機制狀態正常：腳本層 ✅ API層 ✅
[2026/4/18 下午10:49:22] ❌ 警告：發現 12 筆儲值金被誤開發票！
[2026/4/18 下午10:49:22]    - ID:3550 新莊中平店 $90397.00 → INV/2026/04/000064
[2026/4/18 下午10:49:22]    - ID:3549 三峽大同店 $108044.00 → INV/2026/04/000063
[2026/4/18 下午10:49:22]    - ID:3548 鶯歌鳳鳴店 $54518.00 → INV/2026/04/000062
[2026/4/18 下午10:49:22]    - ID:3547 桃園八德店 $25554.00 → INV/2026/04/000067
[2026/4/18 下午10:49:22]    - ID:3546 土城中央店 $74416.00 → INV/2026/04/000066
[2026/4/18 下午10:49:22]    - ID:3545 楊梅金山店 $55264.00 → INV/2026/04/000058
[2026/4/18 下午10:49:22]    - ID:3544 台南安南店 $54992.00 → INV/2026/04/000050
[2026/4/18 下午10:49:22]    - ID:3543 桃園小檜溪店 $22331.00 → INV/2026/04/000061
[2026/4/18 下午10:49:22]    - ID:3542 桃園南崁店 $11915.00 → INV/2026/04/000060
[2026/4/18 下午10:49:22]    - ID:3541 蘆洲集賢店 $33274.00 → INV/2026/04/000057
[2026/4/18 下午10:49:22]    - ID:3540 桃園中路縣府店 $23981.00 → INV/2026/04/000059
[2026/4/18 下午10:49:22]    - ID:3539 內湖東湖店 $50141.00 → INV/2026/04/000048
[2026/4/18 下午10:49:22] 🔧 自動修正了 0 筆儲值金記錄
[2026/4/18 下午10:49:27] 📱 Telegram 警報發送失敗
[2026/4/18 下午10:49:27] 🔍 GiveMe API 監控完成
[2026/4/18 下午11:19:32] 🔍 GiveMe API 監控開始
[2026/4/18 下午11:19:32] 🛡️ 防護機制狀態正常：腳本層 ✅ API層 ✅
[2026/4/18 下午11:19:32] ❌ 警告：發現 12 筆儲值金被誤開發票！
[2026/4/18 下午11:19:32]    - ID:3550 新莊中平店 $90397.00 → INV/2026/04/000064
[2026/4/18 下午11:19:32]    - ID:3549 三峽大同店 $108044.00 → INV/2026/04/000063
[2026/4/18 下午11:19:32]    - ID:3548 鶯歌鳳鳴店 $54518.00 → INV/2026/04/000062
[2026/4/18 下午11:19:32]    - ID:3547 桃園八德店 $25554.00 → INV/2026/04/000067
[2026/4/18 下午11:19:32]    - ID:3546 土城中央店 $74416.00 → INV/2026/04/000066
[2026/4/18 下午11:19:32]    - ID:3545 楊梅金山店 $55264.00 → INV/2026/04/000058
[2026/4/18 下午11:19:32]    - ID:3544 台南安南店 $54992.00 → INV/2026/04/000050
[2026/4/18 下午11:19:32]    - ID:3543 桃園小檜溪店 $22331.00 → INV/2026/04/000061
[2026/4/18 下午11:19:32]    - ID:3542 桃園南崁店 $11915.00 → INV/2026/04/000060
[2026/4/18 下午11:19:32]    - ID:3541 蘆洲集賢店 $33274.00 → INV/2026/04/000057
[2026/4/18 下午11:19:32]    - ID:3540 桃園中路縣府店 $23981.00 → INV/2026/04/000059
[2026/4/18 下午11:19:32]    - ID:3539 內湖東湖店 $50141.00 → INV/2026/04/000048
[2026/4/18 下午11:19:32] 🔧 自動修正了 0 筆儲值金記錄
[2026/4/18 下午11:19:35] 📱 Telegram 警報發送失敗
[2026/4/18 下午11:19:35] 🔍 GiveMe API 監控完成
[2026/4/18 下午11:49:42] 🔍 GiveMe API 監控開始
[2026/4/18 下午11:49:42] 🛡️ 防護機制狀態正常：腳本層 ✅ API層 ✅
[2026/4/18 下午11:49:42] ❌ 警告：發現 12 筆儲值金被誤開發票！
[2026/4/18 下午11:49:42]    - ID:3550 新莊中平店 $90397.00 → INV/2026/04/000064
[2026/4/18 下午11:49:42]    - ID:3549 三峽大同店 $108044.00 → INV/2026/04/000063
[2026/4/18 下午11:49:42]    - ID:3548 鶯歌鳳鳴店 $54518.00 → INV/2026/04/000062
[2026/4/18 下午11:49:42]    - ID:3547 桃園八德店 $25554.00 → INV/2026/04/000067
[2026/4/18 下午11:49:42]    - ID:3546 土城中央店 $74416.00 → INV/2026/04/000066
[2026/4/18 下午11:49:42]    - ID:3545 楊梅金山店 $55264.00 → INV/2026/04/000058
[2026/4/18 下午11:49:42]    - ID:3544 台南安南店 $54992.00 → INV/2026/04/000050
[2026/4/18 下午11:49:42]    - ID:3543 桃園小檜溪店 $22331.00 → INV/2026/04/000061
[2026/4/18 下午11:49:42]    - ID:3542 桃園南崁店 $11915.00 → INV/2026/04/000060
[2026/4/18 下午11:49:42]    - ID:3541 蘆洲集賢店 $33274.00 → INV/2026/04/000057
[2026/4/18 下午11:49:42]    - ID:3540 桃園中路縣府店 $23981.00 → INV/2026/04/000059
[2026/4/18 下午11:49:42]    - ID:3539 內湖東湖店 $50141.00 → INV/2026/04/000048
[2026/4/18 下午11:49:42] 🔧 自動修正了 0 筆儲值金記錄
[2026/4/18 下午11:49:45] 📱 Telegram 警報發送失敗
[2026/4/18 下午11:49:45] 🔍 GiveMe API 監控完成
[2026/4/19 上午12:19:53] 🔍 GiveMe API 監控開始
[2026/4/19 上午12:19:53] 🛡️ 防護機制狀態正常：腳本層 ✅ API層 ✅
[2026/4/19 上午12:19:53] ❌ 警告：發現 12 筆儲值金被誤開發票！
[2026/4/19 上午12:19:53]    - ID:3550 新莊中平店 $90397.00 → INV/2026/04/000064
[2026/4/19 上午12:19:53]    - ID:3549 三峽大同店 $108044.00 → INV/2026/04/000063
[2026/4/19 上午12:19:53]    - ID:3548 鶯歌鳳鳴店 $54518.00 → INV/2026/04/000062
[2026/4/19 上午12:19:53]    - ID:3547 桃園八德店 $25554.00 → INV/2026/04/000067
[2026/4/19 上午12:19:53]    - ID:3546 土城中央店 $74416.00 → INV/2026/04/000066
[2026/4/19 上午12:19:53]    - ID:3545 楊梅金山店 $55264.00 → INV/2026/04/000058
[2026/4/19 上午12:19:53]    - ID:3544 台南安南店 $54992.00 → INV/2026/04/000050
[2026/4/19 上午12:19:53]    - ID:3543 桃園小檜溪店 $22331.00 → INV/2026/04/000061
[2026/4/19 上午12:19:53]    - ID:3542 桃園南崁店 $11915.00 → INV/2026/04/000060
[2026/4/19 上午12:19:53]    - ID:3541 蘆洲集賢店 $33274.00 → INV/2026/04/000057
[2026/4/19 上午12:19:53]    - ID:3540 桃園中路縣府店 $23981.00 → INV/2026/04/000059
[2026/4/19 上午12:19:53]    - ID:3539 內湖東湖店 $50141.00 → INV/2026/04/000048
[2026/4/19 上午12:19:53] 🔧 自動修正了 0 筆儲值金記錄
[2026/4/19 上午12:19:55] 📱 Telegram 警報發送失敗
[2026/4/19 上午12:19:55] 🔍 GiveMe API 監控完成
[2026/4/19 上午12:50:03] 🔍 GiveMe API 監控開始
[2026/4/19 上午12:50:03] 🛡️ 防護機制狀態正常：腳本層 ✅ API層 ✅
[2026/4/19 上午12:50:03] ❌ 警告：發現 12 筆儲值金被誤開發票！
[2026/4/19 上午12:50:03]    - ID:3550 新莊中平店 $90397.00 → INV/2026/04/000064
[2026/4/19 上午12:50:03]    - ID:3549 三峽大同店 $108044.00 → INV/2026/04/000063
[2026/4/19 上午12:50:03]    - ID:3548 鶯歌鳳鳴店 $54518.00 → INV/2026/04/000062
[2026/4/19 上午12:50:03]    - ID:3547 桃園八德店 $25554.00 → INV/2026/04/000067
[2026/4/19 上午12:50:03]    - ID:3546 土城中央店 $74416.00 → INV/2026/04/000066
[2026/4/19 上午12:50:03]    - ID:3545 楊梅金山店 $55264.00 → INV/2026/04/000058
[2026/4/19 上午12:50:03]    - ID:3544 台南安南店 $54992.00 → INV/2026/04/000050
[2026/4/19 上午12:50:03]    - ID:3543 桃園小檜溪店 $22331.00 → INV/2026/04/000061
[2026/4/19 上午12:50:03]    - ID:3542 桃園南崁店 $11915.00 → INV/2026/04/000060
[2026/4/19 上午12:50:03]    - ID:3541 蘆洲集賢店 $33274.00 → INV/2026/04/000057
[2026/4/19 上午12:50:03]    - ID:3540 桃園中路縣府店 $23981.00 → INV/2026/04/000059
[2026/4/19 上午12:50:03]    - ID:3539 內湖東湖店 $50141.00 → INV/2026/04/000048
[2026/4/19 上午12:50:03] 🔧 自動修正了 0 筆儲值金記錄
[2026/4/19 上午12:50:05] 📱 Telegram 警報發送失敗
[2026/4/19 上午12:50:05] 🔍 GiveMe API 監控完成
[2026/4/19 上午1:20:13] 🔍 GiveMe API 監控開始
[2026/4/19 上午1:20:13] 🛡️ 防護機制狀態正常：腳本層 ✅ API層 ✅
[2026/4/19 上午1:20:13] ❌ 警告：發現 12 筆儲值金被誤開發票！
[2026/4/19 上午1:20:13]    - ID:3550 新莊中平店 $90397.00 → INV/2026/04/000064
[2026/4/19 上午1:20:13]    - ID:3549 三峽大同店 $108044.00 → INV/2026/04/000063
[2026/4/19 上午1:20:13]    - ID:3548 鶯歌鳳鳴店 $54518.00 → INV/2026/04/000062
[2026/4/19 上午1:20:13]    - ID:3547 桃園八德店 $25554.00 → INV/2026/04/000067
[2026/4/19 上午1:20:13]    - ID:3546 土城中央店 $74416.00 → INV/2026/04/000066
[2026/4/19 上午1:20:13]    - ID:3545 楊梅金山店 $55264.00 → INV/2026/04/000058
[2026/4/19 上午1:20:13]    - ID:3544 台南安南店 $54992.00 → INV/2026/04/000050
[2026/4/19 上午1:20:13]    - ID:3543 桃園小檜溪店 $22331.00 → INV/2026/04/000061
[2026/4/19 上午1:20:13]    - ID:3542 桃園南崁店 $11915.00 → INV/2026/04/000060
[2026/4/19 上午1:20:13]    - ID:3541 蘆洲集賢店 $33274.00 → INV/2026/04/000057
[2026/4/19 上午1:20:13]    - ID:3540 桃園中路縣府店 $23981.00 → INV/2026/04/000059
[2026/4/19 上午1:20:13]    - ID:3539 內湖東湖店 $50141.00 → INV/2026/04/000048
[2026/4/19 上午1:20:13] 🔧 自動修正了 0 筆儲值金記錄
[2026/4/19 上午1:20:15] 📱 Telegram 警報發送失敗
[2026/4/19 上午1:20:15] 🔍 GiveMe API 監控完成
[2026/4/19 上午1:50:23] 🔍 GiveMe API 監控開始
[2026/4/19 上午1:50:23] 🛡️ 防護機制狀態正常：腳本層 ✅ API層 ✅
[2026/4/19 上午1:50:23] ❌ 警告：發現 12 筆儲值金被誤開發票！
[2026/4/19 上午1:50:23]    - ID:3550 新莊中平店 $90397.00 → INV/2026/04/000064
[2026/4/19 上午1:50:23]    - ID:3549 三峽大同店 $108044.00 → INV/2026/04/000063
[2026/4/19 上午1:50:23]    - ID:3548 鶯歌鳳鳴店 $54518.00 → INV/2026/04/000062
[2026/4/19 上午1:50:23]    - ID:3547 桃園八德店 $25554.00 → INV/2026/04/000067
[2026/4/19 上午1:50:23]    - ID:3546 土城中央店 $74416.00 → INV/2026/04/000066
[2026/4/19 上午1:50:23]    - ID:3545 楊梅金山店 $55264.00 → INV/2026/04/000058
[2026/4/19 上午1:50:23]    - ID:3544 台南安南店 $54992.00 → INV/2026/04/000050
[2026/4/19 上午1:50:23]    - ID:3543 桃園小檜溪店 $22331.00 → INV/2026/04/000061
[2026/4/19 上午1:50:23]    - ID:3542 桃園南崁店 $11915.00 → INV/2026/04/000060
[2026/4/19 上午1:50:23]    - ID:3541 蘆洲集賢店 $33274.00 → INV/2026/04/000057
[2026/4/19 上午1:50:23]    - ID:3540 桃園中路縣府店 $23981.00 → INV/2026/04/000059
[2026/4/19 上午1:50:23]    - ID:3539 內湖東湖店 $50141.00 → INV/2026/04/000048
[2026/4/19 上午1:50:23] 🔧 自動修正了 0 筆儲值金記錄
[2026/4/19 上午1:50:26] 📱 Telegram 警報發送失敗
[2026/4/19 上午1:50:26] 🔍 GiveMe API 監控完成
[2026/4/19 上午2:20:33] 🔍 GiveMe API 監控開始
[2026/4/19 上午2:20:33] 🛡️ 防護機制狀態正常：腳本層 ✅ API層 ✅
[2026/4/19 上午2:20:33] ❌ 警告：發現 12 筆儲值金被誤開發票！
[2026/4/19 上午2:20:33]    - ID:3550 新莊中平店 $90397.00 → INV/2026/04/000064
[2026/4/19 上午2:20:33]    - ID:3549 三峽大同店 $108044.00 → INV/2026/04/000063
[2026/4/19 上午2:20:33]    - ID:3548 鶯歌鳳鳴店 $54518.00 → INV/2026/04/000062
[2026/4/19 上午2:20:33]    - ID:3547 桃園八德店 $25554.00 → INV/2026/04/000067
[2026/4/19 上午2:20:33]    - ID:3546 土城中央店 $74416.00 → INV/2026/04/000066
[2026/4/19 上午2:20:33]    - ID:3545 楊梅金山店 $55264.00 → INV/2026/04/000058
[2026/4/19 上午2:20:33]    - ID:3544 台南安南店 $54992.00 → INV/2026/04/000050
[2026/4/19 上午2:20:33]    - ID:3543 桃園小檜溪店 $22331.00 → INV/2026/04/000061
[2026/4/19 上午2:20:33]    - ID:3542 桃園南崁店 $11915.00 → INV/2026/04/000060
[2026/4/19 上午2:20:33]    - ID:3541 蘆洲集賢店 $33274.00 → INV/2026/04/000057
[2026/4/19 上午2:20:33]    - ID:3540 桃園中路縣府店 $23981.00 → INV/2026/04/000059
[2026/4/19 上午2:20:33]    - ID:3539 內湖東湖店 $50141.00 → INV/2026/04/000048
[2026/4/19 上午2:20:33] 🔧 自動修正了 0 筆儲值金記錄
[2026/4/19 上午2:20:36] 📱 Telegram 警報發送失敗
[2026/4/19 上午2:20:36] 🔍 GiveMe API 監控完成
[2026/4/19 上午2:50:43] 🔍 GiveMe API 監控開始
[2026/4/19 上午2:50:43] 🛡️ 防護機制狀態正常：腳本層 ✅ API層 ✅
[2026/4/19 上午2:50:43] ❌ 警告：發現 12 筆儲值金被誤開發票！
[2026/4/19 上午2:50:43]    - ID:3550 新莊中平店 $90397.00 → INV/2026/04/000064
[2026/4/19 上午2:50:43]    - ID:3549 三峽大同店 $108044.00 → INV/2026/04/000063
[2026/4/19 上午2:50:43]    - ID:3548 鶯歌鳳鳴店 $54518.00 → INV/2026/04/000062
[2026/4/19 上午2:50:43]    - ID:3547 桃園八德店 $25554.00 → INV/2026/04/000067
[2026/4/19 上午2:50:43]    - ID:3546 土城中央店 $74416.00 → INV/2026/04/000066
[2026/4/19 上午2:50:43]    - ID:3545 楊梅金山店 $55264.00 → INV/2026/04/000058
[2026/4/19 上午2:50:43]    - ID:3544 台南安南店 $54992.00 → INV/2026/04/000050
[2026/4/19 上午2:50:43]    - ID:3543 桃園小檜溪店 $22331.00 → INV/2026/04/000061
[2026/4/19 上午2:50:43]    - ID:3542 桃園南崁店 $11915.00 → INV/2026/04/000060
[2026/4/19 上午2:50:43]    - ID:3541 蘆洲集賢店 $33274.00 → INV/2026/04/000057
[2026/4/19 上午2:50:43]    - ID:3540 桃園中路縣府店 $23981.00 → INV/2026/04/000059
[2026/4/19 上午2:50:43]    - ID:3539 內湖東湖店 $50141.00 → INV/2026/04/000048
[2026/4/19 上午2:50:43] 🔧 自動修正了 0 筆儲值金記錄
[2026/4/19 上午2:50:46] 📱 Telegram 警報發送失敗
[2026/4/19 上午2:50:46] 🔍 GiveMe API 監控完成
[2026/4/19 上午3:20:54] 🔍 GiveMe API 監控開始
[2026/4/19 上午3:20:54] 🛡️ 防護機制狀態正常：腳本層 ✅ API層 ✅
[2026/4/19 上午3:20:54] ❌ 警告：發現 12 筆儲值金被誤開發票！
[2026/4/19 上午3:20:54]    - ID:3550 新莊中平店 $90397.00 → INV/2026/04/000064
[2026/4/19 上午3:20:54]    - ID:3549 三峽大同店 $108044.00 → INV/2026/04/000063
[2026/4/19 上午3:20:54]    - ID:3548 鶯歌鳳鳴店 $54518.00 → INV/2026/04/000062
[2026/4/19 上午3:20:54]    - ID:3547 桃園八德店 $25554.00 → INV/2026/04/000067
[2026/4/19 上午3:20:54]    - ID:3546 土城中央店 $74416.00 → INV/2026/04/000066
[2026/4/19 上午3:20:54]    - ID:3545 楊梅金山店 $55264.00 → INV/2026/04/000058
[2026/4/19 上午3:20:54]    - ID:3544 台南安南店 $54992.00 → INV/2026/04/000050
[2026/4/19 上午3:20:54]    - ID:3543 桃園小檜溪店 $22331.00 → INV/2026/04/000061
[2026/4/19 上午3:20:54]    - ID:3542 桃園南崁店 $11915.00 → INV/2026/04/000060
[2026/4/19 上午3:20:54]    - ID:3541 蘆洲集賢店 $33274.00 → INV/2026/04/000057
[2026/4/19 上午3:20:54]    - ID:3540 桃園中路縣府店 $23981.00 → INV/2026/04/000059
[2026/4/19 上午3:20:54]    - ID:3539 內湖東湖店 $50141.00 → INV/2026/04/000048
[2026/4/19 上午3:20:54] 🔧 自動修正了 0 筆儲值金記錄
[2026/4/19 上午3:20:56] 📱 Telegram 警報發送失敗
[2026/4/19 上午3:20:56] 🔍 GiveMe API 監控完成
[2026/4/19 上午3:51:04] 🔍 GiveMe API 監控開始
[2026/4/19 上午3:51:04] 🛡️ 防護機制狀態正常：腳本層 ✅ API層 ✅
[2026/4/19 上午3:51:04] ❌ 警告：發現 12 筆儲值金被誤開發票！
[2026/4/19 上午3:51:04]    - ID:3550 新莊中平店 $90397.00 → INV/2026/04/000064
[2026/4/19 上午3:51:04]    - ID:3549 三峽大同店 $108044.00 → INV/2026/04/000063
[2026/4/19 上午3:51:04]    - ID:3548 鶯歌鳳鳴店 $54518.00 → INV/2026/04/000062
[2026/4/19 上午3:51:04]    - ID:3547 桃園八德店 $25554.00 → INV/2026/04/000067
[2026/4/19 上午3:51:04]    - ID:3546 土城中央店 $74416.00 → INV/2026/04/000066
[2026/4/19 上午3:51:04]    - ID:3545 楊梅金山店 $55264.00 → INV/2026/04/000058
[2026/4/19 上午3:51:04]    - ID:3544 台南安南店 $54992.00 → INV/2026/04/000050
[2026/4/19 上午3:51:04]    - ID:3543 桃園小檜溪店 $22331.00 → INV/2026/04/000061
[2026/4/19 上午3:51:04]    - ID:3542 桃園南崁店 $11915.00 → INV/2026/04/000060
[2026/4/19 上午3:51:04]    - ID:3541 蘆洲集賢店 $33274.00 → INV/2026/04/000057
[2026/4/19 上午3:51:04]    - ID:3540 桃園中路縣府店 $23981.00 → INV/2026/04/000059
[2026/4/19 上午3:51:04]    - ID:3539 內湖東湖店 $50141.00 → INV/2026/04/000048
[2026/4/19 上午3:51:04] 🔧 自動修正了 0 筆儲值金記錄
[2026/4/19 上午3:51:07] 📱 Telegram 警報發送失敗
[2026/4/19 上午3:51:07] 🔍 GiveMe API 監控完成
[2026/4/19 上午4:21:14] 🔍 GiveMe API 監控開始
[2026/4/19 上午4:21:14] 🛡️ 防護機制狀態正常：腳本層 ✅ API層 ✅
[2026/4/19 上午4:21:14] ❌ 警告：發現 12 筆儲值金被誤開發票！
[2026/4/19 上午4:21:14]    - ID:3550 新莊中平店 $90397.00 → INV/2026/04/000064
[2026/4/19 上午4:21:14]    - ID:3549 三峽大同店 $108044.00 → INV/2026/04/000063
[2026/4/19 上午4:21:14]    - ID:3548 鶯歌鳳鳴店 $54518.00 → INV/2026/04/000062
[2026/4/19 上午4:21:14]    - ID:3547 桃園八德店 $25554.00 → INV/2026/04/000067
[2026/4/19 上午4:21:14]    - ID:3546 土城中央店 $74416.00 → INV/2026/04/000066
[2026/4/19 上午4:21:14]    - ID:3545 楊梅金山店 $55264.00 → INV/2026/04/000058
[2026/4/19 上午4:21:14]    - ID:3544 台南安南店 $54992.00 → INV/2026/04/000050
[2026/4/19 上午4:21:14]    - ID:3543 桃園小檜溪店 $22331.00 → INV/2026/04/000061
[2026/4/19 上午4:21:14]    - ID:3542 桃園南崁店 $11915.00 → INV/2026/04/000060
[2026/4/19 上午4:21:14]    - ID:3541 蘆洲集賢店 $33274.00 → INV/2026/04/000057
[2026/4/19 上午4:21:14]    - ID:3540 桃園中路縣府店 $23981.00 → INV/2026/04/000059
[2026/4/19 上午4:21:14]    - ID:3539 內湖東湖店 $50141.00 → INV/2026/04/000048
[2026/4/19 上午4:21:14] 🔧 自動修正了 0 筆儲值金記錄
[2026/4/19 上午4:21:16] 📱 Telegram 警報發送失敗
[2026/4/19 上午4:21:16] 🔍 GiveMe API 監控完成
[2026/4/19 上午4:51:24] 🔍 GiveMe API 監控開始
[2026/4/19 上午4:51:24] 🛡️ 防護機制狀態正常：腳本層 ✅ API層 ✅
[2026/4/19 上午4:51:24] ❌ 警告：發現 12 筆儲值金被誤開發票！
[2026/4/19 上午4:51:24]    - ID:3550 新莊中平店 $90397.00 → INV/2026/04/000064
[2026/4/19 上午4:51:24]    - ID:3549 三峽大同店 $108044.00 → INV/2026/04/000063
[2026/4/19 上午4:51:24]    - ID:3548 鶯歌鳳鳴店 $54518.00 → INV/2026/04/000062
[2026/4/19 上午4:51:24]    - ID:3547 桃園八德店 $25554.00 → INV/2026/04/000067
[2026/4/19 上午4:51:24]    - ID:3546 土城中央店 $74416.00 → INV/2026/04/000066
[2026/4/19 上午4:51:24]    - ID:3545 楊梅金山店 $55264.00 → INV/2026/04/000058
[2026/4/19 上午4:51:24]    - ID:3544 台南安南店 $54992.00 → INV/2026/04/000050
[2026/4/19 上午4:51:24]    - ID:3543 桃園小檜溪店 $22331.00 → INV/2026/04/000061
[2026/4/19 上午4:51:24]    - ID:3542 桃園南崁店 $11915.00 → INV/2026/04/000060
[2026/4/19 上午4:51:24]    - ID:3541 蘆洲集賢店 $33274.00 → INV/2026/04/000057
[2026/4/19 上午4:51:24]    - ID:3540 桃園中路縣府店 $23981.00 → INV/2026/04/000059
[2026/4/19 上午4:51:24]    - ID:3539 內湖東湖店 $50141.00 → INV/2026/04/000048
[2026/4/19 上午4:51:24] 🔧 自動修正了 0 筆儲值金記錄
[2026/4/19 上午4:51:27] 📱 Telegram 警報發送失敗
[2026/4/19 上午4:51:27] 🔍 GiveMe API 監控完成
[2026/4/19 上午5:21:34] 🔍 GiveMe API 監控開始
[2026/4/19 上午5:21:34] 🛡️ 防護機制狀態正常：腳本層 ✅ API層 ✅
[2026/4/19 上午5:21:34] ❌ 警告：發現 12 筆儲值金被誤開發票！
[2026/4/19 上午5:21:34]    - ID:3550 新莊中平店 $90397.00 → INV/2026/04/000064
[2026/4/19 上午5:21:34]    - ID:3549 三峽大同店 $108044.00 → INV/2026/04/000063
[2026/4/19 上午5:21:34]    - ID:3548 鶯歌鳳鳴店 $54518.00 → INV/2026/04/000062
[2026/4/19 上午5:21:34]    - ID:3547 桃園八德店 $25554.00 → INV/2026/04/000067
[2026/4/19 上午5:21:34]    - ID:3546 土城中央店 $74416.00 → INV/2026/04/000066
[2026/4/19 上午5:21:34]    - ID:3545 楊梅金山店 $55264.00 → INV/2026/04/000058
[2026/4/19 上午5:21:34]    - ID:3544 台南安南店 $54992.00 → INV/2026/04/000050
[2026/4/19 上午5:21:34]    - ID:3543 桃園小檜溪店 $22331.00 → INV/2026/04/000061
[2026/4/19 上午5:21:34]    - ID:3542 桃園南崁店 $11915.00 → INV/2026/04/000060
[2026/4/19 上午5:21:34]    - ID:3541 蘆洲集賢店 $33274.00 → INV/2026/04/000057
[2026/4/19 上午5:21:34]    - ID:3540 桃園中路縣府店 $23981.00 → INV/2026/04/000059
[2026/4/19 上午5:21:34]    - ID:3539 內湖東湖店 $50141.00 → INV/2026/04/000048
[2026/4/19 上午5:21:34] 🔧 自動修正了 0 筆儲值金記錄
[2026/4/19 上午5:21:37] 📱 Telegram 警報發送失敗
[2026/4/19 上午5:21:37] 🔍 GiveMe API 監控完成
[2026/4/19 上午5:51:44] 🔍 GiveMe API 監控開始
[2026/4/19 上午5:51:44] 🛡️ 防護機制狀態正常：腳本層 ✅ API層 ✅
[2026/4/19 上午5:51:44] ❌ 警告：發現 12 筆儲值金被誤開發票！
[2026/4/19 上午5:51:44]    - ID:3550 新莊中平店 $90397.00 → INV/2026/04/000064
[2026/4/19 上午5:51:44]    - ID:3549 三峽大同店 $108044.00 → INV/2026/04/000063
[2026/4/19 上午5:51:44]    - ID:3548 鶯歌鳳鳴店 $54518.00 → INV/2026/04/000062
[2026/4/19 上午5:51:44]    - ID:3547 桃園八德店 $25554.00 → INV/2026/04/000067
[2026/4/19 上午5:51:44]    - ID:3546 土城中央店 $74416.00 → INV/2026/04/000066
[2026/4/19 上午5:51:44]    - ID:3545 楊梅金山店 $55264.00 → INV/2026/04/000058
[2026/4/19 上午5:51:44]    - ID:3544 台南安南店 $54992.00 → INV/2026/04/000050
[2026/4/19 上午5:51:44]    - ID:3543 桃園小檜溪店 $22331.00 → INV/2026/04/000061
[2026/4/19 上午5:51:44]    - ID:3542 桃園南崁店 $11915.00 → INV/2026/04/000060
[2026/4/19 上午5:51:44]    - ID:3541 蘆洲集賢店 $33274.00 → INV/2026/04/000057
[2026/4/19 上午5:51:44]    - ID:3540 桃園中路縣府店 $23981.00 → INV/2026/04/000059
[2026/4/19 上午5:51:44]    - ID:3539 內湖東湖店 $50141.00 → INV/2026/04/000048
[2026/4/19 上午5:51:44] 🔧 自動修正了 0 筆儲值金記錄
[2026/4/19 上午5:51:47] 📱 Telegram 警報發送失敗
[2026/4/19 上午5:51:47] 🔍 GiveMe API 監控完成
[2026/4/19 上午6:21:55] 🔍 GiveMe API 監控開始
[2026/4/19 上午6:21:55] 🛡️ 防護機制狀態正常：腳本層 ✅ API層 ✅
[2026/4/19 上午6:21:55] ❌ 警告：發現 12 筆儲值金被誤開發票！
[2026/4/19 上午6:21:55]    - ID:3550 新莊中平店 $90397.00 → INV/2026/04/000064
[2026/4/19 上午6:21:55]    - ID:3549 三峽大同店 $108044.00 → INV/2026/04/000063
[2026/4/19 上午6:21:55]    - ID:3548 鶯歌鳳鳴店 $54518.00 → INV/2026/04/000062
[2026/4/19 上午6:21:55]    - ID:3547 桃園八德店 $25554.00 → INV/2026/04/000067
[2026/4/19 上午6:21:55]    - ID:3546 土城中央店 $74416.00 → INV/2026/04/000066
[2026/4/19 上午6:21:55]    - ID:3545 楊梅金山店 $55264.00 → INV/2026/04/000058
[2026/4/19 上午6:21:55]    - ID:3544 台南安南店 $54992.00 → INV/2026/04/000050
[2026/4/19 上午6:21:55]    - ID:3543 桃園小檜溪店 $22331.00 → INV/2026/04/000061
[2026/4/19 上午6:21:55]    - ID:3542 桃園南崁店 $11915.00 → INV/2026/04/000060
[2026/4/19 上午6:21:55]    - ID:3541 蘆洲集賢店 $33274.00 → INV/2026/04/000057
[2026/4/19 上午6:21:55]    - ID:3540 桃園中路縣府店 $23981.00 → INV/2026/04/000059
[2026/4/19 上午6:21:55]    - ID:3539 內湖東湖店 $50141.00 → INV/2026/04/000048
[2026/4/19 上午6:21:55] 🔧 自動修正了 0 筆儲值金記錄
[2026/4/19 上午6:21:58] 📱 Telegram 警報發送失敗
[2026/4/19 上午6:21:58] 🔍 GiveMe API 監控完成
[2026/4/19 上午6:52:05] 🔍 GiveMe API 監控開始
[2026/4/19 上午6:52:05] 🛡️ 防護機制狀態正常：腳本層 ✅ API層 ✅
[2026/4/19 上午6:52:05] ❌ 警告：發現 12 筆儲值金被誤開發票！
[2026/4/19 上午6:52:05]    - ID:3550 新莊中平店 $90397.00 → INV/2026/04/000064
[2026/4/19 上午6:52:05]    - ID:3549 三峽大同店 $108044.00 → INV/2026/04/000063
[2026/4/19 上午6:52:05]    - ID:3548 鶯歌鳳鳴店 $54518.00 → INV/2026/04/000062
[2026/4/19 上午6:52:05]    - ID:3547 桃園八德店 $25554.00 → INV/2026/04/000067
[2026/4/19 上午6:52:05]    - ID:3546 土城中央店 $74416.00 → INV/2026/04/000066
[2026/4/19 上午6:52:05]    - ID:3545 楊梅金山店 $55264.00 → INV/2026/04/000058
[2026/4/19 上午6:52:05]    - ID:3544 台南安南店 $54992.00 → INV/2026/04/000050
[2026/4/19 上午6:52:05]    - ID:3543 桃園小檜溪店 $22331.00 → INV/2026/04/000061
[2026/4/19 上午6:52:05]    - ID:3542 桃園南崁店 $11915.00 → INV/2026/04/000060
[2026/4/19 上午6:52:05]    - ID:3541 蘆洲集賢店 $33274.00 → INV/2026/04/000057
[2026/4/19 上午6:52:05]    - ID:3540 桃園中路縣府店 $23981.00 → INV/2026/04/000059
[2026/4/19 上午6:52:05]    - ID:3539 內湖東湖店 $50141.00 → INV/2026/04/000048
[2026/4/19 上午6:52:05] 🔧 自動修正了 0 筆儲值金記錄
[2026/4/19 上午6:52:08] 📱 Telegram 警報發送失敗
[2026/4/19 上午6:52:08] 🔍 GiveMe API 監控完成
[2026/4/19 上午7:22:15] 🔍 GiveMe API 監控開始
[2026/4/19 上午7:22:15] 🛡️ 防護機制狀態正常：腳本層 ✅ API層 ✅
[2026/4/19 上午7:22:15] ❌ 警告：發現 12 筆儲值金被誤開發票！
[2026/4/19 上午7:22:15]    - ID:3550 新莊中平店 $90397.00 → INV/2026/04/000064
[2026/4/19 上午7:22:15]    - ID:3549 三峽大同店 $108044.00 → INV/2026/04/000063
[2026/4/19 上午7:22:15]    - ID:3548 鶯歌鳳鳴店 $54518.00 → INV/2026/04/000062
[2026/4/19 上午7:22:15]    - ID:3547 桃園八德店 $25554.00 → INV/2026/04/000067
[2026/4/19 上午7:22:15]    - ID:3546 土城中央店 $74416.00 → INV/2026/04/000066
[2026/4/19 上午7:22:15]    - ID:3545 楊梅金山店 $55264.00 → INV/2026/04/000058
[2026/4/19 上午7:22:15]    - ID:3544 台南安南店 $54992.00 → INV/2026/04/000050
[2026/4/19 上午7:22:15]    - ID:3543 桃園小檜溪店 $22331.00 → INV/2026/04/000061
[2026/4/19 上午7:22:15]    - ID:3542 桃園南崁店 $11915.00 → INV/2026/04/000060
[2026/4/19 上午7:22:15]    - ID:3541 蘆洲集賢店 $33274.00 → INV/2026/04/000057
[2026/4/19 上午7:22:15]    - ID:3540 桃園中路縣府店 $23981.00 → INV/2026/04/000059
[2026/4/19 上午7:22:15]    - ID:3539 內湖東湖店 $50141.00 → INV/2026/04/000048
[2026/4/19 上午7:22:15] 🔧 自動修正了 0 筆儲值金記錄
[2026/4/19 上午7:22:18] 📱 Telegram 警報發送失敗
[2026/4/19 上午7:22:18] 🔍 GiveMe API 監控完成
[2026/4/19 上午7:52:25] 🔍 GiveMe API 監控開始
[2026/4/19 上午7:52:25] 🛡️ 防護機制狀態正常：腳本層 ✅ API層 ✅
[2026/4/19 上午7:52:25] ❌ 警告：發現 12 筆儲值金被誤開發票！
[2026/4/19 上午7:52:25]    - ID:3550 新莊中平店 $90397.00 → INV/2026/04/000064
[2026/4/19 上午7:52:25]    - ID:3549 三峽大同店 $108044.00 → INV/2026/04/000063
[2026/4/19 上午7:52:25]    - ID:3548 鶯歌鳳鳴店 $54518.00 → INV/2026/04/000062
[2026/4/19 上午7:52:25]    - ID:3547 桃園八德店 $25554.00 → INV/2026/04/000067
[2026/4/19 上午7:52:25]    - ID:3546 土城中央店 $74416.00 → INV/2026/04/000066
[2026/4/19 上午7:52:25]    - ID:3545 楊梅金山店 $55264.00 → INV/2026/04/000058
[2026/4/19 上午7:52:25]    - ID:3544 台南安南店 $54992.00 → INV/2026/04/000050
[2026/4/19 上午7:52:25]    - ID:3543 桃園小檜溪店 $22331.00 → INV/2026/04/000061
[2026/4/19 上午7:52:25]    - ID:3542 桃園南崁店 $11915.00 → INV/2026/04/000060
[2026/4/19 上午7:52:25]    - ID:3541 蘆洲集賢店 $33274.00 → INV/2026/04/000057
[2026/4/19 上午7:52:25]    - ID:3540 桃園中路縣府店 $23981.00 → INV/2026/04/000059
[2026/4/19 上午7:52:25]    - ID:3539 內湖東湖店 $50141.00 → INV/2026/04/000048
[2026/4/19 上午7:52:25] 🔧 自動修正了 0 筆儲值金記錄
[2026/4/19 上午7:52:28] 📱 Telegram 警報發送失敗
[2026/4/19 上午7:52:28] 🔍 GiveMe API 監控完成
[2026/4/19 上午8:22:35] 🔍 GiveMe API 監控開始
[2026/4/19 上午8:22:35] 🛡️ 防護機制狀態正常：腳本層 ✅ API層 ✅
[2026/4/19 上午8:22:35] ❌ 警告：發現 12 筆儲值金被誤開發票！
[2026/4/19 上午8:22:35]    - ID:3550 新莊中平店 $90397.00 → INV/2026/04/000064
[2026/4/19 上午8:22:35]    - ID:3549 三峽大同店 $108044.00 → INV/2026/04/000063
[2026/4/19 上午8:22:35]    - ID:3548 鶯歌鳳鳴店 $54518.00 → INV/2026/04/000062
[2026/4/19 上午8:22:35]    - ID:3547 桃園八德店 $25554.00 → INV/2026/04/000067
[2026/4/19 上午8:22:35]    - ID:3546 土城中央店 $74416.00 → INV/2026/04/000066
[2026/4/19 上午8:22:35]    - ID:3545 楊梅金山店 $55264.00 → INV/2026/04/000058
[2026/4/19 上午8:22:35]    - ID:3544 台南安南店 $54992.00 → INV/2026/04/000050
[2026/4/19 上午8:22:35]    - ID:3543 桃園小檜溪店 $22331.00 → INV/2026/04/000061
[2026/4/19 上午8:22:35]    - ID:3542 桃園南崁店 $11915.00 → INV/2026/04/000060
[2026/4/19 上午8:22:35]    - ID:3541 蘆洲集賢店 $33274.00 → INV/2026/04/000057
[2026/4/19 上午8:22:35]    - ID:3540 桃園中路縣府店 $23981.00 → INV/2026/04/000059
[2026/4/19 上午8:22:35]    - ID:3539 內湖東湖店 $50141.00 → INV/2026/04/000048
[2026/4/19 上午8:22:35] 🔧 自動修正了 0 筆儲值金記錄
[2026/4/19 上午8:22:38] 📱 Telegram 警報發送失敗
[2026/4/19 上午8:22:38] 🔍 GiveMe API 監控完成
[2026/4/19 上午8:52:46] 🔍 GiveMe API 監控開始
[2026/4/19 上午8:52:46] 🛡️ 防護機制狀態正常：腳本層 ✅ API層 ✅
[2026/4/19 上午8:52:46] ❌ 警告：發現 12 筆儲值金被誤開發票！
[2026/4/19 上午8:52:46]    - ID:3550 新莊中平店 $90397.00 → INV/2026/04/000064
[2026/4/19 上午8:52:46]    - ID:3549 三峽大同店 $108044.00 → INV/2026/04/000063
[2026/4/19 上午8:52:46]    - ID:3548 鶯歌鳳鳴店 $54518.00 → INV/2026/04/000062
[2026/4/19 上午8:52:46]    - ID:3547 桃園八德店 $25554.00 → INV/2026/04/000067
[2026/4/19 上午8:52:46]    - ID:3546 土城中央店 $74416.00 → INV/2026/04/000066
[2026/4/19 上午8:52:46]    - ID:3545 楊梅金山店 $55264.00 → INV/2026/04/000058
[2026/4/19 上午8:52:46]    - ID:3544 台南安南店 $54992.00 → INV/2026/04/000050
[2026/4/19 上午8:52:46]    - ID:3543 桃園小檜溪店 $22331.00 → INV/2026/04/000061
[2026/4/19 上午8:52:46]    - ID:3542 桃園南崁店 $11915.00 → INV/2026/04/000060
[2026/4/19 上午8:52:46]    - ID:3541 蘆洲集賢店 $33274.00 → INV/2026/04/000057
[2026/4/19 上午8:52:46]    - ID:3540 桃園中路縣府店 $23981.00 → INV/2026/04/000059
[2026/4/19 上午8:52:46]    - ID:3539 內湖東湖店 $50141.00 → INV/2026/04/000048
[2026/4/19 上午8:52:46] 🔧 自動修正了 0 筆儲值金記錄
[2026/4/19 上午8:52:50] 📱 Telegram 警報發送失敗
[2026/4/19 上午8:52:50] 🔍 GiveMe API 監控完成
[2026/4/19 上午9:22:56] 🔍 GiveMe API 監控開始
[2026/4/19 上午9:22:56] 🛡️ 防護機制狀態正常：腳本層 ✅ API層 ✅
[2026/4/19 上午9:22:56] ❌ 警告：發現 12 筆儲值金被誤開發票！
[2026/4/19 上午9:22:56]    - ID:3550 新莊中平店 $90397.00 → INV/2026/04/000064
[2026/4/19 上午9:22:56]    - ID:3549 三峽大同店 $108044.00 → INV/2026/04/000063
[2026/4/19 上午9:22:56]    - ID:3548 鶯歌鳳鳴店 $54518.00 → INV/2026/04/000062
[2026/4/19 上午9:22:56]    - ID:3547 桃園八德店 $25554.00 → INV/2026/04/000067
[2026/4/19 上午9:22:56]    - ID:3546 土城中央店 $74416.00 → INV/2026/04/000066
[2026/4/19 上午9:22:56]    - ID:3545 楊梅金山店 $55264.00 → INV/2026/04/000058
[2026/4/19 上午9:22:56]    - ID:3544 台南安南店 $54992.00 → INV/2026/04/000050
[2026/4/19 上午9:22:56]    - ID:3543 桃園小檜溪店 $22331.00 → INV/2026/04/000061
[2026/4/19 上午9:22:56]    - ID:3542 桃園南崁店 $11915.00 → INV/2026/04/000060
[2026/4/19 上午9:22:56]    - ID:3541 蘆洲集賢店 $33274.00 → INV/2026/04/000057
[2026/4/19 上午9:22:56]    - ID:3540 桃園中路縣府店 $23981.00 → INV/2026/04/000059
[2026/4/19 上午9:22:56]    - ID:3539 內湖東湖店 $50141.00 → INV/2026/04/000048
[2026/4/19 上午9:22:56] 🔧 自動修正了 0 筆儲值金記錄
[2026/4/19 上午9:22:58] 📱 Telegram 警報發送失敗
[2026/4/19 上午9:22:58] 🔍 GiveMe API 監控完成
[2026/4/19 上午9:53:06] 🔍 GiveMe API 監控開始
[2026/4/19 上午9:53:06] 🛡️ 防護機制狀態正常：腳本層 ✅ API層 ✅
[2026/4/19 上午9:53:06] ❌ 警告：發現 12 筆儲值金被誤開發票！
[2026/4/19 上午9:53:06]    - ID:3550 新莊中平店 $90397.00 → INV/2026/04/000064
[2026/4/19 上午9:53:06]    - ID:3549 三峽大同店 $108044.00 → INV/2026/04/000063
[2026/4/19 上午9:53:06]    - ID:3548 鶯歌鳳鳴店 $54518.00 → INV/2026/04/000062
[2026/4/19 上午9:53:06]    - ID:3547 桃園八德店 $25554.00 → INV/2026/04/000067
[2026/4/19 上午9:53:06]    - ID:3546 土城中央店 $74416.00 → INV/2026/04/000066
[2026/4/19 上午9:53:06]    - ID:3545 楊梅金山店 $55264.00 → INV/2026/04/000058
[2026/4/19 上午9:53:06]    - ID:3544 台南安南店 $54992.00 → INV/2026/04/000050
[2026/4/19 上午9:53:06]    - ID:3543 桃園小檜溪店 $22331.00 → INV/2026/04/000061
[2026/4/19 上午9:53:06]    - ID:3542 桃園南崁店 $11915.00 → INV/2026/04/000060
[2026/4/19 上午9:53:06]    - ID:3541 蘆洲集賢店 $33274.00 → INV/2026/04/000057
[2026/4/19 上午9:53:06]    - ID:3540 桃園中路縣府店 $23981.00 → INV/2026/04/000059
[2026/4/19 上午9:53:06]    - ID:3539 內湖東湖店 $50141.00 → INV/2026/04/000048
[2026/4/19 上午9:53:06] 🔧 自動修正了 0 筆儲值金記錄
[2026/4/19 上午9:53:09] 📱 Telegram 警報發送失敗
[2026/4/19 上午9:53:09] 🔍 GiveMe API 監控完成
[2026/4/19 上午10:23:16] 🔍 GiveMe API 監控開始
[2026/4/19 上午10:23:16] 🛡️ 防護機制狀態正常：腳本層 ✅ API層 ✅
[2026/4/19 上午10:23:16] ❌ 警告：發現 12 筆儲值金被誤開發票！
[2026/4/19 上午10:23:16]    - ID:3550 新莊中平店 $90397.00 → INV/2026/04/000064
[2026/4/19 上午10:23:16]    - ID:3549 三峽大同店 $108044.00 → INV/2026/04/000063
[2026/4/19 上午10:23:16]    - ID:3548 鶯歌鳳鳴店 $54518.00 → INV/2026/04/000062
[2026/4/19 上午10:23:16]    - ID:3547 桃園八德店 $25554.00 → INV/2026/04/000067
[2026/4/19 上午10:23:16]    - ID:3546 土城中央店 $74416.00 → INV/2026/04/000066
[2026/4/19 上午10:23:16]    - ID:3545 楊梅金山店 $55264.00 → INV/2026/04/000058
[2026/4/19 上午10:23:16]    - ID:3544 台南安南店 $54992.00 → INV/2026/04/000050
[2026/4/19 上午10:23:16]    - ID:3543 桃園小檜溪店 $22331.00 → INV/2026/04/000061
[2026/4/19 上午10:23:16]    - ID:3542 桃園南崁店 $11915.00 → INV/2026/04/000060
[2026/4/19 上午10:23:16]    - ID:3541 蘆洲集賢店 $33274.00 → INV/2026/04/000057
[2026/4/19 上午10:23:16]    - ID:3540 桃園中路縣府店 $23981.00 → INV/2026/04/000059
[2026/4/19 上午10:23:16]    - ID:3539 內湖東湖店 $50141.00 → INV/2026/04/000048
[2026/4/19 上午10:23:16] 🔧 自動修正了 0 筆儲值金記錄
[2026/4/19 上午10:23:19] 📱 Telegram 警報發送失敗
[2026/4/19 上午10:23:19] 🔍 GiveMe API 監控完成
[2026/4/19 上午10:53:26] 🔍 GiveMe API 監控開始
[2026/4/19 上午10:53:26] 🛡️ 防護機制狀態正常：腳本層 ✅ API層 ✅
[2026/4/19 上午10:53:26] ❌ 警告：發現 12 筆儲值金被誤開發票！
[2026/4/19 上午10:53:26]    - ID:3550 新莊中平店 $90397.00 → INV/2026/04/000064
[2026/4/19 上午10:53:26]    - ID:3549 三峽大同店 $108044.00 → INV/2026/04/000063
[2026/4/19 上午10:53:26]    - ID:3548 鶯歌鳳鳴店 $54518.00 → INV/2026/04/000062
[2026/4/19 上午10:53:26]    - ID:3547 桃園八德店 $25554.00 → INV/2026/04/000067
[2026/4/19 上午10:53:26]    - ID:3546 土城中央店 $74416.00 → INV/2026/04/000066
[2026/4/19 上午10:53:26]    - ID:3545 楊梅金山店 $55264.00 → INV/2026/04/000058
[2026/4/19 上午10:53:26]    - ID:3544 台南安南店 $54992.00 → INV/2026/04/000050
[2026/4/19 上午10:53:26]    - ID:3543 桃園小檜溪店 $22331.00 → INV/2026/04/000061
[2026/4/19 上午10:53:26]    - ID:3542 桃園南崁店 $11915.00 → INV/2026/04/000060
[2026/4/19 上午10:53:26]    - ID:3541 蘆洲集賢店 $33274.00 → INV/2026/04/000057
[2026/4/19 上午10:53:26]    - ID:3540 桃園中路縣府店 $23981.00 → INV/2026/04/000059
[2026/4/19 上午10:53:26]    - ID:3539 內湖東湖店 $50141.00 → INV/2026/04/000048
[2026/4/19 上午10:53:26] 🔧 自動修正了 0 筆儲值金記錄
[2026/4/19 上午10:53:32] 📱 Telegram 警報發送失敗
[2026/4/19 上午10:53:32] 🔍 GiveMe API 監控完成
[2026/4/19 上午11:23:36] 🔍 GiveMe API 監控開始
[2026/4/19 上午11:23:36] 🛡️ 防護機制狀態正常：腳本層 ✅ API層 ✅
[2026/4/19 上午11:23:36] ❌ 警告：發現 12 筆儲值金被誤開發票！
[2026/4/19 上午11:23:36]    - ID:3550 新莊中平店 $90397.00 → INV/2026/04/000064
[2026/4/19 上午11:23:36]    - ID:3549 三峽大同店 $108044.00 → INV/2026/04/000063
[2026/4/19 上午11:23:36]    - ID:3548 鶯歌鳳鳴店 $54518.00 → INV/2026/04/000062
[2026/4/19 上午11:23:36]    - ID:3547 桃園八德店 $25554.00 → INV/2026/04/000067
[2026/4/19 上午11:23:36]    - ID:3546 土城中央店 $74416.00 → INV/2026/04/000066
[2026/4/19 上午11:23:36]    - ID:3545 楊梅金山店 $55264.00 → INV/2026/04/000058
[2026/4/19 上午11:23:36]    - ID:3544 台南安南店 $54992.00 → INV/2026/04/000050
[2026/4/19 上午11:23:36]    - ID:3543 桃園小檜溪店 $22331.00 → INV/2026/04/000061
[2026/4/19 上午11:23:36]    - ID:3542 桃園南崁店 $11915.00 → INV/2026/04/000060
[2026/4/19 上午11:23:36]    - ID:3541 蘆洲集賢店 $33274.00 → INV/2026/04/000057
[2026/4/19 上午11:23:36]    - ID:3540 桃園中路縣府店 $23981.00 → INV/2026/04/000059
[2026/4/19 上午11:23:36]    - ID:3539 內湖東湖店 $50141.00 → INV/2026/04/000048
[2026/4/19 上午11:23:36] 🔧 自動修正了 0 筆儲值金記錄
[2026/4/19 上午11:23:44] 📱 Telegram 警報發送失敗
[2026/4/19 上午11:23:44] 🔍 GiveMe API 監控完成
[2026/4/19 上午11:53:47] 🔍 GiveMe API 監控開始
[2026/4/19 上午11:53:47] 🛡️ 防護機制狀態正常：腳本層 ✅ API層 ✅
[2026/4/19 上午11:53:47] ❌ 警告：發現 12 筆儲值金被誤開發票！
[2026/4/19 上午11:53:47]    - ID:3550 新莊中平店 $90397.00 → INV/2026/04/000064
[2026/4/19 上午11:53:47]    - ID:3549 三峽大同店 $108044.00 → INV/2026/04/000063
[2026/4/19 上午11:53:47]    - ID:3548 鶯歌鳳鳴店 $54518.00 → INV/2026/04/000062
[2026/4/19 上午11:53:47]    - ID:3547 桃園八德店 $25554.00 → INV/2026/04/000067
[2026/4/19 上午11:53:47]    - ID:3546 土城中央店 $74416.00 → INV/2026/04/000066
[2026/4/19 上午11:53:47]    - ID:3545 楊梅金山店 $55264.00 → INV/2026/04/000058
[2026/4/19 上午11:53:47]    - ID:3544 台南安南店 $54992.00 → INV/2026/04/000050
[2026/4/19 上午11:53:47]    - ID:3543 桃園小檜溪店 $22331.00 → INV/2026/04/000061
[2026/4/19 上午11:53:47]    - ID:3542 桃園南崁店 $11915.00 → INV/2026/04/000060
[2026/4/19 上午11:53:47]    - ID:3541 蘆洲集賢店 $33274.00 → INV/2026/04/000057
[2026/4/19 上午11:53:47]    - ID:3540 桃園中路縣府店 $23981.00 → INV/2026/04/000059
[2026/4/19 上午11:53:47]    - ID:3539 內湖東湖店 $50141.00 → INV/2026/04/000048
[2026/4/19 上午11:53:47] 🔧 自動修正了 0 筆儲值金記錄
[2026/4/19 上午11:53:50] 📱 Telegram 警報發送失敗
[2026/4/19 上午11:53:50] 🔍 GiveMe API 監控完成
[2026/4/19 下午12:23:57] 🔍 GiveMe API 監控開始
[2026/4/19 下午12:23:57] 🛡️ 防護機制狀態正常：腳本層 ✅ API層 ✅
[2026/4/19 下午12:23:57] ❌ 警告：發現 12 筆儲值金被誤開發票！
[2026/4/19 下午12:23:57]    - ID:3550 新莊中平店 $90397.00 → INV/2026/04/000064
[2026/4/19 下午12:23:57]    - ID:3549 三峽大同店 $108044.00 → INV/2026/04/000063
[2026/4/19 下午12:23:57]    - ID:3548 鶯歌鳳鳴店 $54518.00 → INV/2026/04/000062
[2026/4/19 下午12:23:57]    - ID:3547 桃園八德店 $25554.00 → INV/2026/04/000067
[2026/4/19 下午12:23:57]    - ID:3546 土城中央店 $74416.00 → INV/2026/04/000066
[2026/4/19 下午12:23:57]    - ID:3545 楊梅金山店 $55264.00 → INV/2026/04/000058
[2026/4/19 下午12:23:57]    - ID:3544 台南安南店 $54992.00 → INV/2026/04/000050
[2026/4/19 下午12:23:57]    - ID:3543 桃園小檜溪店 $22331.00 → INV/2026/04/000061
[2026/4/19 下午12:23:57]    - ID:3542 桃園南崁店 $11915.00 → INV/2026/04/000060
[2026/4/19 下午12:23:57]    - ID:3541 蘆洲集賢店 $33274.00 → INV/2026/04/000057
[2026/4/19 下午12:23:57]    - ID:3540 桃園中路縣府店 $23981.00 → INV/2026/04/000059
[2026/4/19 下午12:23:57]    - ID:3539 內湖東湖店 $50141.00 → INV/2026/04/000048
[2026/4/19 下午12:23:57] 🔧 自動修正了 0 筆儲值金記錄
[2026/4/19 下午12:23:59] 📱 Telegram 警報發送失敗
[2026/4/19 下午12:23:59] 🔍 GiveMe API 監控完成
[2026/4/19 下午12:54:07] 🔍 GiveMe API 監控開始
[2026/4/19 下午12:54:07] 🛡️ 防護機制狀態正常：腳本層 ✅ API層 ✅
[2026/4/19 下午12:54:07] ❌ 警告：發現 12 筆儲值金被誤開發票！
[2026/4/19 下午12:54:07]    - ID:3550 新莊中平店 $90397.00 → INV/2026/04/000064
[2026/4/19 下午12:54:07]    - ID:3549 三峽大同店 $108044.00 → INV/2026/04/000063
[2026/4/19 下午12:54:07]    - ID:3548 鶯歌鳳鳴店 $54518.00 → INV/2026/04/000062
[2026/4/19 下午12:54:07]    - ID:3547 桃園八德店 $25554.00 → INV/2026/04/000067
[2026/4/19 下午12:54:07]    - ID:3546 土城中央店 $74416.00 → INV/2026/04/000066
[2026/4/19 下午12:54:07]    - ID:3545 楊梅金山店 $55264.00 → INV/2026/04/000058
[2026/4/19 下午12:54:07]    - ID:3544 台南安南店 $54992.00 → INV/2026/04/000050
[2026/4/19 下午12:54:07]    - ID:3543 桃園小檜溪店 $22331.00 → INV/2026/04/000061
[2026/4/19 下午12:54:07]    - ID:3542 桃園南崁店 $11915.00 → INV/2026/04/000060
[2026/4/19 下午12:54:07]    - ID:3541 蘆洲集賢店 $33274.00 → INV/2026/04/000057
[2026/4/19 下午12:54:07]    - ID:3540 桃園中路縣府店 $23981.00 → INV/2026/04/000059
[2026/4/19 下午12:54:07]    - ID:3539 內湖東湖店 $50141.00 → INV/2026/04/000048
[2026/4/19 下午12:54:07] 🔧 自動修正了 0 筆儲值金記錄
[2026/4/19 下午12:54:12] 📱 Telegram 警報發送失敗
[2026/4/19 下午12:54:12] 🔍 GiveMe API 監控完成
[2026/4/19 下午1:24:17] 🔍 GiveMe API 監控開始
[2026/4/19 下午1:24:17] 🛡️ 防護機制狀態正常：腳本層 ✅ API層 ✅
[2026/4/19 下午1:24:17] ❌ 警告：發現 12 筆儲值金被誤開發票！
[2026/4/19 下午1:24:17]    - ID:3550 新莊中平店 $90397.00 → INV/2026/04/000064
[2026/4/19 下午1:24:17]    - ID:3549 三峽大同店 $108044.00 → INV/2026/04/000063
[2026/4/19 下午1:24:17]    - ID:3548 鶯歌鳳鳴店 $54518.00 → INV/2026/04/000062
[2026/4/19 下午1:24:17]    - ID:3547 桃園八德店 $25554.00 → INV/2026/04/000067
[2026/4/19 下午1:24:17]    - ID:3546 土城中央店 $74416.00 → INV/2026/04/000066
[2026/4/19 下午1:24:17]    - ID:3545 楊梅金山店 $55264.00 → INV/2026/04/000058
[2026/4/19 下午1:24:17]    - ID:3544 台南安南店 $54992.00 → INV/2026/04/000050
[2026/4/19 下午1:24:17]    - ID:3543 桃園小檜溪店 $22331.00 → INV/2026/04/000061
[2026/4/19 下午1:24:17]    - ID:3542 桃園南崁店 $11915.00 → INV/2026/04/000060
[2026/4/19 下午1:24:17]    - ID:3541 蘆洲集賢店 $33274.00 → INV/2026/04/000057
[2026/4/19 下午1:24:17]    - ID:3540 桃園中路縣府店 $23981.00 → INV/2026/04/000059
[2026/4/19 下午1:24:17]    - ID:3539 內湖東湖店 $50141.00 → INV/2026/04/000048
[2026/4/19 下午1:24:17] 🔧 自動修正了 0 筆儲值金記錄
[2026/4/19 下午1:24:21] 📱 Telegram 警報發送失敗
[2026/4/19 下午1:24:21] 🔍 GiveMe API 監控完成
[2026/4/19 下午1:54:27] 🔍 GiveMe API 監控開始
[2026/4/19 下午1:54:27] 🛡️ 防護機制狀態正常：腳本層 ✅ API層 ✅
[2026/4/19 下午1:54:27] ❌ 警告：發現 12 筆儲值金被誤開發票！
[2026/4/19 下午1:54:27]    - ID:3550 新莊中平店 $90397.00 → INV/2026/04/000064
[2026/4/19 下午1:54:27]    - ID:3549 三峽大同店 $108044.00 → INV/2026/04/000063
[2026/4/19 下午1:54:27]    - ID:3548 鶯歌鳳鳴店 $54518.00 → INV/2026/04/000062
[2026/4/19 下午1:54:27]    - ID:3547 桃園八德店 $25554.00 → INV/2026/04/000067
[2026/4/19 下午1:54:27]    - ID:3546 土城中央店 $74416.00 → INV/2026/04/000066
[2026/4/19 下午1:54:27]    - ID:3545 楊梅金山店 $55264.00 → INV/2026/04/000058
[2026/4/19 下午1:54:27]    - ID:3544 台南安南店 $54992.00 → INV/2026/04/000050
[2026/4/19 下午1:54:27]    - ID:3543 桃園小檜溪店 $22331.00 → INV/2026/04/000061
[2026/4/19 下午1:54:27]    - ID:3542 桃園南崁店 $11915.00 → INV/2026/04/000060
[2026/4/19 下午1:54:27]    - ID:3541 蘆洲集賢店 $33274.00 → INV/2026/04/000057
[2026/4/19 下午1:54:27]    - ID:3540 桃園中路縣府店 $23981.00 → INV/2026/04/000059
[2026/4/19 下午1:54:27]    - ID:3539 內湖東湖店 $50141.00 → INV/2026/04/000048
[2026/4/19 下午1:54:27] 🔧 自動修正了 0 筆儲值金記錄
[2026/4/19 下午1:54:32] 📱 Telegram 警報發送失敗
[2026/4/19 下午1:54:32] 🔍 GiveMe API 監控完成
[2026/4/19 下午2:24:37] 🔍 GiveMe API 監控開始
[2026/4/19 下午2:24:37] 🛡️ 防護機制狀態正常：腳本層 ✅ API層 ✅
[2026/4/19 下午2:24:37] ❌ 警告：發現 12 筆儲值金被誤開發票！
[2026/4/19 下午2:24:37]    - ID:3550 新莊中平店 $90397.00 → INV/2026/04/000064
[2026/4/19 下午2:24:37]    - ID:3549 三峽大同店 $108044.00 → INV/2026/04/000063
[2026/4/19 下午2:24:37]    - ID:3548 鶯歌鳳鳴店 $54518.00 → INV/2026/04/000062
[2026/4/19 下午2:24:37]    - ID:3547 桃園八德店 $25554.00 → INV/2026/04/000067
[2026/4/19 下午2:24:37]    - ID:3546 土城中央店 $74416.00 → INV/2026/04/000066
[2026/4/19 下午2:24:37]    - ID:3545 楊梅金山店 $55264.00 → INV/2026/04/000058
[2026/4/19 下午2:24:37]    - ID:3544 台南安南店 $54992.00 → INV/2026/04/000050
[2026/4/19 下午2:24:37]    - ID:3543 桃園小檜溪店 $22331.00 → INV/2026/04/000061
[2026/4/19 下午2:24:37]    - ID:3542 桃園南崁店 $11915.00 → INV/2026/04/000060
[2026/4/19 下午2:24:37]    - ID:3541 蘆洲集賢店 $33274.00 → INV/2026/04/000057
[2026/4/19 下午2:24:37]    - ID:3540 桃園中路縣府店 $23981.00 → INV/2026/04/000059
[2026/4/19 下午2:24:37]    - ID:3539 內湖東湖店 $50141.00 → INV/2026/04/000048
[2026/4/19 下午2:24:37] 🔧 自動修正了 0 筆儲值金記錄
[2026/4/19 下午2:24:42] 📱 Telegram 警報發送失敗
[2026/4/19 下午2:24:42] 🔍 GiveMe API 監控完成
[2026/4/19 下午2:54:48] 🔍 GiveMe API 監控開始
[2026/4/19 下午2:54:48] 🛡️ 防護機制狀態正常：腳本層 ✅ API層 ✅
[2026/4/19 下午2:54:48] ❌ 警告：發現 12 筆儲值金被誤開發票！
[2026/4/19 下午2:54:48]    - ID:3550 新莊中平店 $90397.00 → INV/2026/04/000064
[2026/4/19 下午2:54:48]    - ID:3549 三峽大同店 $108044.00 → INV/2026/04/000063
[2026/4/19 下午2:54:48]    - ID:3548 鶯歌鳳鳴店 $54518.00 → INV/2026/04/000062
[2026/4/19 下午2:54:48]    - ID:3547 桃園八德店 $25554.00 → INV/2026/04/000067
[2026/4/19 下午2:54:48]    - ID:3546 土城中央店 $74416.00 → INV/2026/04/000066
[2026/4/19 下午2:54:48]    - ID:3545 楊梅金山店 $55264.00 → INV/2026/04/000058
[2026/4/19 下午2:54:48]    - ID:3544 台南安南店 $54992.00 → INV/2026/04/000050
[2026/4/19 下午2:54:48]    - ID:3543 桃園小檜溪店 $22331.00 → INV/2026/04/000061
[2026/4/19 下午2:54:48]    - ID:3542 桃園南崁店 $11915.00 → INV/2026/04/000060
[2026/4/19 下午2:54:48]    - ID:3541 蘆洲集賢店 $33274.00 → INV/2026/04/000057
[2026/4/19 下午2:54:48]    - ID:3540 桃園中路縣府店 $23981.00 → INV/2026/04/000059
[2026/4/19 下午2:54:48]    - ID:3539 內湖東湖店 $50141.00 → INV/2026/04/000048
[2026/4/19 下午2:54:48] 🔧 自動修正了 0 筆儲值金記錄
[2026/4/19 下午2:54:50] 📱 Telegram 警報發送失敗
[2026/4/19 下午2:54:50] 🔍 GiveMe API 監控完成
[2026/4/19 下午3:24:58] 🔍 GiveMe API 監控開始
[2026/4/19 下午3:24:58] 🛡️ 防護機制狀態正常：腳本層 ✅ API層 ✅
[2026/4/19 下午3:24:58] ❌ 警告：發現 12 筆儲值金被誤開發票！
[2026/4/19 下午3:24:58]    - ID:3550 新莊中平店 $90397.00 → INV/2026/04/000064
[2026/4/19 下午3:24:58]    - ID:3549 三峽大同店 $108044.00 → INV/2026/04/000063
[2026/4/19 下午3:24:58]    - ID:3548 鶯歌鳳鳴店 $54518.00 → INV/2026/04/000062
[2026/4/19 下午3:24:58]    - ID:3547 桃園八德店 $25554.00 → INV/2026/04/000067
[2026/4/19 下午3:24:58]    - ID:3546 土城中央店 $74416.00 → INV/2026/04/000066
[2026/4/19 下午3:24:58]    - ID:3545 楊梅金山店 $55264.00 → INV/2026/04/000058
[2026/4/19 下午3:24:58]    - ID:3544 台南安南店 $54992.00 → INV/2026/04/000050
[2026/4/19 下午3:24:58]    - ID:3543 桃園小檜溪店 $22331.00 → INV/2026/04/000061
[2026/4/19 下午3:24:58]    - ID:3542 桃園南崁店 $11915.00 → INV/2026/04/000060
[2026/4/19 下午3:24:58]    - ID:3541 蘆洲集賢店 $33274.00 → INV/2026/04/000057
[2026/4/19 下午3:24:58]    - ID:3540 桃園中路縣府店 $23981.00 → INV/2026/04/000059
[2026/4/19 下午3:24:58]    - ID:3539 內湖東湖店 $50141.00 → INV/2026/04/000048
[2026/4/19 下午3:24:58] 🔧 自動修正了 0 筆儲值金記錄
[2026/4/19 下午3:25:00] 📱 Telegram 警報發送失敗
[2026/4/19 下午3:25:00] 🔍 GiveMe API 監控完成
[2026/4/19 下午3:55:08] 🔍 GiveMe API 監控開始
[2026/4/19 下午3:55:08] 🛡️ 防護機制狀態正常：腳本層 ✅ API層 ✅
[2026/4/19 下午3:55:08] ❌ 警告：發現 12 筆儲值金被誤開發票！
[2026/4/19 下午3:55:08]    - ID:3550 新莊中平店 $90397.00 → INV/2026/04/000064
[2026/4/19 下午3:55:08]    - ID:3549 三峽大同店 $108044.00 → INV/2026/04/000063
[2026/4/19 下午3:55:08]    - ID:3548 鶯歌鳳鳴店 $54518.00 → INV/2026/04/000062
[2026/4/19 下午3:55:08]    - ID:3547 桃園八德店 $25554.00 → INV/2026/04/000067
[2026/4/19 下午3:55:08]    - ID:3546 土城中央店 $74416.00 → INV/2026/04/000066
[2026/4/19 下午3:55:08]    - ID:3545 楊梅金山店 $55264.00 → INV/2026/04/000058
[2026/4/19 下午3:55:08]    - ID:3544 台南安南店 $54992.00 → INV/2026/04/000050
[2026/4/19 下午3:55:08]    - ID:3543 桃園小檜溪店 $22331.00 → INV/2026/04/000061
[2026/4/19 下午3:55:08]    - ID:3542 桃園南崁店 $11915.00 → INV/2026/04/000060
[2026/4/19 下午3:55:08]    - ID:3541 蘆洲集賢店 $33274.00 → INV/2026/04/000057
[2026/4/19 下午3:55:08]    - ID:3540 桃園中路縣府店 $23981.00 → INV/2026/04/000059
[2026/4/19 下午3:55:08]    - ID:3539 內湖東湖店 $50141.00 → INV/2026/04/000048
[2026/4/19 下午3:55:08] 🔧 自動修正了 0 筆儲值金記錄
[2026/4/19 下午3:55:11] 📱 Telegram 警報發送失敗
[2026/4/19 下午3:55:11] 🔍 GiveMe API 監控完成
[2026/4/19 下午4:25:18] 🔍 GiveMe API 監控開始
[2026/4/19 下午4:25:18] 🛡️ 防護機制狀態正常：腳本層 ✅ API層 ✅
[2026/4/19 下午4:25:18] ❌ 警告：發現 12 筆儲值金被誤開發票！
[2026/4/19 下午4:25:18]    - ID:3550 新莊中平店 $90397.00 → INV/2026/04/000064
[2026/4/19 下午4:25:18]    - ID:3549 三峽大同店 $108044.00 → INV/2026/04/000063
[2026/4/19 下午4:25:18]    - ID:3548 鶯歌鳳鳴店 $54518.00 → INV/2026/04/000062
[2026/4/19 下午4:25:18]    - ID:3547 桃園八德店 $25554.00 → INV/2026/04/000067
[2026/4/19 下午4:25:18]    - ID:3546 土城中央店 $74416.00 → INV/2026/04/000066
[2026/4/19 下午4:25:18]    - ID:3545 楊梅金山店 $55264.00 → INV/2026/04/000058
[2026/4/19 下午4:25:18]    - ID:3544 台南安南店 $54992.00 → INV/2026/04/000050
[2026/4/19 下午4:25:18]    - ID:3543 桃園小檜溪店 $22331.00 → INV/2026/04/000061
[2026/4/19 下午4:25:18]    - ID:3542 桃園南崁店 $11915.00 → INV/2026/04/000060
[2026/4/19 下午4:25:18]    - ID:3541 蘆洲集賢店 $33274.00 → INV/2026/04/000057
[2026/4/19 下午4:25:18]    - ID:3540 桃園中路縣府店 $23981.00 → INV/2026/04/000059
[2026/4/19 下午4:25:18]    - ID:3539 內湖東湖店 $50141.00 → INV/2026/04/000048
[2026/4/19 下午4:25:18] 🔧 自動修正了 0 筆儲值金記錄
[2026/4/19 下午4:25:21] 📱 Telegram 警報發送失敗
[2026/4/19 下午4:25:21] 🔍 GiveMe API 監控完成
[2026/4/19 下午4:55:28] 🔍 GiveMe API 監控開始
[2026/4/19 下午4:55:28] 🛡️ 防護機制狀態正常：腳本層 ✅ API層 ✅
[2026/4/19 下午4:55:28] ❌ 警告：發現 12 筆儲值金被誤開發票！
[2026/4/19 下午4:55:28]    - ID:3550 新莊中平店 $90397.00 → INV/2026/04/000064
[2026/4/19 下午4:55:28]    - ID:3549 三峽大同店 $108044.00 → INV/2026/04/000063
[2026/4/19 下午4:55:28]    - ID:3548 鶯歌鳳鳴店 $54518.00 → INV/2026/04/000062
[2026/4/19 下午4:55:28]    - ID:3547 桃園八德店 $25554.00 → INV/2026/04/000067
[2026/4/19 下午4:55:28]    - ID:3546 土城中央店 $74416.00 → INV/2026/04/000066
[2026/4/19 下午4:55:28]    - ID:3545 楊梅金山店 $55264.00 → INV/2026/04/000058
[2026/4/19 下午4:55:28]    - ID:3544 台南安南店 $54992.00 → INV/2026/04/000050
[2026/4/19 下午4:55:28]    - ID:3543 桃園小檜溪店 $22331.00 → INV/2026/04/000061
[2026/4/19 下午4:55:28]    - ID:3542 桃園南崁店 $11915.00 → INV/2026/04/000060
[2026/4/19 下午4:55:28]    - ID:3541 蘆洲集賢店 $33274.00 → INV/2026/04/000057
[2026/4/19 下午4:55:28]    - ID:3540 桃園中路縣府店 $23981.00 → INV/2026/04/000059
[2026/4/19 下午4:55:28]    - ID:3539 內湖東湖店 $50141.00 → INV/2026/04/000048
[2026/4/19 下午4:55:28] 🔧 自動修正了 0 筆儲值金記錄
[2026/4/19 下午4:55:31] 📱 Telegram 警報發送失敗
[2026/4/19 下午4:55:31] 🔍 GiveMe API 監控完成
[2026/4/19 下午5:25:38] 🔍 GiveMe API 監控開始
[2026/4/19 下午5:25:38] 🛡️ 防護機制狀態正常：腳本層 ✅ API層 ✅
[2026/4/19 下午5:25:38] ❌ 警告：發現 12 筆儲值金被誤開發票！
[2026/4/19 下午5:25:38]    - ID:3550 新莊中平店 $90397.00 → INV/2026/04/000064
[2026/4/19 下午5:25:38]    - ID:3549 三峽大同店 $108044.00 → INV/2026/04/000063
[2026/4/19 下午5:25:38]    - ID:3548 鶯歌鳳鳴店 $54518.00 → INV/2026/04/000062
[2026/4/19 下午5:25:38]    - ID:3547 桃園八德店 $25554.00 → INV/2026/04/000067
[2026/4/19 下午5:25:38]    - ID:3546 土城中央店 $74416.00 → INV/2026/04/000066
[2026/4/19 下午5:25:38]    - ID:3545 楊梅金山店 $55264.00 → INV/2026/04/000058
[2026/4/19 下午5:25:38]    - ID:3544 台南安南店 $54992.00 → INV/2026/04/000050
[2026/4/19 下午5:25:38]    - ID:3543 桃園小檜溪店 $22331.00 → INV/2026/04/000061
[2026/4/19 下午5:25:38]    - ID:3542 桃園南崁店 $11915.00 → INV/2026/04/000060
[2026/4/19 下午5:25:38]    - ID:3541 蘆洲集賢店 $33274.00 → INV/2026/04/000057
[2026/4/19 下午5:25:38]    - ID:3540 桃園中路縣府店 $23981.00 → INV/2026/04/000059
[2026/4/19 下午5:25:38]    - ID:3539 內湖東湖店 $50141.00 → INV/2026/04/000048
[2026/4/19 下午5:25:38] 🔧 自動修正了 0 筆儲值金記錄
[2026/4/19 下午5:25:41] 📱 Telegram 警報發送失敗
[2026/4/19 下午5:25:41] 🔍 GiveMe API 監控完成
[2026/4/19 下午5:55:49] 🔍 GiveMe API 監控開始
[2026/4/19 下午5:55:49] 🛡️ 防護機制狀態正常：腳本層 ✅ API層 ✅
[2026/4/19 下午5:55:49] ❌ 警告：發現 12 筆儲值金被誤開發票！
[2026/4/19 下午5:55:49]    - ID:3550 新莊中平店 $90397.00 → INV/2026/04/000064
[2026/4/19 下午5:55:49]    - ID:3549 三峽大同店 $108044.00 → INV/2026/04/000063
[2026/4/19 下午5:55:49]    - ID:3548 鶯歌鳳鳴店 $54518.00 → INV/2026/04/000062
[2026/4/19 下午5:55:49]    - ID:3547 桃園八德店 $25554.00 → INV/2026/04/000067
[2026/4/19 下午5:55:49]    - ID:3546 土城中央店 $74416.00 → INV/2026/04/000066
[2026/4/19 下午5:55:49]    - ID:3545 楊梅金山店 $55264.00 → INV/2026/04/000058
[2026/4/19 下午5:55:49]    - ID:3544 台南安南店 $54992.00 → INV/2026/04/000050
[2026/4/19 下午5:55:49]    - ID:3543 桃園小檜溪店 $22331.00 → INV/2026/04/000061
[2026/4/19 下午5:55:49]    - ID:3542 桃園南崁店 $11915.00 → INV/2026/04/000060
[2026/4/19 下午5:55:49]    - ID:3541 蘆洲集賢店 $33274.00 → INV/2026/04/000057
[2026/4/19 下午5:55:49]    - ID:3540 桃園中路縣府店 $23981.00 → INV/2026/04/000059
[2026/4/19 下午5:55:49]    - ID:3539 內湖東湖店 $50141.00 → INV/2026/04/000048
[2026/4/19 下午5:55:49] 🔧 自動修正了 0 筆儲值金記錄
[2026/4/19 下午5:55:52] 📱 Telegram 警報發送失敗
[2026/4/19 下午5:55:52] 🔍 GiveMe API 監控完成
[2026/4/19 下午6:25:59] 🔍 GiveMe API 監控開始
[2026/4/19 下午6:25:59] 🛡️ 防護機制狀態正常：腳本層 ✅ API層 ✅
[2026/4/19 下午6:25:59] ❌ 警告：發現 12 筆儲值金被誤開發票！
[2026/4/19 下午6:25:59]    - ID:3550 新莊中平店 $90397.00 → INV/2026/04/000064
[2026/4/19 下午6:25:59]    - ID:3549 三峽大同店 $108044.00 → INV/2026/04/000063
[2026/4/19 下午6:25:59]    - ID:3548 鶯歌鳳鳴店 $54518.00 → INV/2026/04/000062
[2026/4/19 下午6:25:59]    - ID:3547 桃園八德店 $25554.00 → INV/2026/04/000067
[2026/4/19 下午6:25:59]    - ID:3546 土城中央店 $74416.00 → INV/2026/04/000066
[2026/4/19 下午6:25:59]    - ID:3545 楊梅金山店 $55264.00 → INV/2026/04/000058
[2026/4/19 下午6:25:59]    - ID:3544 台南安南店 $54992.00 → INV/2026/04/000050
[2026/4/19 下午6:25:59]    - ID:3543 桃園小檜溪店 $22331.00 → INV/2026/04/000061
[2026/4/19 下午6:25:59]    - ID:3542 桃園南崁店 $11915.00 → INV/2026/04/000060
[2026/4/19 下午6:25:59]    - ID:3541 蘆洲集賢店 $33274.00 → INV/2026/04/000057
[2026/4/19 下午6:25:59]    - ID:3540 桃園中路縣府店 $23981.00 → INV/2026/04/000059
[2026/4/19 下午6:25:59]    - ID:3539 內湖東湖店 $50141.00 → INV/2026/04/000048
[2026/4/19 下午6:25:59] 🔧 自動修正了 0 筆儲值金記錄
[2026/4/19 下午6:26:04] 📱 Telegram 警報發送失敗
[2026/4/19 下午6:26:04] 🔍 GiveMe API 監控完成
[2026/4/19 下午6:56:09] 🔍 GiveMe API 監控開始
[2026/4/19 下午6:56:09] 🛡️ 防護機制狀態正常：腳本層 ✅ API層 ✅
[2026/4/19 下午6:56:09] ❌ 警告：發現 12 筆儲值金被誤開發票！
[2026/4/19 下午6:56:09]    - ID:3550 新莊中平店 $90397.00 → INV/2026/04/000064
[2026/4/19 下午6:56:09]    - ID:3549 三峽大同店 $108044.00 → INV/2026/04/000063
[2026/4/19 下午6:56:09]    - ID:3548 鶯歌鳳鳴店 $54518.00 → INV/2026/04/000062
[2026/4/19 下午6:56:09]    - ID:3547 桃園八德店 $25554.00 → INV/2026/04/000067
[2026/4/19 下午6:56:09]    - ID:3546 土城中央店 $74416.00 → INV/2026/04/000066
[2026/4/19 下午6:56:09]    - ID:3545 楊梅金山店 $55264.00 → INV/2026/04/000058
[2026/4/19 下午6:56:09]    - ID:3544 台南安南店 $54992.00 → INV/2026/04/000050
[2026/4/19 下午6:56:09]    - ID:3543 桃園小檜溪店 $22331.00 → INV/2026/04/000061
[2026/4/19 下午6:56:09]    - ID:3542 桃園南崁店 $11915.00 → INV/2026/04/000060
[2026/4/19 下午6:56:09]    - ID:3541 蘆洲集賢店 $33274.00 → INV/2026/04/000057
[2026/4/19 下午6:56:09]    - ID:3540 桃園中路縣府店 $23981.00 → INV/2026/04/000059
[2026/4/19 下午6:56:09]    - ID:3539 內湖東湖店 $50141.00 → INV/2026/04/000048
[2026/4/19 下午6:56:09] 🔧 自動修正了 0 筆儲值金記錄
[2026/4/19 下午6:56:13] 📱 Telegram 警報發送失敗
[2026/4/19 下午6:56:13] 🔍 GiveMe API 監控完成
[2026/4/19 下午7:26:19] 🔍 GiveMe API 監控開始
[2026/4/19 下午7:26:19] 🛡️ 防護機制狀態正常：腳本層 ✅ API層 ✅
[2026/4/19 下午7:26:19] ❌ 警告：發現 12 筆儲值金被誤開發票！
[2026/4/19 下午7:26:19]    - ID:3550 新莊中平店 $90397.00 → INV/2026/04/000064
[2026/4/19 下午7:26:19]    - ID:3549 三峽大同店 $108044.00 → INV/2026/04/000063
[2026/4/19 下午7:26:19]    - ID:3548 鶯歌鳳鳴店 $54518.00 → INV/2026/04/000062
[2026/4/19 下午7:26:19]    - ID:3547 桃園八德店 $25554.00 → INV/2026/04/000067
[2026/4/19 下午7:26:19]    - ID:3546 土城中央店 $74416.00 → INV/2026/04/000066
[2026/4/19 下午7:26:19]    - ID:3545 楊梅金山店 $55264.00 → INV/2026/04/000058
[2026/4/19 下午7:26:19]    - ID:3544 台南安南店 $54992.00 → INV/2026/04/000050
[2026/4/19 下午7:26:19]    - ID:3543 桃園小檜溪店 $22331.00 → INV/2026/04/000061
[2026/4/19 下午7:26:19]    - ID:3542 桃園南崁店 $11915.00 → INV/2026/04/000060
[2026/4/19 下午7:26:19]    - ID:3541 蘆洲集賢店 $33274.00 → INV/2026/04/000057
[2026/4/19 下午7:26:19]    - ID:3540 桃園中路縣府店 $23981.00 → INV/2026/04/000059
[2026/4/19 下午7:26:19]    - ID:3539 內湖東湖店 $50141.00 → INV/2026/04/000048
[2026/4/19 下午7:26:19] 🔧 自動修正了 0 筆儲值金記錄
[2026/4/19 下午7:26:22] 📱 Telegram 警報發送失敗
[2026/4/19 下午7:26:22] 🔍 GiveMe API 監控完成
[2026/4/19 下午7:56:29] 🔍 GiveMe API 監控開始
[2026/4/19 下午7:56:29] 🛡️ 防護機制狀態正常：腳本層 ✅ API層 ✅
[2026/4/19 下午7:56:30] ❌ 警告：發現 12 筆儲值金被誤開發票！
[2026/4/19 下午7:56:30]    - ID:3550 新莊中平店 $90397.00 → INV/2026/04/000064
[2026/4/19 下午7:56:30]    - ID:3549 三峽大同店 $108044.00 → INV/2026/04/000063
[2026/4/19 下午7:56:30]    - ID:3548 鶯歌鳳鳴店 $54518.00 → INV/2026/04/000062
[2026/4/19 下午7:56:30]    - ID:3547 桃園八德店 $25554.00 → INV/2026/04/000067
[2026/4/19 下午7:56:30]    - ID:3546 土城中央店 $74416.00 → INV/2026/04/000066
[2026/4/19 下午7:56:30]    - ID:3545 楊梅金山店 $55264.00 → INV/2026/04/000058
[2026/4/19 下午7:56:30]    - ID:3544 台南安南店 $54992.00 → INV/2026/04/000050
[2026/4/19 下午7:56:30]    - ID:3543 桃園小檜溪店 $22331.00 → INV/2026/04/000061
[2026/4/19 下午7:56:30]    - ID:3542 桃園南崁店 $11915.00 → INV/2026/04/000060
[2026/4/19 下午7:56:30]    - ID:3541 蘆洲集賢店 $33274.00 → INV/2026/04/000057
[2026/4/19 下午7:56:30]    - ID:3540 桃園中路縣府店 $23981.00 → INV/2026/04/000059
[2026/4/19 下午7:56:30]    - ID:3539 內湖東湖店 $50141.00 → INV/2026/04/000048
[2026/4/19 下午7:56:30] 🔧 自動修正了 0 筆儲值金記錄
[2026/4/19 下午7:56:33] 📱 Telegram 警報發送失敗
[2026/4/19 下午7:56:33] 🔍 GiveMe API 監控完成
[2026/4/19 下午8:26:40] 🔍 GiveMe API 監控開始
[2026/4/19 下午8:26:40] 🛡️ 防護機制狀態正常：腳本層 ✅ API層 ✅
[2026/4/19 下午8:26:40] ❌ 警告：發現 12 筆儲值金被誤開發票！
[2026/4/19 下午8:26:40]    - ID:3550 新莊中平店 $90397.00 → INV/2026/04/000064
[2026/4/19 下午8:26:40]    - ID:3549 三峽大同店 $108044.00 → INV/2026/04/000063
[2026/4/19 下午8:26:40]    - ID:3548 鶯歌鳳鳴店 $54518.00 → INV/2026/04/000062
[2026/4/19 下午8:26:40]    - ID:3547 桃園八德店 $25554.00 → INV/2026/04/000067
[2026/4/19 下午8:26:40]    - ID:3546 土城中央店 $74416.00 → INV/2026/04/000066
[2026/4/19 下午8:26:40]    - ID:3545 楊梅金山店 $55264.00 → INV/2026/04/000058
[2026/4/19 下午8:26:40]    - ID:3544 台南安南店 $54992.00 → INV/2026/04/000050
[2026/4/19 下午8:26:40]    - ID:3543 桃園小檜溪店 $22331.00 → INV/2026/04/000061
[2026/4/19 下午8:26:40]    - ID:3542 桃園南崁店 $11915.00 → INV/2026/04/000060
[2026/4/19 下午8:26:40]    - ID:3541 蘆洲集賢店 $33274.00 → INV/2026/04/000057
[2026/4/19 下午8:26:40]    - ID:3540 桃園中路縣府店 $23981.00 → INV/2026/04/000059
[2026/4/19 下午8:26:40]    - ID:3539 內湖東湖店 $50141.00 → INV/2026/04/000048
[2026/4/19 下午8:26:40] 🔧 自動修正了 0 筆儲值金記錄
[2026/4/19 下午8:26:42] 📱 Telegram 警報發送失敗
[2026/4/19 下午8:26:42] 🔍 GiveMe API 監控完成
[2026/4/19 下午8:56:50] 🔍 GiveMe API 監控開始
[2026/4/19 下午8:56:50] 🛡️ 防護機制狀態正常：腳本層 ✅ API層 ✅
[2026/4/19 下午8:56:50] ❌ 警告：發現 12 筆儲值金被誤開發票！
[2026/4/19 下午8:56:50]    - ID:3550 新莊中平店 $90397.00 → INV/2026/04/000064
[2026/4/19 下午8:56:50]    - ID:3549 三峽大同店 $108044.00 → INV/2026/04/000063
[2026/4/19 下午8:56:50]    - ID:3548 鶯歌鳳鳴店 $54518.00 → INV/2026/04/000062
[2026/4/19 下午8:56:50]    - ID:3547 桃園八德店 $25554.00 → INV/2026/04/000067
[2026/4/19 下午8:56:50]    - ID:3546 土城中央店 $74416.00 → INV/2026/04/000066
[2026/4/19 下午8:56:50]    - ID:3545 楊梅金山店 $55264.00 → INV/2026/04/000058
[2026/4/19 下午8:56:50]    - ID:3544 台南安南店 $54992.00 → INV/2026/04/000050
[2026/4/19 下午8:56:50]    - ID:3543 桃園小檜溪店 $22331.00 → INV/2026/04/000061
[2026/4/19 下午8:56:50]    - ID:3542 桃園南崁店 $11915.00 → INV/2026/04/000060
[2026/4/19 下午8:56:50]    - ID:3541 蘆洲集賢店 $33274.00 → INV/2026/04/000057
[2026/4/19 下午8:56:50]    - ID:3540 桃園中路縣府店 $23981.00 → INV/2026/04/000059
[2026/4/19 下午8:56:50]    - ID:3539 內湖東湖店 $50141.00 → INV/2026/04/000048
[2026/4/19 下午8:56:50] 🔧 自動修正了 0 筆儲值金記錄
[2026/4/19 下午8:56:52] 📱 Telegram 警報發送失敗
[2026/4/19 下午8:56:53] 🔍 GiveMe API 監控完成
[2026/4/19 下午9:27:00] 🔍 GiveMe API 監控開始
[2026/4/19 下午9:27:00] 🛡️ 防護機制狀態正常：腳本層 ✅ API層 ✅
[2026/4/19 下午9:27:00] ❌ 警告：發現 12 筆儲值金被誤開發票！
[2026/4/19 下午9:27:00]    - ID:3550 新莊中平店 $90397.00 → INV/2026/04/000064
[2026/4/19 下午9:27:00]    - ID:3549 三峽大同店 $108044.00 → INV/2026/04/000063
[2026/4/19 下午9:27:00]    - ID:3548 鶯歌鳳鳴店 $54518.00 → INV/2026/04/000062
[2026/4/19 下午9:27:00]    - ID:3547 桃園八德店 $25554.00 → INV/2026/04/000067
[2026/4/19 下午9:27:00]    - ID:3546 土城中央店 $74416.00 → INV/2026/04/000066
[2026/4/19 下午9:27:00]    - ID:3545 楊梅金山店 $55264.00 → INV/2026/04/000058
[2026/4/19 下午9:27:00]    - ID:3544 台南安南店 $54992.00 → INV/2026/04/000050
[2026/4/19 下午9:27:00]    - ID:3543 桃園小檜溪店 $22331.00 → INV/2026/04/000061
[2026/4/19 下午9:27:00]    - ID:3542 桃園南崁店 $11915.00 → INV/2026/04/000060
[2026/4/19 下午9:27:00]    - ID:3541 蘆洲集賢店 $33274.00 → INV/2026/04/000057
[2026/4/19 下午9:27:00]    - ID:3540 桃園中路縣府店 $23981.00 → INV/2026/04/000059
[2026/4/19 下午9:27:00]    - ID:3539 內湖東湖店 $50141.00 → INV/2026/04/000048
[2026/4/19 下午9:27:00] 🔧 自動修正了 0 筆儲值金記錄
[2026/4/19 下午9:27:03] 📱 Telegram 警報發送失敗
[2026/4/19 下午9:27:03] 🔍 GiveMe API 監控完成
[2026/4/19 下午9:57:10] 🔍 GiveMe API 監控開始
[2026/4/19 下午9:57:10] 🛡️ 防護機制狀態正常：腳本層 ✅ API層 ✅
[2026/4/19 下午9:57:10] ❌ 警告：發現 12 筆儲值金被誤開發票！
[2026/4/19 下午9:57:10]    - ID:3550 新莊中平店 $90397.00 → INV/2026/04/000064
[2026/4/19 下午9:57:10]    - ID:3549 三峽大同店 $108044.00 → INV/2026/04/000063
[2026/4/19 下午9:57:10]    - ID:3548 鶯歌鳳鳴店 $54518.00 → INV/2026/04/000062
[2026/4/19 下午9:57:10]    - ID:3547 桃園八德店 $25554.00 → INV/2026/04/000067
[2026/4/19 下午9:57:10]    - ID:3546 土城中央店 $74416.00 → INV/2026/04/000066
[2026/4/19 下午9:57:10]    - ID:3545 楊梅金山店 $55264.00 → INV/2026/04/000058
[2026/4/19 下午9:57:10]    - ID:3544 台南安南店 $54992.00 → INV/2026/04/000050
[2026/4/19 下午9:57:10]    - ID:3543 桃園小檜溪店 $22331.00 → INV/2026/04/000061
[2026/4/19 下午9:57:10]    - ID:3542 桃園南崁店 $11915.00 → INV/2026/04/000060
[2026/4/19 下午9:57:10]    - ID:3541 蘆洲集賢店 $33274.00 → INV/2026/04/000057
[2026/4/19 下午9:57:10]    - ID:3540 桃園中路縣府店 $23981.00 → INV/2026/04/000059
[2026/4/19 下午9:57:10]    - ID:3539 內湖東湖店 $50141.00 → INV/2026/04/000048
[2026/4/19 下午9:57:10] 🔧 自動修正了 0 筆儲值金記錄
[2026/4/19 下午9:57:14] 📱 Telegram 警報發送失敗
[2026/4/19 下午9:57:14] 🔍 GiveMe API 監控完成
[2026/4/19 下午10:27:20] 🔍 GiveMe API 監控開始
[2026/4/19 下午10:27:20] 🛡️ 防護機制狀態正常：腳本層 ✅ API層 ✅
[2026/4/19 下午10:27:20] ❌ 警告：發現 12 筆儲值金被誤開發票！
[2026/4/19 下午10:27:20]    - ID:3550 新莊中平店 $90397.00 → INV/2026/04/000064
[2026/4/19 下午10:27:20]    - ID:3549 三峽大同店 $108044.00 → INV/2026/04/000063
[2026/4/19 下午10:27:20]    - ID:3548 鶯歌鳳鳴店 $54518.00 → INV/2026/04/000062
[2026/4/19 下午10:27:20]    - ID:3547 桃園八德店 $25554.00 → INV/2026/04/000067
[2026/4/19 下午10:27:20]    - ID:3546 土城中央店 $74416.00 → INV/2026/04/000066
[2026/4/19 下午10:27:20]    - ID:3545 楊梅金山店 $55264.00 → INV/2026/04/000058
[2026/4/19 下午10:27:20]    - ID:3544 台南安南店 $54992.00 → INV/2026/04/000050
[2026/4/19 下午10:27:20]    - ID:3543 桃園小檜溪店 $22331.00 → INV/2026/04/000061
[2026/4/19 下午10:27:20]    - ID:3542 桃園南崁店 $11915.00 → INV/2026/04/000060
[2026/4/19 下午10:27:20]    - ID:3541 蘆洲集賢店 $33274.00 → INV/2026/04/000057
[2026/4/19 下午10:27:20]    - ID:3540 桃園中路縣府店 $23981.00 → INV/2026/04/000059
[2026/4/19 下午10:27:20]    - ID:3539 內湖東湖店 $50141.00 → INV/2026/04/000048
[2026/4/19 下午10:27:20] 🔧 自動修正了 0 筆儲值金記錄
[2026/4/19 下午10:27:35] 📱 Telegram 警報發送失敗
[2026/4/19 下午10:27:35] 🔍 GiveMe API 監控完成
[2026/4/19 下午10:57:35] 🔍 GiveMe API 監控開始
[2026/4/19 下午10:57:35] 🛡️ 防護機制狀態正常：腳本層 ✅ API層 ✅
[2026/4/19 下午10:57:35] ❌ 警告：發現 12 筆儲值金被誤開發票！
[2026/4/19 下午10:57:35]    - ID:3550 新莊中平店 $90397.00 → INV/2026/04/000064
[2026/4/19 下午10:57:35]    - ID:3549 三峽大同店 $108044.00 → INV/2026/04/000063
[2026/4/19 下午10:57:35]    - ID:3548 鶯歌鳳鳴店 $54518.00 → INV/2026/04/000062
[2026/4/19 下午10:57:35]    - ID:3547 桃園八德店 $25554.00 → INV/2026/04/000067
[2026/4/19 下午10:57:35]    - ID:3546 土城中央店 $74416.00 → INV/2026/04/000066
[2026/4/19 下午10:57:35]    - ID:3545 楊梅金山店 $55264.00 → INV/2026/04/000058
[2026/4/19 下午10:57:35]    - ID:3544 台南安南店 $54992.00 → INV/2026/04/000050
[2026/4/19 下午10:57:35]    - ID:3543 桃園小檜溪店 $22331.00 → INV/2026/04/000061
[2026/4/19 下午10:57:35]    - ID:3542 桃園南崁店 $11915.00 → INV/2026/04/000060
[2026/4/19 下午10:57:35]    - ID:3541 蘆洲集賢店 $33274.00 → INV/2026/04/000057
[2026/4/19 下午10:57:35]    - ID:3540 桃園中路縣府店 $23981.00 → INV/2026/04/000059
[2026/4/19 下午10:57:35]    - ID:3539 內湖東湖店 $50141.00 → INV/2026/04/000048
[2026/4/19 下午10:57:35] 🔧 自動修正了 0 筆儲值金記錄
[2026/4/19 下午10:57:38] 📱 Telegram 警報發送失敗
[2026/4/19 下午10:57:38] 🔍 GiveMe API 監控完成
[2026/4/19 下午11:27:45] 🔍 GiveMe API 監控開始
[2026/4/19 下午11:27:45] 🛡️ 防護機制狀態正常：腳本層 ✅ API層 ✅
[2026/4/19 下午11:27:45] ❌ 警告：發現 12 筆儲值金被誤開發票！
[2026/4/19 下午11:27:45]    - ID:3550 新莊中平店 $90397.00 → INV/2026/04/000064
[2026/4/19 下午11:27:45]    - ID:3549 三峽大同店 $108044.00 → INV/2026/04/000063
[2026/4/19 下午11:27:45]    - ID:3548 鶯歌鳳鳴店 $54518.00 → INV/2026/04/000062
[2026/4/19 下午11:27:45]    - ID:3547 桃園八德店 $25554.00 → INV/2026/04/000067
[2026/4/19 下午11:27:45]    - ID:3546 土城中央店 $74416.00 → INV/2026/04/000066
[2026/4/19 下午11:27:45]    - ID:3545 楊梅金山店 $55264.00 → INV/2026/04/000058
[2026/4/19 下午11:27:45]    - ID:3544 台南安南店 $54992.00 → INV/2026/04/000050
[2026/4/19 下午11:27:45]    - ID:3543 桃園小檜溪店 $22331.00 → INV/2026/04/000061
[2026/4/19 下午11:27:45]    - ID:3542 桃園南崁店 $11915.00 → INV/2026/04/000060
[2026/4/19 下午11:27:45]    - ID:3541 蘆洲集賢店 $33274.00 → INV/2026/04/000057
[2026/4/19 下午11:27:45]    - ID:3540 桃園中路縣府店 $23981.00 → INV/2026/04/000059
[2026/4/19 下午11:27:45]    - ID:3539 內湖東湖店 $50141.00 → INV/2026/04/000048
[2026/4/19 下午11:27:45] 🔧 自動修正了 0 筆儲值金記錄
[2026/4/19 下午11:27:48] 📱 Telegram 警報發送失敗
[2026/4/19 下午11:27:48] 🔍 GiveMe API 監控完成
[2026/4/19 下午11:57:55] 🔍 GiveMe API 監控開始
[2026/4/19 下午11:57:55] 🛡️ 防護機制狀態正常：腳本層 ✅ API層 ✅
[2026/4/19 下午11:57:55] ❌ 警告：發現 12 筆儲值金被誤開發票！
[2026/4/19 下午11:57:55]    - ID:3550 新莊中平店 $90397.00 → INV/2026/04/000064
[2026/4/19 下午11:57:55]    - ID:3549 三峽大同店 $108044.00 → INV/2026/04/000063
[2026/4/19 下午11:57:55]    - ID:3548 鶯歌鳳鳴店 $54518.00 → INV/2026/04/000062
[2026/4/19 下午11:57:55]    - ID:3547 桃園八德店 $25554.00 → INV/2026/04/000067
[2026/4/19 下午11:57:55]    - ID:3546 土城中央店 $74416.00 → INV/2026/04/000066
[2026/4/19 下午11:57:55]    - ID:3545 楊梅金山店 $55264.00 → INV/2026/04/000058
[2026/4/19 下午11:57:55]    - ID:3544 台南安南店 $54992.00 → INV/2026/04/000050
[2026/4/19 下午11:57:55]    - ID:3543 桃園小檜溪店 $22331.00 → INV/2026/04/000061
[2026/4/19 下午11:57:55]    - ID:3542 桃園南崁店 $11915.00 → INV/2026/04/000060
[2026/4/19 下午11:57:55]    - ID:3541 蘆洲集賢店 $33274.00 → INV/2026/04/000057
[2026/4/19 下午11:57:55]    - ID:3540 桃園中路縣府店 $23981.00 → INV/2026/04/000059
[2026/4/19 下午11:57:55]    - ID:3539 內湖東湖店 $50141.00 → INV/2026/04/000048
[2026/4/19 下午11:57:55] 🔧 自動修正了 0 筆儲值金記錄
[2026/4/19 下午11:57:59] 📱 Telegram 警報發送失敗
[2026/4/19 下午11:57:59] 🔍 GiveMe API 監控完成
[2026/4/20 上午12:28:06] 🔍 GiveMe API 監控開始
[2026/4/20 上午12:28:06] 🛡️ 防護機制狀態正常：腳本層 ✅ API層 ✅
[2026/4/20 上午12:28:06] ❌ 警告：發現 12 筆儲值金被誤開發票！
[2026/4/20 上午12:28:06]    - ID:3550 新莊中平店 $90397.00 → INV/2026/04/000064
[2026/4/20 上午12:28:06]    - ID:3549 三峽大同店 $108044.00 → INV/2026/04/000063
[2026/4/20 上午12:28:06]    - ID:3548 鶯歌鳳鳴店 $54518.00 → INV/2026/04/000062
[2026/4/20 上午12:28:06]    - ID:3547 桃園八德店 $25554.00 → INV/2026/04/000067
[2026/4/20 上午12:28:06]    - ID:3546 土城中央店 $74416.00 → INV/2026/04/000066
[2026/4/20 上午12:28:06]    - ID:3545 楊梅金山店 $55264.00 → INV/2026/04/000058
[2026/4/20 上午12:28:06]    - ID:3544 台南安南店 $54992.00 → INV/2026/04/000050
[2026/4/20 上午12:28:06]    - ID:3543 桃園小檜溪店 $22331.00 → INV/2026/04/000061
[2026/4/20 上午12:28:06]    - ID:3542 桃園南崁店 $11915.00 → INV/2026/04/000060
[2026/4/20 上午12:28:06]    - ID:3541 蘆洲集賢店 $33274.00 → INV/2026/04/000057
[2026/4/20 上午12:28:06]    - ID:3540 桃園中路縣府店 $23981.00 → INV/2026/04/000059
[2026/4/20 上午12:28:06]    - ID:3539 內湖東湖店 $50141.00 → INV/2026/04/000048
[2026/4/20 上午12:28:06] 🔧 自動修正了 0 筆儲值金記錄
[2026/4/20 上午12:28:09] 📱 Telegram 警報發送失敗
[2026/4/20 上午12:28:09] 🔍 GiveMe API 監控完成
[2026/4/20 上午12:58:16] 🔍 GiveMe API 監控開始
[2026/4/20 上午12:58:16] 🛡️ 防護機制狀態正常：腳本層 ✅ API層 ✅
[2026/4/20 上午12:58:16] ❌ 警告：發現 12 筆儲值金被誤開發票！
[2026/4/20 上午12:58:16]    - ID:3550 新莊中平店 $90397.00 → INV/2026/04/000064
[2026/4/20 上午12:58:16]    - ID:3549 三峽大同店 $108044.00 → INV/2026/04/000063
[2026/4/20 上午12:58:16]    - ID:3548 鶯歌鳳鳴店 $54518.00 → INV/2026/04/000062
[2026/4/20 上午12:58:16]    - ID:3547 桃園八德店 $25554.00 → INV/2026/04/000067
[2026/4/20 上午12:58:16]    - ID:3546 土城中央店 $74416.00 → INV/2026/04/000066
[2026/4/20 上午12:58:16]    - ID:3545 楊梅金山店 $55264.00 → INV/2026/04/000058
[2026/4/20 上午12:58:16]    - ID:3544 台南安南店 $54992.00 → INV/2026/04/000050
[2026/4/20 上午12:58:16]    - ID:3543 桃園小檜溪店 $22331.00 → INV/2026/04/000061
[2026/4/20 上午12:58:16]    - ID:3542 桃園南崁店 $11915.00 → INV/2026/04/000060
[2026/4/20 上午12:58:16]    - ID:3541 蘆洲集賢店 $33274.00 → INV/2026/04/000057
[2026/4/20 上午12:58:16]    - ID:3540 桃園中路縣府店 $23981.00 → INV/2026/04/000059
[2026/4/20 上午12:58:16]    - ID:3539 內湖東湖店 $50141.00 → INV/2026/04/000048
[2026/4/20 上午12:58:16] 🔧 自動修正了 0 筆儲值金記錄
[2026/4/20 上午12:58:18] 📱 Telegram 警報發送失敗
[2026/4/20 上午12:58:18] 🔍 GiveMe API 監控完成
[2026/4/20 上午1:28:26] 🔍 GiveMe API 監控開始
[2026/4/20 上午1:28:26] 🛡️ 防護機制狀態正常：腳本層 ✅ API層 ✅
[2026/4/20 上午1:28:26] ❌ 警告：發現 12 筆儲值金被誤開發票！
[2026/4/20 上午1:28:26]    - ID:3550 新莊中平店 $90397.00 → INV/2026/04/000064
[2026/4/20 上午1:28:26]    - ID:3549 三峽大同店 $108044.00 → INV/2026/04/000063
[2026/4/20 上午1:28:26]    - ID:3548 鶯歌鳳鳴店 $54518.00 → INV/2026/04/000062
[2026/4/20 上午1:28:26]    - ID:3547 桃園八德店 $25554.00 → INV/2026/04/000067
[2026/4/20 上午1:28:26]    - ID:3546 土城中央店 $74416.00 → INV/2026/04/000066
[2026/4/20 上午1:28:26]    - ID:3545 楊梅金山店 $55264.00 → INV/2026/04/000058
[2026/4/20 上午1:28:26]    - ID:3544 台南安南店 $54992.00 → INV/2026/04/000050
[2026/4/20 上午1:28:26]    - ID:3543 桃園小檜溪店 $22331.00 → INV/2026/04/000061
[2026/4/20 上午1:28:26]    - ID:3542 桃園南崁店 $11915.00 → INV/2026/04/000060
[2026/4/20 上午1:28:26]    - ID:3541 蘆洲集賢店 $33274.00 → INV/2026/04/000057
[2026/4/20 上午1:28:26]    - ID:3540 桃園中路縣府店 $23981.00 → INV/2026/04/000059
[2026/4/20 上午1:28:26]    - ID:3539 內湖東湖店 $50141.00 → INV/2026/04/000048
[2026/4/20 上午1:28:26] 🔧 自動修正了 0 筆儲值金記錄
[2026/4/20 上午1:28:31] 📱 Telegram 警報發送失敗
[2026/4/20 上午1:28:31] 🔍 GiveMe API 監控完成
[2026/4/20 上午1:58:36] 🔍 GiveMe API 監控開始
[2026/4/20 上午1:58:36] 🛡️ 防護機制狀態正常：腳本層 ✅ API層 ✅
[2026/4/20 上午1:58:36] ❌ 警告：發現 12 筆儲值金被誤開發票！
[2026/4/20 上午1:58:36]    - ID:3550 新莊中平店 $90397.00 → INV/2026/04/000064
[2026/4/20 上午1:58:36]    - ID:3549 三峽大同店 $108044.00 → INV/2026/04/000063
[2026/4/20 上午1:58:36]    - ID:3548 鶯歌鳳鳴店 $54518.00 → INV/2026/04/000062
[2026/4/20 上午1:58:36]    - ID:3547 桃園八德店 $25554.00 → INV/2026/04/000067
[2026/4/20 上午1:58:36]    - ID:3546 土城中央店 $74416.00 → INV/2026/04/000066
[2026/4/20 上午1:58:36]    - ID:3545 楊梅金山店 $55264.00 → INV/2026/04/000058
[2026/4/20 上午1:58:36]    - ID:3544 台南安南店 $54992.00 → INV/2026/04/000050
[2026/4/20 上午1:58:36]    - ID:3543 桃園小檜溪店 $22331.00 → INV/2026/04/000061
[2026/4/20 上午1:58:36]    - ID:3542 桃園南崁店 $11915.00 → INV/2026/04/000060
[2026/4/20 上午1:58:36]    - ID:3541 蘆洲集賢店 $33274.00 → INV/2026/04/000057
[2026/4/20 上午1:58:36]    - ID:3540 桃園中路縣府店 $23981.00 → INV/2026/04/000059
[2026/4/20 上午1:58:36]    - ID:3539 內湖東湖店 $50141.00 → INV/2026/04/000048
[2026/4/20 上午1:58:36] 🔧 自動修正了 0 筆儲值金記錄
[2026/4/20 上午1:58:40] 📱 Telegram 警報發送失敗
[2026/4/20 上午1:58:40] 🔍 GiveMe API 監控完成
[2026/4/20 上午2:28:46] 🔍 GiveMe API 監控開始
[2026/4/20 上午2:28:46] 🛡️ 防護機制狀態正常：腳本層 ✅ API層 ✅
[2026/4/20 上午2:28:46] ❌ 警告：發現 12 筆儲值金被誤開發票！
[2026/4/20 上午2:28:46]    - ID:3550 新莊中平店 $90397.00 → INV/2026/04/000064
[2026/4/20 上午2:28:46]    - ID:3549 三峽大同店 $108044.00 → INV/2026/04/000063
[2026/4/20 上午2:28:46]    - ID:3548 鶯歌鳳鳴店 $54518.00 → INV/2026/04/000062
[2026/4/20 上午2:28:46]    - ID:3547 桃園八德店 $25554.00 → INV/2026/04/000067
[2026/4/20 上午2:28:46]    - ID:3546 土城中央店 $74416.00 → INV/2026/04/000066
[2026/4/20 上午2:28:46]    - ID:3545 楊梅金山店 $55264.00 → INV/2026/04/000058
[2026/4/20 上午2:28:46]    - ID:3544 台南安南店 $54992.00 → INV/2026/04/000050
[2026/4/20 上午2:28:46]    - ID:3543 桃園小檜溪店 $22331.00 → INV/2026/04/000061
[2026/4/20 上午2:28:46]    - ID:3542 桃園南崁店 $11915.00 → INV/2026/04/000060
[2026/4/20 上午2:28:46]    - ID:3541 蘆洲集賢店 $33274.00 → INV/2026/04/000057
[2026/4/20 上午2:28:46]    - ID:3540 桃園中路縣府店 $23981.00 → INV/2026/04/000059
[2026/4/20 上午2:28:46]    - ID:3539 內湖東湖店 $50141.00 → INV/2026/04/000048
[2026/4/20 上午2:28:46] 🔧 自動修正了 0 筆儲值金記錄
[2026/4/20 上午2:28:49] 📱 Telegram 警報發送失敗
[2026/4/20 上午2:28:49] 🔍 GiveMe API 監控完成
[2026/4/20 上午2:58:56] 🔍 GiveMe API 監控開始
[2026/4/20 上午2:58:56] 🛡️ 防護機制狀態正常：腳本層 ✅ API層 ✅
[2026/4/20 上午2:58:57] ❌ 警告：發現 12 筆儲值金被誤開發票！
[2026/4/20 上午2:58:57]    - ID:3550 新莊中平店 $90397.00 → INV/2026/04/000064
[2026/4/20 上午2:58:57]    - ID:3549 三峽大同店 $108044.00 → INV/2026/04/000063
[2026/4/20 上午2:58:57]    - ID:3548 鶯歌鳳鳴店 $54518.00 → INV/2026/04/000062
[2026/4/20 上午2:58:57]    - ID:3547 桃園八德店 $25554.00 → INV/2026/04/000067
[2026/4/20 上午2:58:57]    - ID:3546 土城中央店 $74416.00 → INV/2026/04/000066
[2026/4/20 上午2:58:57]    - ID:3545 楊梅金山店 $55264.00 → INV/2026/04/000058
[2026/4/20 上午2:58:57]    - ID:3544 台南安南店 $54992.00 → INV/2026/04/000050
[2026/4/20 上午2:58:57]    - ID:3543 桃園小檜溪店 $22331.00 → INV/2026/04/000061
[2026/4/20 上午2:58:57]    - ID:3542 桃園南崁店 $11915.00 → INV/2026/04/000060
[2026/4/20 上午2:58:57]    - ID:3541 蘆洲集賢店 $33274.00 → INV/2026/04/000057
[2026/4/20 上午2:58:57]    - ID:3540 桃園中路縣府店 $23981.00 → INV/2026/04/000059
[2026/4/20 上午2:58:57]    - ID:3539 內湖東湖店 $50141.00 → INV/2026/04/000048
[2026/4/20 上午2:58:57] 🔧 自動修正了 0 筆儲值金記錄
[2026/4/20 上午2:58:59] 📱 Telegram 警報發送失敗
[2026/4/20 上午2:58:59] 🔍 GiveMe API 監控完成
[2026/4/20 上午3:29:07] 🔍 GiveMe API 監控開始
[2026/4/20 上午3:29:07] 🛡️ 防護機制狀態正常：腳本層 ✅ API層 ✅
[2026/4/20 上午3:29:07] ❌ 警告：發現 12 筆儲值金被誤開發票！
[2026/4/20 上午3:29:07]    - ID:3550 新莊中平店 $90397.00 → INV/2026/04/000064
[2026/4/20 上午3:29:07]    - ID:3549 三峽大同店 $108044.00 → INV/2026/04/000063
[2026/4/20 上午3:29:07]    - ID:3548 鶯歌鳳鳴店 $54518.00 → INV/2026/04/000062
[2026/4/20 上午3:29:07]    - ID:3547 桃園八德店 $25554.00 → INV/2026/04/000067
[2026/4/20 上午3:29:07]    - ID:3546 土城中央店 $74416.00 → INV/2026/04/000066
[2026/4/20 上午3:29:07]    - ID:3545 楊梅金山店 $55264.00 → INV/2026/04/000058
[2026/4/20 上午3:29:07]    - ID:3544 台南安南店 $54992.00 → INV/2026/04/000050
[2026/4/20 上午3:29:07]    - ID:3543 桃園小檜溪店 $22331.00 → INV/2026/04/000061
[2026/4/20 上午3:29:07]    - ID:3542 桃園南崁店 $11915.00 → INV/2026/04/000060
[2026/4/20 上午3:29:07]    - ID:3541 蘆洲集賢店 $33274.00 → INV/2026/04/000057
[2026/4/20 上午3:29:07]    - ID:3540 桃園中路縣府店 $23981.00 → INV/2026/04/000059
[2026/4/20 上午3:29:07]    - ID:3539 內湖東湖店 $50141.00 → INV/2026/04/000048
[2026/4/20 上午3:29:07] 🔧 自動修正了 0 筆儲值金記錄
[2026/4/20 上午3:29:09] 📱 Telegram 警報發送失敗
[2026/4/20 上午3:29:09] 🔍 GiveMe API 監控完成
[2026/4/20 上午3:59:17] 🔍 GiveMe API 監控開始
[2026/4/20 上午3:59:17] 🛡️ 防護機制狀態正常：腳本層 ✅ API層 ✅
[2026/4/20 上午3:59:17] ❌ 警告：發現 12 筆儲值金被誤開發票！
[2026/4/20 上午3:59:17]    - ID:3550 新莊中平店 $90397.00 → INV/2026/04/000064
[2026/4/20 上午3:59:17]    - ID:3549 三峽大同店 $108044.00 → INV/2026/04/000063
[2026/4/20 上午3:59:17]    - ID:3548 鶯歌鳳鳴店 $54518.00 → INV/2026/04/000062
[2026/4/20 上午3:59:17]    - ID:3547 桃園八德店 $25554.00 → INV/2026/04/000067
[2026/4/20 上午3:59:17]    - ID:3546 土城中央店 $74416.00 → INV/2026/04/000066
[2026/4/20 上午3:59:17]    - ID:3545 楊梅金山店 $55264.00 → INV/2026/04/000058
[2026/4/20 上午3:59:17]    - ID:3544 台南安南店 $54992.00 → INV/2026/04/000050
[2026/4/20 上午3:59:17]    - ID:3543 桃園小檜溪店 $22331.00 → INV/2026/04/000061
[2026/4/20 上午3:59:17]    - ID:3542 桃園南崁店 $11915.00 → INV/2026/04/000060
[2026/4/20 上午3:59:17]    - ID:3541 蘆洲集賢店 $33274.00 → INV/2026/04/000057
[2026/4/20 上午3:59:17]    - ID:3540 桃園中路縣府店 $23981.00 → INV/2026/04/000059
[2026/4/20 上午3:59:17]    - ID:3539 內湖東湖店 $50141.00 → INV/2026/04/000048
[2026/4/20 上午3:59:17] 🔧 自動修正了 0 筆儲值金記錄
[2026/4/20 上午3:59:19] 📱 Telegram 警報發送失敗
[2026/4/20 上午3:59:19] 🔍 GiveMe API 監控完成
[2026/4/20 上午4:29:27] 🔍 GiveMe API 監控開始
[2026/4/20 上午4:29:27] 🛡️ 防護機制狀態正常：腳本層 ✅ API層 ✅
[2026/4/20 上午4:29:27] ❌ 警告：發現 12 筆儲值金被誤開發票！
[2026/4/20 上午4:29:27]    - ID:3550 新莊中平店 $90397.00 → INV/2026/04/000064
[2026/4/20 上午4:29:27]    - ID:3549 三峽大同店 $108044.00 → INV/2026/04/000063
[2026/4/20 上午4:29:27]    - ID:3548 鶯歌鳳鳴店 $54518.00 → INV/2026/04/000062
[2026/4/20 上午4:29:27]    - ID:3547 桃園八德店 $25554.00 → INV/2026/04/000067
[2026/4/20 上午4:29:27]    - ID:3546 土城中央店 $74416.00 → INV/2026/04/000066
[2026/4/20 上午4:29:27]    - ID:3545 楊梅金山店 $55264.00 → INV/2026/04/000058
[2026/4/20 上午4:29:27]    - ID:3544 台南安南店 $54992.00 → INV/2026/04/000050
[2026/4/20 上午4:29:27]    - ID:3543 桃園小檜溪店 $22331.00 → INV/2026/04/000061
[2026/4/20 上午4:29:27]    - ID:3542 桃園南崁店 $11915.00 → INV/2026/04/000060
[2026/4/20 上午4:29:27]    - ID:3541 蘆洲集賢店 $33274.00 → INV/2026/04/000057
[2026/4/20 上午4:29:27]    - ID:3540 桃園中路縣府店 $23981.00 → INV/2026/04/000059
[2026/4/20 上午4:29:27]    - ID:3539 內湖東湖店 $50141.00 → INV/2026/04/000048
[2026/4/20 上午4:29:27] 🔧 自動修正了 0 筆儲值金記錄
[2026/4/20 上午4:29:30] 📱 Telegram 警報發送失敗
[2026/4/20 上午4:29:30] 🔍 GiveMe API 監控完成
[2026/4/20 上午4:59:37] 🔍 GiveMe API 監控開始
[2026/4/20 上午4:59:37] 🛡️ 防護機制狀態正常：腳本層 ✅ API層 ✅
[2026/4/20 上午4:59:37] ❌ 警告：發現 12 筆儲值金被誤開發票！
[2026/4/20 上午4:59:37]    - ID:3550 新莊中平店 $90397.00 → INV/2026/04/000064
[2026/4/20 上午4:59:37]    - ID:3549 三峽大同店 $108044.00 → INV/2026/04/000063
[2026/4/20 上午4:59:37]    - ID:3548 鶯歌鳳鳴店 $54518.00 → INV/2026/04/000062
[2026/4/20 上午4:59:37]    - ID:3547 桃園八德店 $25554.00 → INV/2026/04/000067
[2026/4/20 上午4:59:37]    - ID:3546 土城中央店 $74416.00 → INV/2026/04/000066
[2026/4/20 上午4:59:37]    - ID:3545 楊梅金山店 $55264.00 → INV/2026/04/000058
[2026/4/20 上午4:59:37]    - ID:3544 台南安南店 $54992.00 → INV/2026/04/000050
[2026/4/20 上午4:59:37]    - ID:3543 桃園小檜溪店 $22331.00 → INV/2026/04/000061
[2026/4/20 上午4:59:37]    - ID:3542 桃園南崁店 $11915.00 → INV/2026/04/000060
[2026/4/20 上午4:59:37]    - ID:3541 蘆洲集賢店 $33274.00 → INV/2026/04/000057
[2026/4/20 上午4:59:37]    - ID:3540 桃園中路縣府店 $23981.00 → INV/2026/04/000059
[2026/4/20 上午4:59:37]    - ID:3539 內湖東湖店 $50141.00 → INV/2026/04/000048
[2026/4/20 上午4:59:37] 🔧 自動修正了 0 筆儲值金記錄
[2026/4/20 上午4:59:40] 📱 Telegram 警報發送失敗
[2026/4/20 上午4:59:40] 🔍 GiveMe API 監控完成
[2026/4/20 上午5:29:47] 🔍 GiveMe API 監控開始
[2026/4/20 上午5:29:47] 🛡️ 防護機制狀態正常：腳本層 ✅ API層 ✅
[2026/4/20 上午5:29:47] ❌ 警告：發現 12 筆儲值金被誤開發票！
[2026/4/20 上午5:29:47]    - ID:3550 新莊中平店 $90397.00 → INV/2026/04/000064
[2026/4/20 上午5:29:47]    - ID:3549 三峽大同店 $108044.00 → INV/2026/04/000063
[2026/4/20 上午5:29:47]    - ID:3548 鶯歌鳳鳴店 $54518.00 → INV/2026/04/000062
[2026/4/20 上午5:29:47]    - ID:3547 桃園八德店 $25554.00 → INV/2026/04/000067
[2026/4/20 上午5:29:47]    - ID:3546 土城中央店 $74416.00 → INV/2026/04/000066
[2026/4/20 上午5:29:47]    - ID:3545 楊梅金山店 $55264.00 → INV/2026/04/000058
[2026/4/20 上午5:29:47]    - ID:3544 台南安南店 $54992.00 → INV/2026/04/000050
[2026/4/20 上午5:29:47]    - ID:3543 桃園小檜溪店 $22331.00 → INV/2026/04/000061
[2026/4/20 上午5:29:47]    - ID:3542 桃園南崁店 $11915.00 → INV/2026/04/000060
[2026/4/20 上午5:29:47]    - ID:3541 蘆洲集賢店 $33274.00 → INV/2026/04/000057
[2026/4/20 上午5:29:47]    - ID:3540 桃園中路縣府店 $23981.00 → INV/2026/04/000059
[2026/4/20 上午5:29:47]    - ID:3539 內湖東湖店 $50141.00 → INV/2026/04/000048
[2026/4/20 上午5:29:47] 🔧 自動修正了 0 筆儲值金記錄
[2026/4/20 上午5:29:47] 📱 Telegram 警報發送錯誤: request to https://api.telegram.org/bot7782033529:AAHaaMZ9HF1Ec9m-DyXAHZp0lz3HXWCvJAE/sendMessage failed, reason: getaddrinfo ENOTFOUND api.telegram.org
[2026/4/20 上午5:29:47] 🔍 GiveMe API 監控完成
[2026/4/20 上午5:59:58] 🔍 GiveMe API 監控開始
[2026/4/20 上午5:59:58] 🛡️ 防護機制狀態正常：腳本層 ✅ API層 ✅
[2026/4/20 上午5:59:58] ❌ 警告：發現 12 筆儲值金被誤開發票！
[2026/4/20 上午5:59:58]    - ID:3550 新莊中平店 $90397.00 → INV/2026/04/000064
[2026/4/20 上午5:59:58]    - ID:3549 三峽大同店 $108044.00 → INV/2026/04/000063
[2026/4/20 上午5:59:58]    - ID:3548 鶯歌鳳鳴店 $54518.00 → INV/2026/04/000062
[2026/4/20 上午5:59:58]    - ID:3547 桃園八德店 $25554.00 → INV/2026/04/000067
[2026/4/20 上午5:59:58]    - ID:3546 土城中央店 $74416.00 → INV/2026/04/000066
[2026/4/20 上午5:59:58]    - ID:3545 楊梅金山店 $55264.00 → INV/2026/04/000058
[2026/4/20 上午5:59:58]    - ID:3544 台南安南店 $54992.00 → INV/2026/04/000050
[2026/4/20 上午5:59:58]    - ID:3543 桃園小檜溪店 $22331.00 → INV/2026/04/000061
[2026/4/20 上午5:59:58]    - ID:3542 桃園南崁店 $11915.00 → INV/2026/04/000060
[2026/4/20 上午5:59:58]    - ID:3541 蘆洲集賢店 $33274.00 → INV/2026/04/000057
[2026/4/20 上午5:59:58]    - ID:3540 桃園中路縣府店 $23981.00 → INV/2026/04/000059
[2026/4/20 上午5:59:58]    - ID:3539 內湖東湖店 $50141.00 → INV/2026/04/000048
[2026/4/20 上午5:59:58] 🔧 自動修正了 0 筆儲值金記錄
[2026/4/20 上午6:00:00] 📱 Telegram 警報發送失敗
[2026/4/20 上午6:00:00] 🔍 GiveMe API 監控完成
[2026/4/20 上午6:30:08] 🔍 GiveMe API 監控開始
[2026/4/20 上午6:30:08] 🛡️ 防護機制狀態正常：腳本層 ✅ API層 ✅
[2026/4/20 上午6:30:08] ❌ 警告：發現 12 筆儲值金被誤開發票！
[2026/4/20 上午6:30:08]    - ID:3550 新莊中平店 $90397.00 → INV/2026/04/000064
[2026/4/20 上午6:30:08]    - ID:3549 三峽大同店 $108044.00 → INV/2026/04/000063
[2026/4/20 上午6:30:08]    - ID:3548 鶯歌鳳鳴店 $54518.00 → INV/2026/04/000062
[2026/4/20 上午6:30:08]    - ID:3547 桃園八德店 $25554.00 → INV/2026/04/000067
[2026/4/20 上午6:30:08]    - ID:3546 土城中央店 $74416.00 → INV/2026/04/000066
[2026/4/20 上午6:30:08]    - ID:3545 楊梅金山店 $55264.00 → INV/2026/04/000058
[2026/4/20 上午6:30:08]    - ID:3544 台南安南店 $54992.00 → INV/2026/04/000050
[2026/4/20 上午6:30:08]    - ID:3543 桃園小檜溪店 $22331.00 → INV/2026/04/000061
[2026/4/20 上午6:30:08]    - ID:3542 桃園南崁店 $11915.00 → INV/2026/04/000060
[2026/4/20 上午6:30:08]    - ID:3541 蘆洲集賢店 $33274.00 → INV/2026/04/000057
[2026/4/20 上午6:30:08]    - ID:3540 桃園中路縣府店 $23981.00 → INV/2026/04/000059
[2026/4/20 上午6:30:08]    - ID:3539 內湖東湖店 $50141.00 → INV/2026/04/000048
[2026/4/20 上午6:30:08] 🔧 自動修正了 0 筆儲值金記錄
[2026/4/20 上午6:30:10] 📱 Telegram 警報發送失敗
[2026/4/20 上午6:30:10] 🔍 GiveMe API 監控完成
[2026/4/20 上午7:00:18] 🔍 GiveMe API 監控開始
[2026/4/20 上午7:00:18] 🛡️ 防護機制狀態正常：腳本層 ✅ API層 ✅
[2026/4/20 上午7:00:18] ❌ 警告：發現 12 筆儲值金被誤開發票！
[2026/4/20 上午7:00:18]    - ID:3550 新莊中平店 $90397.00 → INV/2026/04/000064
[2026/4/20 上午7:00:18]    - ID:3549 三峽大同店 $108044.00 → INV/2026/04/000063
[2026/4/20 上午7:00:18]    - ID:3548 鶯歌鳳鳴店 $54518.00 → INV/2026/04/000062
[2026/4/20 上午7:00:18]    - ID:3547 桃園八德店 $25554.00 → INV/2026/04/000067
[2026/4/20 上午7:00:18]    - ID:3546 土城中央店 $74416.00 → INV/2026/04/000066
[2026/4/20 上午7:00:18]    - ID:3545 楊梅金山店 $55264.00 → INV/2026/04/000058
[2026/4/20 上午7:00:18]    - ID:3544 台南安南店 $54992.00 → INV/2026/04/000050
[2026/4/20 上午7:00:18]    - ID:3543 桃園小檜溪店 $22331.00 → INV/2026/04/000061
[2026/4/20 上午7:00:18]    - ID:3542 桃園南崁店 $11915.00 → INV/2026/04/000060
[2026/4/20 上午7:00:18]    - ID:3541 蘆洲集賢店 $33274.00 → INV/2026/04/000057
[2026/4/20 上午7:00:18]    - ID:3540 桃園中路縣府店 $23981.00 → INV/2026/04/000059
[2026/4/20 上午7:00:18]    - ID:3539 內湖東湖店 $50141.00 → INV/2026/04/000048
[2026/4/20 上午7:00:18] 🔧 自動修正了 0 筆儲值金記錄
[2026/4/20 上午7:00:20] 📱 Telegram 警報發送失敗
[2026/4/20 上午7:00:20] 🔍 GiveMe API 監控完成
[2026/4/20 上午7:30:28] 🔍 GiveMe API 監控開始
[2026/4/20 上午7:30:28] 🛡️ 防護機制狀態正常：腳本層 ✅ API層 ✅
[2026/4/20 上午7:30:28] ❌ 警告：發現 12 筆儲值金被誤開發票！
[2026/4/20 上午7:30:28]    - ID:3550 新莊中平店 $90397.00 → INV/2026/04/000064
[2026/4/20 上午7:30:28]    - ID:3549 三峽大同店 $108044.00 → INV/2026/04/000063
[2026/4/20 上午7:30:28]    - ID:3548 鶯歌鳳鳴店 $54518.00 → INV/2026/04/000062
[2026/4/20 上午7:30:28]    - ID:3547 桃園八德店 $25554.00 → INV/2026/04/000067
[2026/4/20 上午7:30:28]    - ID:3546 土城中央店 $74416.00 → INV/2026/04/000066
[2026/4/20 上午7:30:28]    - ID:3545 楊梅金山店 $55264.00 → INV/2026/04/000058
[2026/4/20 上午7:30:28]    - ID:3544 台南安南店 $54992.00 → INV/2026/04/000050
[2026/4/20 上午7:30:28]    - ID:3543 桃園小檜溪店 $22331.00 → INV/2026/04/000061
[2026/4/20 上午7:30:28]    - ID:3542 桃園南崁店 $11915.00 → INV/2026/04/000060
[2026/4/20 上午7:30:28]    - ID:3541 蘆洲集賢店 $33274.00 → INV/2026/04/000057
[2026/4/20 上午7:30:28]    - ID:3540 桃園中路縣府店 $23981.00 → INV/2026/04/000059
[2026/4/20 上午7:30:28]    - ID:3539 內湖東湖店 $50141.00 → INV/2026/04/000048
[2026/4/20 上午7:30:28] 🔧 自動修正了 0 筆儲值金記錄
[2026/4/20 上午7:30:31] 📱 Telegram 警報發送失敗
[2026/4/20 上午7:30:31] 🔍 GiveMe API 監控完成
[2026/4/20 上午8:00:38] 🔍 GiveMe API 監控開始
[2026/4/20 上午8:00:38] 🛡️ 防護機制狀態正常：腳本層 ✅ API層 ✅
[2026/4/20 上午8:00:38] ❌ 警告：發現 12 筆儲值金被誤開發票！
[2026/4/20 上午8:00:38]    - ID:3550 新莊中平店 $90397.00 → INV/2026/04/000064
[2026/4/20 上午8:00:38]    - ID:3549 三峽大同店 $108044.00 → INV/2026/04/000063
[2026/4/20 上午8:00:38]    - ID:3548 鶯歌鳳鳴店 $54518.00 → INV/2026/04/000062
[2026/4/20 上午8:00:38]    - ID:3547 桃園八德店 $25554.00 → INV/2026/04/000067
[2026/4/20 上午8:00:38]    - ID:3546 土城中央店 $74416.00 → INV/2026/04/000066
[2026/4/20 上午8:00:38]    - ID:3545 楊梅金山店 $55264.00 → INV/2026/04/000058
[2026/4/20 上午8:00:38]    - ID:3544 台南安南店 $54992.00 → INV/2026/04/000050
[2026/4/20 上午8:00:38]    - ID:3543 桃園小檜溪店 $22331.00 → INV/2026/04/000061
[2026/4/20 上午8:00:38]    - ID:3542 桃園南崁店 $11915.00 → INV/2026/04/000060
[2026/4/20 上午8:00:38]    - ID:3541 蘆洲集賢店 $33274.00 → INV/2026/04/000057
[2026/4/20 上午8:00:38]    - ID:3540 桃園中路縣府店 $23981.00 → INV/2026/04/000059
[2026/4/20 上午8:00:38]    - ID:3539 內湖東湖店 $50141.00 → INV/2026/04/000048
[2026/4/20 上午8:00:38] 🔧 自動修正了 0 筆儲值金記錄
[2026/4/20 上午8:00:41] 📱 Telegram 警報發送失敗
[2026/4/20 上午8:00:41] 🔍 GiveMe API 監控完成
[2026/4/20 上午8:30:49] 🔍 GiveMe API 監控開始
[2026/4/20 上午8:30:49] 🛡️ 防護機制狀態正常：腳本層 ✅ API層 ✅
[2026/4/20 上午8:30:49] ❌ 警告：發現 12 筆儲值金被誤開發票！
[2026/4/20 上午8:30:49]    - ID:3550 新莊中平店 $90397.00 → INV/2026/04/000064
[2026/4/20 上午8:30:49]    - ID:3549 三峽大同店 $108044.00 → INV/2026/04/000063
[2026/4/20 上午8:30:49]    - ID:3548 鶯歌鳳鳴店 $54518.00 → INV/2026/04/000062
[2026/4/20 上午8:30:49]    - ID:3547 桃園八德店 $25554.00 → INV/2026/04/000067
[2026/4/20 上午8:30:49]    - ID:3546 土城中央店 $74416.00 → INV/2026/04/000066
[2026/4/20 上午8:30:49]    - ID:3545 楊梅金山店 $55264.00 → INV/2026/04/000058
[2026/4/20 上午8:30:49]    - ID:3544 台南安南店 $54992.00 → INV/2026/04/000050
[2026/4/20 上午8:30:49]    - ID:3543 桃園小檜溪店 $22331.00 → INV/2026/04/000061
[2026/4/20 上午8:30:49]    - ID:3542 桃園南崁店 $11915.00 → INV/2026/04/000060
[2026/4/20 上午8:30:49]    - ID:3541 蘆洲集賢店 $33274.00 → INV/2026/04/000057
[2026/4/20 上午8:30:49]    - ID:3540 桃園中路縣府店 $23981.00 → INV/2026/04/000059
[2026/4/20 上午8:30:49]    - ID:3539 內湖東湖店 $50141.00 → INV/2026/04/000048
[2026/4/20 上午8:30:49] 🔧 自動修正了 0 筆儲值金記錄
[2026/4/20 上午8:30:52] 📱 Telegram 警報發送失敗
[2026/4/20 上午8:30:52] 🔍 GiveMe API 監控完成
[2026/4/20 上午9:00:59] 🔍 GiveMe API 監控開始
[2026/4/20 上午9:00:59] 🛡️ 防護機制狀態正常：腳本層 ✅ API層 ✅
[2026/4/20 上午9:00:59] ❌ 警告：發現 12 筆儲值金被誤開發票！
[2026/4/20 上午9:00:59]    - ID:3550 新莊中平店 $90397.00 → INV/2026/04/000064
[2026/4/20 上午9:00:59]    - ID:3549 三峽大同店 $108044.00 → INV/2026/04/000063
[2026/4/20 上午9:00:59]    - ID:3548 鶯歌鳳鳴店 $54518.00 → INV/2026/04/000062
[2026/4/20 上午9:00:59]    - ID:3547 桃園八德店 $25554.00 → INV/2026/04/000067
[2026/4/20 上午9:00:59]    - ID:3546 土城中央店 $74416.00 → INV/2026/04/000066
[2026/4/20 上午9:00:59]    - ID:3545 楊梅金山店 $55264.00 → INV/2026/04/000058
[2026/4/20 上午9:00:59]    - ID:3544 台南安南店 $54992.00 → INV/2026/04/000050
[2026/4/20 上午9:00:59]    - ID:3543 桃園小檜溪店 $22331.00 → INV/2026/04/000061
[2026/4/20 上午9:00:59]    - ID:3542 桃園南崁店 $11915.00 → INV/2026/04/000060
[2026/4/20 上午9:00:59]    - ID:3541 蘆洲集賢店 $33274.00 → INV/2026/04/000057
[2026/4/20 上午9:00:59]    - ID:3540 桃園中路縣府店 $23981.00 → INV/2026/04/000059
[2026/4/20 上午9:00:59]    - ID:3539 內湖東湖店 $50141.00 → INV/2026/04/000048
[2026/4/20 上午9:00:59] 🔧 自動修正了 0 筆儲值金記錄
[2026/4/20 上午9:01:03] 📱 Telegram 警報發送失敗
[2026/4/20 上午9:01:03] 🔍 GiveMe API 監控完成
[2026/4/20 上午9:31:09] 🔍 GiveMe API 監控開始
[2026/4/20 上午9:31:09] 🛡️ 防護機制狀態正常：腳本層 ✅ API層 ✅
[2026/4/20 上午9:31:09] ❌ 警告：發現 12 筆儲值金被誤開發票！
[2026/4/20 上午9:31:09]    - ID:3550 新莊中平店 $90397.00 → INV/2026/04/000064
[2026/4/20 上午9:31:09]    - ID:3549 三峽大同店 $108044.00 → INV/2026/04/000063
[2026/4/20 上午9:31:09]    - ID:3548 鶯歌鳳鳴店 $54518.00 → INV/2026/04/000062
[2026/4/20 上午9:31:09]    - ID:3547 桃園八德店 $25554.00 → INV/2026/04/000067
[2026/4/20 上午9:31:09]    - ID:3546 土城中央店 $74416.00 → INV/2026/04/000066
[2026/4/20 上午9:31:09]    - ID:3545 楊梅金山店 $55264.00 → INV/2026/04/000058
[2026/4/20 上午9:31:09]    - ID:3544 台南安南店 $54992.00 → INV/2026/04/000050
[2026/4/20 上午9:31:09]    - ID:3543 桃園小檜溪店 $22331.00 → INV/2026/04/000061
[2026/4/20 上午9:31:09]    - ID:3542 桃園南崁店 $11915.00 → INV/2026/04/000060
[2026/4/20 上午9:31:09]    - ID:3541 蘆洲集賢店 $33274.00 → INV/2026/04/000057
[2026/4/20 上午9:31:09]    - ID:3540 桃園中路縣府店 $23981.00 → INV/2026/04/000059
[2026/4/20 上午9:31:09]    - ID:3539 內湖東湖店 $50141.00 → INV/2026/04/000048
[2026/4/20 上午9:31:09] 🔧 自動修正了 0 筆儲值金記錄
[2026/4/20 上午9:31:13] 📱 Telegram 警報發送失敗
[2026/4/20 上午9:31:13] 🔍 GiveMe API 監控完成
[2026/4/20 上午10:01:19] 🔍 GiveMe API 監控開始
[2026/4/20 上午10:01:19] 🛡️ 防護機制狀態正常：腳本層 ✅ API層 ✅
[2026/4/20 上午10:01:19] ❌ 警告：發現 12 筆儲值金被誤開發票！
[2026/4/20 上午10:01:19]    - ID:3550 新莊中平店 $90397.00 → INV/2026/04/000064
[2026/4/20 上午10:01:19]    - ID:3549 三峽大同店 $108044.00 → INV/2026/04/000063
[2026/4/20 上午10:01:19]    - ID:3548 鶯歌鳳鳴店 $54518.00 → INV/2026/04/000062
[2026/4/20 上午10:01:19]    - ID:3547 桃園八德店 $25554.00 → INV/2026/04/000067
[2026/4/20 上午10:01:19]    - ID:3546 土城中央店 $74416.00 → INV/2026/04/000066
[2026/4/20 上午10:01:19]    - ID:3545 楊梅金山店 $55264.00 → INV/2026/04/000058
[2026/4/20 上午10:01:19]    - ID:3544 台南安南店 $54992.00 → INV/2026/04/000050
[2026/4/20 上午10:01:19]    - ID:3543 桃園小檜溪店 $22331.00 → INV/2026/04/000061
[2026/4/20 上午10:01:19]    - ID:3542 桃園南崁店 $11915.00 → INV/2026/04/000060
[2026/4/20 上午10:01:19]    - ID:3541 蘆洲集賢店 $33274.00 → INV/2026/04/000057
[2026/4/20 上午10:01:19]    - ID:3540 桃園中路縣府店 $23981.00 → INV/2026/04/000059
[2026/4/20 上午10:01:19]    - ID:3539 內湖東湖店 $50141.00 → INV/2026/04/000048
[2026/4/20 上午10:01:19] 🔧 自動修正了 0 筆儲值金記錄
[2026/4/20 上午10:01:22] 📱 Telegram 警報發送失敗
[2026/4/20 上午10:01:22] 🔍 GiveMe API 監控完成
[2026/4/20 上午10:31:29] 🔍 GiveMe API 監控開始
[2026/4/20 上午10:31:29] 🛡️ 防護機制狀態正常：腳本層 ✅ API層 ✅
[2026/4/20 上午10:31:29] ❌ 警告：發現 12 筆儲值金被誤開發票！
[2026/4/20 上午10:31:29]    - ID:3550 新莊中平店 $90397.00 → INV/2026/04/000064
[2026/4/20 上午10:31:29]    - ID:3549 三峽大同店 $108044.00 → INV/2026/04/000063
[2026/4/20 上午10:31:29]    - ID:3548 鶯歌鳳鳴店 $54518.00 → INV/2026/04/000062
[2026/4/20 上午10:31:29]    - ID:3547 桃園八德店 $25554.00 → INV/2026/04/000067
[2026/4/20 上午10:31:29]    - ID:3546 土城中央店 $74416.00 → INV/2026/04/000066
[2026/4/20 上午10:31:29]    - ID:3545 楊梅金山店 $55264.00 → INV/2026/04/000058
[2026/4/20 上午10:31:29]    - ID:3544 台南安南店 $54992.00 → INV/2026/04/000050
[2026/4/20 上午10:31:29]    - ID:3543 桃園小檜溪店 $22331.00 → INV/2026/04/000061
[2026/4/20 上午10:31:29]    - ID:3542 桃園南崁店 $11915.00 → INV/2026/04/000060
[2026/4/20 上午10:31:29]    - ID:3541 蘆洲集賢店 $33274.00 → INV/2026/04/000057
[2026/4/20 上午10:31:29]    - ID:3540 桃園中路縣府店 $23981.00 → INV/2026/04/000059
[2026/4/20 上午10:31:29]    - ID:3539 內湖東湖店 $50141.00 → INV/2026/04/000048
[2026/4/20 上午10:31:29] 🔧 自動修正了 0 筆儲值金記錄
[2026/4/20 上午10:31:33] 📱 Telegram 警報發送失敗
[2026/4/20 上午10:31:33] 🔍 GiveMe API 監控完成
[2026/4/20 上午11:01:39] 🔍 GiveMe API 監控開始
[2026/4/20 上午11:01:39] 🛡️ 防護機制狀態正常：腳本層 ✅ API層 ✅
[2026/4/20 上午11:01:39] ❌ 警告：發現 12 筆儲值金被誤開發票！
[2026/4/20 上午11:01:39]    - ID:3550 新莊中平店 $90397.00 → INV/2026/04/000064
[2026/4/20 上午11:01:39]    - ID:3549 三峽大同店 $108044.00 → INV/2026/04/000063
[2026/4/20 上午11:01:39]    - ID:3548 鶯歌鳳鳴店 $54518.00 → INV/2026/04/000062
[2026/4/20 上午11:01:39]    - ID:3547 桃園八德店 $25554.00 → INV/2026/04/000067
[2026/4/20 上午11:01:39]    - ID:3546 土城中央店 $74416.00 → INV/2026/04/000066
[2026/4/20 上午11:01:39]    - ID:3545 楊梅金山店 $55264.00 → INV/2026/04/000058
[2026/4/20 上午11:01:39]    - ID:3544 台南安南店 $54992.00 → INV/2026/04/000050
[2026/4/20 上午11:01:39]    - ID:3543 桃園小檜溪店 $22331.00 → INV/2026/04/000061
[2026/4/20 上午11:01:39]    - ID:3542 桃園南崁店 $11915.00 → INV/2026/04/000060
[2026/4/20 上午11:01:39]    - ID:3541 蘆洲集賢店 $33274.00 → INV/2026/04/000057
[2026/4/20 上午11:01:39]    - ID:3540 桃園中路縣府店 $23981.00 → INV/2026/04/000059
[2026/4/20 上午11:01:39]    - ID:3539 內湖東湖店 $50141.00 → INV/2026/04/000048
[2026/4/20 上午11:01:39] 🔧 自動修正了 0 筆儲值金記錄
[2026/4/20 上午11:01:44] 📱 Telegram 警報發送失敗
[2026/4/20 上午11:01:44] 🔍 GiveMe API 監控完成
[2026/4/20 上午11:31:50] 🔍 GiveMe API 監控開始
[2026/4/20 上午11:31:50] 🛡️ 防護機制狀態正常：腳本層 ✅ API層 ✅
[2026/4/20 上午11:31:50] ❌ 警告：發現 12 筆儲值金被誤開發票！
[2026/4/20 上午11:31:50]    - ID:3550 新莊中平店 $90397.00 → INV/2026/04/000064
[2026/4/20 上午11:31:50]    - ID:3549 三峽大同店 $108044.00 → INV/2026/04/000063
[2026/4/20 上午11:31:50]    - ID:3548 鶯歌鳳鳴店 $54518.00 → INV/2026/04/000062
[2026/4/20 上午11:31:50]    - ID:3547 桃園八德店 $25554.00 → INV/2026/04/000067
[2026/4/20 上午11:31:50]    - ID:3546 土城中央店 $74416.00 → INV/2026/04/000066
[2026/4/20 上午11:31:50]    - ID:3545 楊梅金山店 $55264.00 → INV/2026/04/000058
[2026/4/20 上午11:31:50]    - ID:3544 台南安南店 $54992.00 → INV/2026/04/000050
[2026/4/20 上午11:31:50]    - ID:3543 桃園小檜溪店 $22331.00 → INV/2026/04/000061
[2026/4/20 上午11:31:50]    - ID:3542 桃園南崁店 $11915.00 → INV/2026/04/000060
[2026/4/20 上午11:31:50]    - ID:3541 蘆洲集賢店 $33274.00 → INV/2026/04/000057
[2026/4/20 上午11:31:50]    - ID:3540 桃園中路縣府店 $23981.00 → INV/2026/04/000059
[2026/4/20 上午11:31:50]    - ID:3539 內湖東湖店 $50141.00 → INV/2026/04/000048
[2026/4/20 上午11:31:50] 🔧 自動修正了 0 筆儲值金記錄
[2026/4/20 上午11:31:52] 📱 Telegram 警報發送失敗
[2026/4/20 上午11:31:52] 🔍 GiveMe API 監控完成
[2026/4/20 下午12:02:00] 🔍 GiveMe API 監控開始
[2026/4/20 下午12:02:00] 🛡️ 防護機制狀態正常：腳本層 ✅ API層 ✅
[2026/4/20 下午12:02:00] ❌ 警告：發現 12 筆儲值金被誤開發票！
[2026/4/20 下午12:02:00]    - ID:3550 新莊中平店 $90397.00 → INV/2026/04/000064
[2026/4/20 下午12:02:00]    - ID:3549 三峽大同店 $108044.00 → INV/2026/04/000063
[2026/4/20 下午12:02:00]    - ID:3548 鶯歌鳳鳴店 $54518.00 → INV/2026/04/000062
[2026/4/20 下午12:02:00]    - ID:3547 桃園八德店 $25554.00 → INV/2026/04/000067
[2026/4/20 下午12:02:00]    - ID:3546 土城中央店 $74416.00 → INV/2026/04/000066
[2026/4/20 下午12:02:00]    - ID:3545 楊梅金山店 $55264.00 → INV/2026/04/000058
[2026/4/20 下午12:02:00]    - ID:3544 台南安南店 $54992.00 → INV/2026/04/000050
[2026/4/20 下午12:02:00]    - ID:3543 桃園小檜溪店 $22331.00 → INV/2026/04/000061
[2026/4/20 下午12:02:00]    - ID:3542 桃園南崁店 $11915.00 → INV/2026/04/000060
[2026/4/20 下午12:02:00]    - ID:3541 蘆洲集賢店 $33274.00 → INV/2026/04/000057
[2026/4/20 下午12:02:00]    - ID:3540 桃園中路縣府店 $23981.00 → INV/2026/04/000059
[2026/4/20 下午12:02:00]    - ID:3539 內湖東湖店 $50141.00 → INV/2026/04/000048
[2026/4/20 下午12:02:00] 🔧 自動修正了 0 筆儲值金記錄
[2026/4/20 下午12:02:02] 📱 Telegram 警報發送失敗
[2026/4/20 下午12:02:02] 🔍 GiveMe API 監控完成
[2026/4/20 下午12:32:10] 🔍 GiveMe API 監控開始
[2026/4/20 下午12:32:10] 🛡️ 防護機制狀態正常：腳本層 ✅ API層 ✅
[2026/4/20 下午12:32:10] ❌ 警告：發現 12 筆儲值金被誤開發票！
[2026/4/20 下午12:32:10]    - ID:3550 新莊中平店 $90397.00 → INV/2026/04/000064
[2026/4/20 下午12:32:10]    - ID:3549 三峽大同店 $108044.00 → INV/2026/04/000063
[2026/4/20 下午12:32:10]    - ID:3548 鶯歌鳳鳴店 $54518.00 → INV/2026/04/000062
[2026/4/20 下午12:32:10]    - ID:3547 桃園八德店 $25554.00 → INV/2026/04/000067
[2026/4/20 下午12:32:10]    - ID:3546 土城中央店 $74416.00 → INV/2026/04/000066
[2026/4/20 下午12:32:10]    - ID:3545 楊梅金山店 $55264.00 → INV/2026/04/000058
[2026/4/20 下午12:32:10]    - ID:3544 台南安南店 $54992.00 → INV/2026/04/000050
[2026/4/20 下午12:32:10]    - ID:3543 桃園小檜溪店 $22331.00 → INV/2026/04/000061
[2026/4/20 下午12:32:10]    - ID:3542 桃園南崁店 $11915.00 → INV/2026/04/000060
[2026/4/20 下午12:32:10]    - ID:3541 蘆洲集賢店 $33274.00 → INV/2026/04/000057
[2026/4/20 下午12:32:10]    - ID:3540 桃園中路縣府店 $23981.00 → INV/2026/04/000059
[2026/4/20 下午12:32:10]    - ID:3539 內湖東湖店 $50141.00 → INV/2026/04/000048
[2026/4/20 下午12:32:10] 🔧 自動修正了 0 筆儲值金記錄
[2026/4/20 下午12:32:13] 📱 Telegram 警報發送失敗
[2026/4/20 下午12:32:13] 🔍 GiveMe API 監控完成
[2026/4/20 下午1:02:20] 🔍 GiveMe API 監控開始
[2026/4/20 下午1:02:20] 🛡️ 防護機制狀態正常：腳本層 ✅ API層 ✅
[2026/4/20 下午1:02:20] ❌ 警告：發現 12 筆儲值金被誤開發票！
[2026/4/20 下午1:02:20]    - ID:3550 新莊中平店 $90397.00 → INV/2026/04/000064
[2026/4/20 下午1:02:20]    - ID:3549 三峽大同店 $108044.00 → INV/2026/04/000063
[2026/4/20 下午1:02:20]    - ID:3548 鶯歌鳳鳴店 $54518.00 → INV/2026/04/000062
[2026/4/20 下午1:02:20]    - ID:3547 桃園八德店 $25554.00 → INV/2026/04/000067
[2026/4/20 下午1:02:20]    - ID:3546 土城中央店 $74416.00 → INV/2026/04/000066
[2026/4/20 下午1:02:20]    - ID:3545 楊梅金山店 $55264.00 → INV/2026/04/000058
[2026/4/20 下午1:02:20]    - ID:3544 台南安南店 $54992.00 → INV/2026/04/000050
[2026/4/20 下午1:02:20]    - ID:3543 桃園小檜溪店 $22331.00 → INV/2026/04/000061
[2026/4/20 下午1:02:20]    - ID:3542 桃園南崁店 $11915.00 → INV/2026/04/000060
[2026/4/20 下午1:02:20]    - ID:3541 蘆洲集賢店 $33274.00 → INV/2026/04/000057
[2026/4/20 下午1:02:20]    - ID:3540 桃園中路縣府店 $23981.00 → INV/2026/04/000059
[2026/4/20 下午1:02:20]    - ID:3539 內湖東湖店 $50141.00 → INV/2026/04/000048
[2026/4/20 下午1:02:20] 🔧 自動修正了 0 筆儲值金記錄
[2026/4/20 下午1:02:23] 📱 Telegram 警報發送失敗
[2026/4/20 下午1:02:23] 🔍 GiveMe API 監控完成
[2026/4/20 下午1:32:30] 🔍 GiveMe API 監控開始
[2026/4/20 下午1:32:30] 🛡️ 防護機制狀態正常：腳本層 ✅ API層 ✅
[2026/4/20 下午1:32:30] ❌ 警告：發現 12 筆儲值金被誤開發票！
[2026/4/20 下午1:32:30]    - ID:3550 新莊中平店 $90397.00 → INV/2026/04/000064
[2026/4/20 下午1:32:30]    - ID:3549 三峽大同店 $108044.00 → INV/2026/04/000063
[2026/4/20 下午1:32:30]    - ID:3548 鶯歌鳳鳴店 $54518.00 → INV/2026/04/000062
[2026/4/20 下午1:32:30]    - ID:3547 桃園八德店 $25554.00 → INV/2026/04/000067
[2026/4/20 下午1:32:30]    - ID:3546 土城中央店 $74416.00 → INV/2026/04/000066
[2026/4/20 下午1:32:30]    - ID:3545 楊梅金山店 $55264.00 → INV/2026/04/000058
[2026/4/20 下午1:32:30]    - ID:3544 台南安南店 $54992.00 → INV/2026/04/000050
[2026/4/20 下午1:32:30]    - ID:3543 桃園小檜溪店 $22331.00 → INV/2026/04/000061
[2026/4/20 下午1:32:30]    - ID:3542 桃園南崁店 $11915.00 → INV/2026/04/000060
[2026/4/20 下午1:32:30]    - ID:3541 蘆洲集賢店 $33274.00 → INV/2026/04/000057
[2026/4/20 下午1:32:30]    - ID:3540 桃園中路縣府店 $23981.00 → INV/2026/04/000059
[2026/4/20 下午1:32:30]    - ID:3539 內湖東湖店 $50141.00 → INV/2026/04/000048
[2026/4/20 下午1:32:30] 🔧 自動修正了 0 筆儲值金記錄
[2026/4/20 下午1:32:33] 📱 Telegram 警報發送失敗
[2026/4/20 下午1:32:33] 🔍 GiveMe API 監控完成
[2026/4/20 下午2:02:40] 🔍 GiveMe API 監控開始
[2026/4/20 下午2:02:40] 🛡️ 防護機制狀態正常：腳本層 ✅ API層 ✅
[2026/4/20 下午2:02:40] ❌ 警告：發現 12 筆儲值金被誤開發票！
[2026/4/20 下午2:02:40]    - ID:3550 新莊中平店 $90397.00 → INV/2026/04/000064
[2026/4/20 下午2:02:40]    - ID:3549 三峽大同店 $108044.00 → INV/2026/04/000063
[2026/4/20 下午2:02:40]    - ID:3548 鶯歌鳳鳴店 $54518.00 → INV/2026/04/000062
[2026/4/20 下午2:02:40]    - ID:3547 桃園八德店 $25554.00 → INV/2026/04/000067
[2026/4/20 下午2:02:40]    - ID:3546 土城中央店 $74416.00 → INV/2026/04/000066
[2026/4/20 下午2:02:40]    - ID:3545 楊梅金山店 $55264.00 → INV/2026/04/000058
[2026/4/20 下午2:02:40]    - ID:3544 台南安南店 $54992.00 → INV/2026/04/000050
[2026/4/20 下午2:02:40]    - ID:3543 桃園小檜溪店 $22331.00 → INV/2026/04/000061
[2026/4/20 下午2:02:40]    - ID:3542 桃園南崁店 $11915.00 → INV/2026/04/000060
[2026/4/20 下午2:02:40]    - ID:3541 蘆洲集賢店 $33274.00 → INV/2026/04/000057
[2026/4/20 下午2:02:40]    - ID:3540 桃園中路縣府店 $23981.00 → INV/2026/04/000059
[2026/4/20 下午2:02:40]    - ID:3539 內湖東湖店 $50141.00 → INV/2026/04/000048
[2026/4/20 下午2:02:40] 🔧 自動修正了 0 筆儲值金記錄
[2026/4/20 下午2:02:43] 📱 Telegram 警報發送失敗
[2026/4/20 下午2:02:43] 🔍 GiveMe API 監控完成
[2026/4/20 下午2:32:51] 🔍 GiveMe API 監控開始
[2026/4/20 下午2:32:51] 🛡️ 防護機制狀態正常：腳本層 ✅ API層 ✅
[2026/4/20 下午2:32:51] ❌ 警告：發現 12 筆儲值金被誤開發票！
[2026/4/20 下午2:32:51]    - ID:3550 新莊中平店 $90397.00 → INV/2026/04/000064
[2026/4/20 下午2:32:51]    - ID:3549 三峽大同店 $108044.00 → INV/2026/04/000063
[2026/4/20 下午2:32:51]    - ID:3548 鶯歌鳳鳴店 $54518.00 → INV/2026/04/000062
[2026/4/20 下午2:32:51]    - ID:3547 桃園八德店 $25554.00 → INV/2026/04/000067
[2026/4/20 下午2:32:51]    - ID:3546 土城中央店 $74416.00 → INV/2026/04/000066
[2026/4/20 下午2:32:51]    - ID:3545 楊梅金山店 $55264.00 → INV/2026/04/000058
[2026/4/20 下午2:32:51]    - ID:3544 台南安南店 $54992.00 → INV/2026/04/000050
[2026/4/20 下午2:32:51]    - ID:3543 桃園小檜溪店 $22331.00 → INV/2026/04/000061
[2026/4/20 下午2:32:51]    - ID:3542 桃園南崁店 $11915.00 → INV/2026/04/000060
[2026/4/20 下午2:32:51]    - ID:3541 蘆洲集賢店 $33274.00 → INV/2026/04/000057
[2026/4/20 下午2:32:51]    - ID:3540 桃園中路縣府店 $23981.00 → INV/2026/04/000059
[2026/4/20 下午2:32:51]    - ID:3539 內湖東湖店 $50141.00 → INV/2026/04/000048
[2026/4/20 下午2:32:51] 🔧 自動修正了 0 筆儲值金記錄
[2026/4/20 下午2:32:54] 📱 Telegram 警報發送失敗
[2026/4/20 下午2:32:54] 🔍 GiveMe API 監控完成
[2026/4/20 下午3:03:01] 🔍 GiveMe API 監控開始
[2026/4/20 下午3:03:01] 🛡️ 防護機制狀態正常：腳本層 ✅ API層 ✅
[2026/4/20 下午3:03:01] ❌ 警告：發現 12 筆儲值金被誤開發票！
[2026/4/20 下午3:03:01]    - ID:3550 新莊中平店 $90397.00 → INV/2026/04/000064
[2026/4/20 下午3:03:01]    - ID:3549 三峽大同店 $108044.00 → INV/2026/04/000063
[2026/4/20 下午3:03:01]    - ID:3548 鶯歌鳳鳴店 $54518.00 → INV/2026/04/000062
[2026/4/20 下午3:03:01]    - ID:3547 桃園八德店 $25554.00 → INV/2026/04/000067
[2026/4/20 下午3:03:01]    - ID:3546 土城中央店 $74416.00 → INV/2026/04/000066
[2026/4/20 下午3:03:01]    - ID:3545 楊梅金山店 $55264.00 → INV/2026/04/000058
[2026/4/20 下午3:03:01]    - ID:3544 台南安南店 $54992.00 → INV/2026/04/000050
[2026/4/20 下午3:03:01]    - ID:3543 桃園小檜溪店 $22331.00 → INV/2026/04/000061
[2026/4/20 下午3:03:01]    - ID:3542 桃園南崁店 $11915.00 → INV/2026/04/000060
[2026/4/20 下午3:03:01]    - ID:3541 蘆洲集賢店 $33274.00 → INV/2026/04/000057
[2026/4/20 下午3:03:01]    - ID:3540 桃園中路縣府店 $23981.00 → INV/2026/04/000059
[2026/4/20 下午3:03:01]    - ID:3539 內湖東湖店 $50141.00 → INV/2026/04/000048
[2026/4/20 下午3:03:01] 🔧 自動修正了 0 筆儲值金記錄
[2026/4/20 下午3:03:04] 📱 Telegram 警報發送失敗
[2026/4/20 下午3:03:04] 🔍 GiveMe API 監控完成
[2026/4/20 下午3:33:11] 🔍 GiveMe API 監控開始
[2026/4/20 下午3:33:11] 🛡️ 防護機制狀態正常：腳本層 ✅ API層 ✅
[2026/4/20 下午3:33:11] ❌ 警告：發現 12 筆儲值金被誤開發票！
[2026/4/20 下午3:33:11]    - ID:3550 新莊中平店 $90397.00 → INV/2026/04/000064
[2026/4/20 下午3:33:11]    - ID:3549 三峽大同店 $108044.00 → INV/2026/04/000063
[2026/4/20 下午3:33:11]    - ID:3548 鶯歌鳳鳴店 $54518.00 → INV/2026/04/000062
[2026/4/20 下午3:33:11]    - ID:3547 桃園八德店 $25554.00 → INV/2026/04/000067
[2026/4/20 下午3:33:11]    - ID:3546 土城中央店 $74416.00 → INV/2026/04/000066
[2026/4/20 下午3:33:11]    - ID:3545 楊梅金山店 $55264.00 → INV/2026/04/000058
[2026/4/20 下午3:33:11]    - ID:3544 台南安南店 $54992.00 → INV/2026/04/000050
[2026/4/20 下午3:33:11]    - ID:3543 桃園小檜溪店 $22331.00 → INV/2026/04/000061
[2026/4/20 下午3:33:11]    - ID:3542 桃園南崁店 $11915.00 → INV/2026/04/000060
[2026/4/20 下午3:33:11]    - ID:3541 蘆洲集賢店 $33274.00 → INV/2026/04/000057
[2026/4/20 下午3:33:11]    - ID:3540 桃園中路縣府店 $23981.00 → INV/2026/04/000059
[2026/4/20 下午3:33:11]    - ID:3539 內湖東湖店 $50141.00 → INV/2026/04/000048
[2026/4/20 下午3:33:11] 🔧 自動修正了 0 筆儲值金記錄
[2026/4/20 下午3:33:14] 📱 Telegram 警報發送失敗
[2026/4/20 下午3:33:14] 🔍 GiveMe API 監控完成
[2026/4/20 下午4:03:21] 🔍 GiveMe API 監控開始
[2026/4/20 下午4:03:21] 🛡️ 防護機制狀態正常：腳本層 ✅ API層 ✅
[2026/4/20 下午4:03:21] ❌ 警告：發現 12 筆儲值金被誤開發票！
[2026/4/20 下午4:03:21]    - ID:3550 新莊中平店 $90397.00 → INV/2026/04/000064
[2026/4/20 下午4:03:21]    - ID:3549 三峽大同店 $108044.00 → INV/2026/04/000063
[2026/4/20 下午4:03:21]    - ID:3548 鶯歌鳳鳴店 $54518.00 → INV/2026/04/000062
[2026/4/20 下午4:03:21]    - ID:3547 桃園八德店 $25554.00 → INV/2026/04/000067
[2026/4/20 下午4:03:21]    - ID:3546 土城中央店 $74416.00 → INV/2026/04/000066
[2026/4/20 下午4:03:21]    - ID:3545 楊梅金山店 $55264.00 → INV/2026/04/000058
[2026/4/20 下午4:03:21]    - ID:3544 台南安南店 $54992.00 → INV/2026/04/000050
[2026/4/20 下午4:03:21]    - ID:3543 桃園小檜溪店 $22331.00 → INV/2026/04/000061
[2026/4/20 下午4:03:21]    - ID:3542 桃園南崁店 $11915.00 → INV/2026/04/000060
[2026/4/20 下午4:03:21]    - ID:3541 蘆洲集賢店 $33274.00 → INV/2026/04/000057
[2026/4/20 下午4:03:21]    - ID:3540 桃園中路縣府店 $23981.00 → INV/2026/04/000059
[2026/4/20 下午4:03:21]    - ID:3539 內湖東湖店 $50141.00 → INV/2026/04/000048
[2026/4/20 下午4:03:21] 🔧 自動修正了 0 筆儲值金記錄
[2026/4/20 下午4:03:24] 📱 Telegram 警報發送失敗
[2026/4/20 下午4:03:24] 🔍 GiveMe API 監控完成
[2026/4/20 下午4:33:31] 🔍 GiveMe API 監控開始
[2026/4/20 下午4:33:31] 🛡️ 防護機制狀態正常：腳本層 ✅ API層 ✅
[2026/4/20 下午4:33:31] ❌ 警告：發現 12 筆儲值金被誤開發票！
[2026/4/20 下午4:33:31]    - ID:3550 新莊中平店 $90397.00 → INV/2026/04/000064
[2026/4/20 下午4:33:31]    - ID:3549 三峽大同店 $108044.00 → INV/2026/04/000063
[2026/4/20 下午4:33:31]    - ID:3548 鶯歌鳳鳴店 $54518.00 → INV/2026/04/000062
[2026/4/20 下午4:33:31]    - ID:3547 桃園八德店 $25554.00 → INV/2026/04/000067
[2026/4/20 下午4:33:31]    - ID:3546 土城中央店 $74416.00 → INV/2026/04/000066
[2026/4/20 下午4:33:31]    - ID:3545 楊梅金山店 $55264.00 → INV/2026/04/000058
[2026/4/20 下午4:33:31]    - ID:3544 台南安南店 $54992.00 → INV/2026/04/000050
[2026/4/20 下午4:33:31]    - ID:3543 桃園小檜溪店 $22331.00 → INV/2026/04/000061
[2026/4/20 下午4:33:31]    - ID:3542 桃園南崁店 $11915.00 → INV/2026/04/000060
[2026/4/20 下午4:33:31]    - ID:3541 蘆洲集賢店 $33274.00 → INV/2026/04/000057
[2026/4/20 下午4:33:31]    - ID:3540 桃園中路縣府店 $23981.00 → INV/2026/04/000059
[2026/4/20 下午4:33:31]    - ID:3539 內湖東湖店 $50141.00 → INV/2026/04/000048
[2026/4/20 下午4:33:31] 🔧 自動修正了 0 筆儲值金記錄
[2026/4/20 下午4:33:34] 📱 Telegram 警報發送失敗
[2026/4/20 下午4:33:34] 🔍 GiveMe API 監控完成
[2026/4/20 下午5:03:42] 🔍 GiveMe API 監控開始
[2026/4/20 下午5:03:42] 🛡️ 防護機制狀態正常：腳本層 ✅ API層 ✅
[2026/4/20 下午5:03:42] ❌ 警告：發現 12 筆儲值金被誤開發票！
[2026/4/20 下午5:03:42]    - ID:3550 新莊中平店 $90397.00 → INV/2026/04/000064
[2026/4/20 下午5:03:42]    - ID:3549 三峽大同店 $108044.00 → INV/2026/04/000063
[2026/4/20 下午5:03:42]    - ID:3548 鶯歌鳳鳴店 $54518.00 → INV/2026/04/000062
[2026/4/20 下午5:03:42]    - ID:3547 桃園八德店 $25554.00 → INV/2026/04/000067
[2026/4/20 下午5:03:42]    - ID:3546 土城中央店 $74416.00 → INV/2026/04/000066
[2026/4/20 下午5:03:42]    - ID:3545 楊梅金山店 $55264.00 → INV/2026/04/000058
[2026/4/20 下午5:03:42]    - ID:3544 台南安南店 $54992.00 → INV/2026/04/000050
[2026/4/20 下午5:03:42]    - ID:3543 桃園小檜溪店 $22331.00 → INV/2026/04/000061
[2026/4/20 下午5:03:42]    - ID:3542 桃園南崁店 $11915.00 → INV/2026/04/000060
[2026/4/20 下午5:03:42]    - ID:3541 蘆洲集賢店 $33274.00 → INV/2026/04/000057
[2026/4/20 下午5:03:42]    - ID:3540 桃園中路縣府店 $23981.00 → INV/2026/04/000059
[2026/4/20 下午5:03:42]    - ID:3539 內湖東湖店 $50141.00 → INV/2026/04/000048
[2026/4/20 下午5:03:42] 🔧 自動修正了 0 筆儲值金記錄
[2026/4/20 下午5:03:45] 📱 Telegram 警報發送失敗
[2026/4/20 下午5:03:45] 🔍 GiveMe API 監控完成
[2026/4/20 下午5:33:52] 🔍 GiveMe API 監控開始
[2026/4/20 下午5:33:52] 🛡️ 防護機制狀態正常：腳本層 ✅ API層 ✅
[2026/4/20 下午5:33:52] ❌ 警告：發現 11 筆儲值金被誤開發票！
[2026/4/20 下午5:33:52]    - ID:3550 新莊中平店 $90397.00 → INV/2026/04/000064
[2026/4/20 下午5:33:52]    - ID:3549 三峽大同店 $108044.00 → INV/2026/04/000063
[2026/4/20 下午5:33:52]    - ID:3548 鶯歌鳳鳴店 $54518.00 → INV/2026/04/000062
[2026/4/20 下午5:33:52]    - ID:3547 桃園八德店 $25554.00 → INV/2026/04/000067
[2026/4/20 下午5:33:52]    - ID:3546 土城中央店 $74416.00 → INV/2026/04/000066
[2026/4/20 下午5:33:52]    - ID:3545 楊梅金山店 $55264.00 → INV/2026/04/000058
[2026/4/20 下午5:33:52]    - ID:3544 台南安南店 $54992.00 → INV/2026/04/000050
[2026/4/20 下午5:33:52]    - ID:3543 桃園小檜溪店 $22331.00 → INV/2026/04/000061
[2026/4/20 下午5:33:52]    - ID:3542 桃園南崁店 $11915.00 → INV/2026/04/000060
[2026/4/20 下午5:33:52]    - ID:3541 蘆洲集賢店 $33274.00 → INV/2026/04/000057
[2026/4/20 下午5:33:52]    - ID:3540 桃園中路縣府店 $23981.00 → INV/2026/04/000059
[2026/4/20 下午5:33:52] 🔧 自動修正了 0 筆儲值金記錄
[2026/4/20 下午5:33:54] 📱 Telegram 警報發送失敗
[2026/4/20 下午5:33:54] 🔍 GiveMe API 監控完成
[2026/4/20 下午6:04:02] 🔍 GiveMe API 監控開始
[2026/4/20 下午6:04:02] 🛡️ 防護機制狀態正常：腳本層 ✅ API層 ✅
[2026/4/20 下午6:04:02] ❌ 警告：發現 6 筆儲值金被誤開發票！
[2026/4/20 下午6:04:02]    - ID:3550 新莊中平店 $90397.00 → INV/2026/04/000064
[2026/4/20 下午6:04:02]    - ID:3549 三峽大同店 $108044.00 → INV/2026/04/000063
[2026/4/20 下午6:04:02]    - ID:3548 鶯歌鳳鳴店 $54518.00 → INV/2026/04/000062
[2026/4/20 下午6:04:02]    - ID:3547 桃園八德店 $25554.00 → INV/2026/04/000067
[2026/4/20 下午6:04:02]    - ID:3546 土城中央店 $74416.00 → INV/2026/04/000066
[2026/4/20 下午6:04:02]    - ID:3545 楊梅金山店 $55264.00 → INV/2026/04/000058
[2026/4/20 下午6:04:02] 🔧 自動修正了 0 筆儲值金記錄
[2026/4/20 下午6:04:07] 📱 Telegram 警報發送失敗
[2026/4/20 下午6:04:07] 🔍 GiveMe API 監控完成
[2026/4/20 下午6:34:12] 🔍 GiveMe API 監控開始
[2026/4/20 下午6:34:12] 🛡️ 防護機制狀態正常：腳本層 ✅ API層 ✅
[2026/4/20 下午6:34:12] ❌ 警告：發現 2 筆儲值金被誤開發票！
[2026/4/20 下午6:34:12]    - ID:3550 新莊中平店 $90397.00 → INV/2026/04/000064
[2026/4/20 下午6:34:12]    - ID:3549 三峽大同店 $108044.00 → INV/2026/04/000063
[2026/4/20 下午6:34:12] 🔧 自動修正了 0 筆儲值金記錄
[2026/4/20 下午6:34:22] 📱 Telegram 警報發送失敗
[2026/4/20 下午6:34:22] 🔍 GiveMe API 監控完成
[2026/4/20 下午7:04:22] 🔍 GiveMe API 監控開始
[2026/4/20 下午7:04:22] 🛡️ 防護機制狀態正常：腳本層 ✅ API層 ✅
[2026/4/20 下午7:04:22] ❌ 警告：發現 2 筆儲值金被誤開發票！
[2026/4/20 下午7:04:22]    - ID:3550 新莊中平店 $90397.00 → INV/2026/04/000064
[2026/4/20 下午7:04:22]    - ID:3549 三峽大同店 $108044.00 → INV/2026/04/000063
[2026/4/20 下午7:04:22] 🔧 自動修正了 0 筆儲值金記錄
[2026/4/20 下午7:04:28] 📱 Telegram 警報發送失敗
[2026/4/20 下午7:04:28] 🔍 GiveMe API 監控完成
[2026/4/20 下午7:34:32] 🔍 GiveMe API 監控開始
[2026/4/20 下午7:34:32] 🛡️ 防護機制狀態正常：腳本層 ✅ API層 ✅
[2026/4/20 下午7:34:32] ❌ 警告：發現 2 筆儲值金被誤開發票！
[2026/4/20 下午7:34:32]    - ID:3550 新莊中平店 $90397.00 → INV/2026/04/000064
[2026/4/20 下午7:34:32]    - ID:3549 三峽大同店 $108044.00 → INV/2026/04/000063
[2026/4/20 下午7:34:32] 🔧 自動修正了 0 筆儲值金記錄
[2026/4/20 下午7:34:37] 📱 Telegram 警報發送失敗
[2026/4/20 下午7:34:37] 🔍 GiveMe API 監控完成
[2026/4/20 下午8:04:43] 🔍 GiveMe API 監控開始
[2026/4/20 下午8:04:43] 🛡️ 防護機制狀態正常：腳本層 ✅ API層 ✅
[2026/4/20 下午8:04:43] ❌ 警告：發現 2 筆儲值金被誤開發票！
[2026/4/20 下午8:04:43]    - ID:3550 新莊中平店 $90397.00 → INV/2026/04/000064
[2026/4/20 下午8:04:43]    - ID:3549 三峽大同店 $108044.00 → INV/2026/04/000063
[2026/4/20 下午8:04:43] 🔧 自動修正了 0 筆儲值金記錄
[2026/4/20 下午8:04:45] 📱 Telegram 警報發送失敗
[2026/4/20 下午8:04:45] 🔍 GiveMe API 監控完成
[2026/4/20 下午8:34:53] 🔍 GiveMe API 監控開始
[2026/4/20 下午8:34:53] 🛡️ 防護機制狀態正常：腳本層 ✅ API層 ✅
[2026/4/20 下午8:34:53] ❌ 警告：發現 2 筆儲值金被誤開發票！
[2026/4/20 下午8:34:53]    - ID:3550 新莊中平店 $90397.00 → INV/2026/04/000064
[2026/4/20 下午8:34:53]    - ID:3549 三峽大同店 $108044.00 → INV/2026/04/000063
[2026/4/20 下午8:34:53] 🔧 自動修正了 0 筆儲值金記錄
[2026/4/20 下午8:35:12] 📱 Telegram 警報發送失敗
[2026/4/20 下午8:35:12] 🔍 GiveMe API 監控完成
[2026/4/20 下午9:05:12] 🔍 GiveMe API 監控開始
[2026/4/20 下午9:05:12] 🛡️ 防護機制狀態正常：腳本層 ✅ API層 ✅
[2026/4/20 下午9:05:12] ❌ 警告：發現 2 筆儲值金被誤開發票！
[2026/4/20 下午9:05:12]    - ID:3550 新莊中平店 $90397.00 → INV/2026/04/000064
[2026/4/20 下午9:05:12]    - ID:3549 三峽大同店 $108044.00 → INV/2026/04/000063
[2026/4/20 下午9:05:12] 🔧 自動修正了 0 筆儲值金記錄
[2026/4/20 下午9:05:21] 📱 Telegram 警報發送失敗
[2026/4/20 下午9:05:21] 🔍 GiveMe API 監控完成
[2026/4/20 下午9:35:22] 🔍 GiveMe API 監控開始
[2026/4/20 下午9:35:22] 🛡️ 防護機制狀態正常：腳本層 ✅ API層 ✅
[2026/4/20 下午9:35:22] ❌ 警告：發現 2 筆儲值金被誤開發票！
[2026/4/20 下午9:35:22]    - ID:3550 新莊中平店 $90397.00 → INV/2026/04/000064
[2026/4/20 下午9:35:22]    - ID:3549 三峽大同店 $108044.00 → INV/2026/04/000063
[2026/4/20 下午9:35:22] 🔧 自動修正了 0 筆儲值金記錄
[2026/4/20 下午9:35:25] 📱 Telegram 警報發送失敗
[2026/4/20 下午9:35:25] 🔍 GiveMe API 監控完成
[2026/4/20 下午10:05:32] 🔍 GiveMe API 監控開始
[2026/4/20 下午10:05:32] 🛡️ 防護機制狀態正常：腳本層 ✅ API層 ✅
[2026/4/20 下午10:05:32] ❌ 警告：發現 2 筆儲值金被誤開發票！
[2026/4/20 下午10:05:32]    - ID:3550 新莊中平店 $90397.00 → INV/2026/04/000064
[2026/4/20 下午10:05:32]    - ID:3549 三峽大同店 $108044.00 → INV/2026/04/000063
[2026/4/20 下午10:05:32] 🔧 自動修正了 0 筆儲值金記錄
[2026/4/20 下午10:05:35] 📱 Telegram 警報發送失敗
[2026/4/20 下午10:05:35] 🔍 GiveMe API 監控完成
[2026/4/20 下午10:35:42] 🔍 GiveMe API 監控開始
[2026/4/20 下午10:35:42] 🛡️ 防護機制狀態正常：腳本層 ✅ API層 ✅
[2026/4/20 下午10:35:42] ❌ 警告：發現 2 筆儲值金被誤開發票！
[2026/4/20 下午10:35:42]    - ID:3550 新莊中平店 $90397.00 → INV/2026/04/000064
[2026/4/20 下午10:35:42]    - ID:3549 三峽大同店 $108044.00 → INV/2026/04/000063
[2026/4/20 下午10:35:42] 🔧 自動修正了 0 筆儲值金記錄
[2026/4/20 下午10:35:55] 📱 Telegram 警報發送失敗
[2026/4/20 下午10:35:55] 🔍 GiveMe API 監控完成
[2026/4/20 下午11:05:55] 🔍 GiveMe API 監控開始
[2026/4/20 下午11:05:55] 🛡️ 防護機制狀態正常：腳本層 ✅ API層 ✅
[2026/4/20 下午11:05:55] ❌ 警告：發現 2 筆儲值金被誤開發票！
[2026/4/20 下午11:05:55]    - ID:3550 新莊中平店 $90397.00 → INV/2026/04/000064
[2026/4/20 下午11:05:55]    - ID:3549 三峽大同店 $108044.00 → INV/2026/04/000063
[2026/4/20 下午11:05:55] 🔧 自動修正了 0 筆儲值金記錄
[2026/4/20 下午11:05:59] 📱 Telegram 警報發送失敗
[2026/4/20 下午11:05:59] 🔍 GiveMe API 監控完成
[2026/4/20 下午11:36:06] 🔍 GiveMe API 監控開始
[2026/4/20 下午11:36:06] 🛡️ 防護機制狀態正常：腳本層 ✅ API層 ✅
[2026/4/20 下午11:36:06] ❌ 警告：發現 2 筆儲值金被誤開發票！
[2026/4/20 下午11:36:06]    - ID:3550 新莊中平店 $90397.00 → INV/2026/04/000064
[2026/4/20 下午11:36:06]    - ID:3549 三峽大同店 $108044.00 → INV/2026/04/000063
[2026/4/20 下午11:36:06] 🔧 自動修正了 0 筆儲值金記錄
[2026/4/20 下午11:36:13] 📱 Telegram 警報發送失敗
[2026/4/20 下午11:36:13] 🔍 GiveMe API 監控完成
[2026/4/21 上午12:06:16] 🔍 GiveMe API 監控開始
[2026/4/21 上午12:06:16] 🛡️ 防護機制狀態正常：腳本層 ✅ API層 ✅
[2026/4/21 上午12:06:16] ❌ 警告：發現 2 筆儲值金被誤開發票！
[2026/4/21 上午12:06:16]    - ID:3550 新莊中平店 $90397.00 → INV/2026/04/000064
[2026/4/21 上午12:06:16]    - ID:3549 三峽大同店 $108044.00 → INV/2026/04/000063
[2026/4/21 上午12:06:16] 🔧 自動修正了 0 筆儲值金記錄
[2026/4/21 上午12:06:18] 📱 Telegram 警報發送失敗
[2026/4/21 上午12:06:18] 🔍 GiveMe API 監控完成
[2026/4/21 上午12:36:26] 🔍 GiveMe API 監控開始
[2026/4/21 上午12:36:26] 🛡️ 防護機制狀態正常：腳本層 ✅ API層 ✅
[2026/4/21 上午12:36:26] ❌ 警告：發現 2 筆儲值金被誤開發票！
[2026/4/21 上午12:36:26]    - ID:3550 新莊中平店 $90397.00 → INV/2026/04/000064
[2026/4/21 上午12:36:26]    - ID:3549 三峽大同店 $108044.00 → INV/2026/04/000063
[2026/4/21 上午12:36:26] 🔧 自動修正了 0 筆儲值金記錄
[2026/4/21 上午12:36:28] 📱 Telegram 警報發送失敗
[2026/4/21 上午12:36:28] 🔍 GiveMe API 監控完成
[2026/4/21 上午1:06:36] 🔍 GiveMe API 監控開始
[2026/4/21 上午1:06:36] 🛡️ 防護機制狀態正常：腳本層 ✅ API層 ✅
[2026/4/21 上午1:06:36] ❌ 警告：發現 2 筆儲值金被誤開發票！
[2026/4/21 上午1:06:36]    - ID:3550 新莊中平店 $90397.00 → INV/2026/04/000064
[2026/4/21 上午1:06:36]    - ID:3549 三峽大同店 $108044.00 → INV/2026/04/000063
[2026/4/21 上午1:06:36] 🔧 自動修正了 0 筆儲值金記錄
[2026/4/21 上午1:06:39] 📱 Telegram 警報發送失敗
[2026/4/21 上午1:06:39] 🔍 GiveMe API 監控完成
[2026/4/21 上午1:36:46] 🔍 GiveMe API 監控開始
[2026/4/21 上午1:36:46] 🛡️ 防護機制狀態正常：腳本層 ✅ API層 ✅
[2026/4/21 上午1:36:46] ❌ 警告：發現 2 筆儲值金被誤開發票！
[2026/4/21 上午1:36:46]    - ID:3550 新莊中平店 $90397.00 → INV/2026/04/000064
[2026/4/21 上午1:36:46]    - ID:3549 三峽大同店 $108044.00 → INV/2026/04/000063
[2026/4/21 上午1:36:46] 🔧 自動修正了 0 筆儲值金記錄
[2026/4/21 上午1:36:49] 📱 Telegram 警報發送失敗
[2026/4/21 上午1:36:49] 🔍 GiveMe API 監控完成
[2026/4/21 上午2:06:56] 🔍 GiveMe API 監控開始
[2026/4/21 上午2:06:56] 🛡️ 防護機制狀態正常：腳本層 ✅ API層 ✅
[2026/4/21 上午2:06:56] ❌ 警告：發現 2 筆儲值金被誤開發票！
[2026/4/21 上午2:06:56]    - ID:3550 新莊中平店 $90397.00 → INV/2026/04/000064
[2026/4/21 上午2:06:56]    - ID:3549 三峽大同店 $108044.00 → INV/2026/04/000063
[2026/4/21 上午2:06:56] 🔧 自動修正了 0 筆儲值金記錄
[2026/4/21 上午2:06:59] 📱 Telegram 警報發送失敗
[2026/4/21 上午2:06:59] 🔍 GiveMe API 監控完成
[2026/4/21 上午2:37:07] 🔍 GiveMe API 監控開始
[2026/4/21 上午2:37:07] 🛡️ 防護機制狀態正常：腳本層 ✅ API層 ✅
[2026/4/21 上午2:37:07] ✅ 檢查完成：最近 20 筆發票記錄正常，無儲值金誤開發票
[2026/4/21 上午2:37:07] 🔍 GiveMe API 監控完成
[2026/4/21 上午3:07:17] 🔍 GiveMe API 監控開始
[2026/4/21 上午3:07:17] 🛡️ 防護機制狀態正常：腳本層 ✅ API層 ✅
[2026/4/21 上午3:07:17] ✅ 檢查完成：最近 20 筆發票記錄正常，無儲值金誤開發票
[2026/4/21 上午3:07:17] 🔍 GiveMe API 監控完成
[2026/4/21 上午3:37:27] 🔍 GiveMe API 監控開始
[2026/4/21 上午3:37:27] 🛡️ 防護機制狀態正常：腳本層 ✅ API層 ✅
[2026/4/21 上午3:37:27] ✅ 檢查完成：最近 20 筆發票記錄正常，無儲值金誤開發票
[2026/4/21 上午3:37:27] 🔍 GiveMe API 監控完成
[2026/4/21 上午4:07:37] 🔍 GiveMe API 監控開始
[2026/4/21 上午4:07:37] 🛡️ 防護機制狀態正常：腳本層 ✅ API層 ✅
[2026/4/21 上午4:07:37] ✅ 檢查完成：最近 20 筆發票記錄正常，無儲值金誤開發票
[2026/4/21 上午4:07:37] 🔍 GiveMe API 監控完成
[2026/4/21 上午4:37:47] 🔍 GiveMe API 監控開始
[2026/4/21 上午4:37:47] 🛡️ 防護機制狀態正常：腳本層 ✅ API層 ✅
[2026/4/21 上午4:37:47] ✅ 檢查完成：最近 20 筆發票記錄正常，無儲值金誤開發票
[2026/4/21 上午4:37:47] 🔍 GiveMe API 監控完成
[2026/4/21 上午5:07:58] 🔍 GiveMe API 監控開始
[2026/4/21 上午5:07:58] 🛡️ 防護機制狀態正常：腳本層 ✅ API層 ✅
[2026/4/21 上午5:07:58] ✅ 檢查完成：最近 20 筆發票記錄正常，無儲值金誤開發票
[2026/4/21 上午5:07:58] 🔍 GiveMe API 監控完成
[2026/4/21 上午5:38:08] 🔍 GiveMe API 監控開始
[2026/4/21 上午5:38:08] 🛡️ 防護機制狀態正常：腳本層 ✅ API層 ✅
[2026/4/21 上午5:38:08] ✅ 檢查完成：最近 20 筆發票記錄正常，無儲值金誤開發票
[2026/4/21 上午5:38:08] 🔍 GiveMe API 監控完成
[2026/4/21 上午6:08:18] 🔍 GiveMe API 監控開始
[2026/4/21 上午6:08:18] 🛡️ 防護機制狀態正常：腳本層 ✅ API層 ✅
[2026/4/21 上午6:08:18] ✅ 檢查完成：最近 20 筆發票記錄正常，無儲值金誤開發票
[2026/4/21 上午6:08:18] 🔍 GiveMe API 監控完成
[2026/4/21 上午6:38:28] 🔍 GiveMe API 監控開始
[2026/4/21 上午6:38:28] 🛡️ 防護機制狀態正常：腳本層 ✅ API層 ✅
[2026/4/21 上午6:38:28] ✅ 檢查完成：最近 20 筆發票記錄正常，無儲值金誤開發票
[2026/4/21 上午6:38:28] 🔍 GiveMe API 監控完成
[2026/4/21 上午7:08:38] 🔍 GiveMe API 監控開始
[2026/4/21 上午7:08:38] 🛡️ 防護機制狀態正常：腳本層 ✅ API層 ✅
[2026/4/21 上午7:08:38] ✅ 檢查完成：最近 20 筆發票記錄正常，無儲值金誤開發票
[2026/4/21 上午7:08:38] 🔍 GiveMe API 監控完成
[2026/4/21 上午7:38:48] 🔍 GiveMe API 監控開始
[2026/4/21 上午7:38:48] 🛡️ 防護機制狀態正常：腳本層 ✅ API層 ✅
[2026/4/21 上午7:38:48] ✅ 檢查完成：最近 20 筆發票記錄正常，無儲值金誤開發票
[2026/4/21 上午7:38:48] 🔍 GiveMe API 監控完成
[2026/4/21 上午8:08:59] 🔍 GiveMe API 監控開始
[2026/4/21 上午8:08:59] 🛡️ 防護機制狀態正常：腳本層 ✅ API層 ✅
[2026/4/21 上午8:08:59] ✅ 檢查完成：最近 20 筆發票記錄正常，無儲值金誤開發票
[2026/4/21 上午8:08:59] 🔍 GiveMe API 監控完成
[2026/4/21 上午8:39:09] 🔍 GiveMe API 監控開始
[2026/4/21 上午8:39:09] 🛡️ 防護機制狀態正常：腳本層 ✅ API層 ✅
[2026/4/21 上午8:39:09] ✅ 檢查完成：最近 20 筆發票記錄正常，無儲值金誤開發票
[2026/4/21 上午8:39:09] 🔍 GiveMe API 監控完成
[2026/4/21 上午9:09:19] 🔍 GiveMe API 監控開始
[2026/4/21 上午9:09:19] 🛡️ 防護機制狀態正常：腳本層 ✅ API層 ✅
[2026/4/21 上午9:09:19] ✅ 檢查完成：最近 20 筆發票記錄正常，無儲值金誤開發票
[2026/4/21 上午9:09:19] 🔍 GiveMe API 監控完成
[2026/4/21 上午9:39:29] 🔍 GiveMe API 監控開始
[2026/4/21 上午9:39:29] 🛡️ 防護機制狀態正常：腳本層 ✅ API層 ✅
[2026/4/21 上午9:39:29] ✅ 檢查完成：最近 20 筆發票記錄正常，無儲值金誤開發票
[2026/4/21 上午9:39:29] 🔍 GiveMe API 監控完成
[2026/4/21 上午10:09:39] 🔍 GiveMe API 監控開始
[2026/4/21 上午10:09:39] 🛡️ 防護機制狀態正常：腳本層 ✅ API層 ✅
[2026/4/21 上午10:09:39] ✅ 檢查完成：最近 20 筆發票記錄正常，無儲值金誤開發票
[2026/4/21 上午10:09:39] 🔍 GiveMe API 監控完成
[2026/4/21 上午10:39:49] 🔍 GiveMe API 監控開始
[2026/4/21 上午10:39:49] 🛡️ 防護機制狀態正常：腳本層 ✅ API層 ✅
[2026/4/21 上午10:39:50] ✅ 檢查完成：最近 20 筆發票記錄正常，無儲值金誤開發票
[2026/4/21 上午10:39:50] 🔍 GiveMe API 監控完成
[2026/4/21 上午11:10:00] 🔍 GiveMe API 監控開始
[2026/4/21 上午11:10:00] 🛡️ 防護機制狀態正常：腳本層 ✅ API層 ✅
[2026/4/21 上午11:10:00] ✅ 檢查完成：最近 20 筆發票記錄正常，無儲值金誤開發票
[2026/4/21 上午11:10:00] 🔍 GiveMe API 監控完成
[2026/4/21 上午11:40:10] 🔍 GiveMe API 監控開始
[2026/4/21 上午11:40:10] 🛡️ 防護機制狀態正常：腳本層 ✅ API層 ✅
[2026/4/21 上午11:40:10] ✅ 檢查完成：最近 20 筆發票記錄正常，無儲值金誤開發票
[2026/4/21 上午11:40:10] 🔍 GiveMe API 監控完成
[2026/4/21 下午12:10:20] 🔍 GiveMe API 監控開始
[2026/4/21 下午12:10:20] 🛡️ 防護機制狀態正常：腳本層 ✅ API層 ✅
[2026/4/21 下午12:10:20] ✅ 檢查完成：最近 20 筆發票記錄正常，無儲值金誤開發票
[2026/4/21 下午12:10:20] 🔍 GiveMe API 監控完成
[2026/4/21 下午12:40:30] 🔍 GiveMe API 監控開始
[2026/4/21 下午12:40:30] 🛡️ 防護機制狀態正常：腳本層 ✅ API層 ✅
[2026/4/21 下午12:40:30] ✅ 檢查完成：最近 20 筆發票記錄正常，無儲值金誤開發票
[2026/4/21 下午12:40:30] 🔍 GiveMe API 監控完成
[2026/4/21 下午1:10:40] 🔍 GiveMe API 監控開始
[2026/4/21 下午1:10:40] 🛡️ 防護機制狀態正常：腳本層 ✅ API層 ✅
[2026/4/21 下午1:10:40] ✅ 檢查完成：最近 20 筆發票記錄正常，無儲值金誤開發票
[2026/4/21 下午1:10:40] 🔍 GiveMe API 監控完成
[2026/4/21 下午1:40:51] 🔍 GiveMe API 監控開始
[2026/4/21 下午1:40:51] 🛡️ 防護機制狀態正常：腳本層 ✅ API層 ✅
[2026/4/21 下午1:40:51] ✅ 檢查完成：最近 20 筆發票記錄正常，無儲值金誤開發票
[2026/4/21 下午1:40:51] 🔍 GiveMe API 監控完成
[2026/4/21 下午2:11:01] 🔍 GiveMe API 監控開始
[2026/4/21 下午2:11:01] 🛡️ 防護機制狀態正常：腳本層 ✅ API層 ✅
[2026/4/21 下午2:11:01] ✅ 檢查完成：最近 20 筆發票記錄正常，無儲值金誤開發票
[2026/4/21 下午2:11:01] 🔍 GiveMe API 監控完成
[2026/4/21 下午2:41:11] 🔍 GiveMe API 監控開始
[2026/4/21 下午2:41:11] 🛡️ 防護機制狀態正常：腳本層 ✅ API層 ✅
[2026/4/21 下午2:41:11] ✅ 檢查完成：最近 20 筆發票記錄正常，無儲值金誤開發票
[2026/4/21 下午2:41:11] 🔍 GiveMe API 監控完成
[2026/4/21 下午3:11:21] 🔍 GiveMe API 監控開始
[2026/4/21 下午3:11:21] 🛡️ 防護機制狀態正常：腳本層 ✅ API層 ✅
[2026/4/21 下午3:11:21] ✅ 檢查完成：最近 20 筆發票記錄正常，無儲值金誤開發票
[2026/4/21 下午3:11:21] 🔍 GiveMe API 監控完成
[2026/4/21 下午3:41:31] 🔍 GiveMe API 監控開始
[2026/4/21 下午3:41:31] 🛡️ 防護機制狀態正常：腳本層 ✅ API層 ✅
[2026/4/21 下午3:41:31] ✅ 檢查完成：最近 20 筆發票記錄正常，無儲值金誤開發票
[2026/4/21 下午3:41:31] 🔍 GiveMe API 監控完成
[2026/4/21 下午4:11:41] 🔍 GiveMe API 監控開始
[2026/4/21 下午4:11:41] 🛡️ 防護機制狀態正常：腳本層 ✅ API層 ✅
[2026/4/21 下午4:11:41] ✅ 檢查完成：最近 20 筆發票記錄正常，無儲值金誤開發票
[2026/4/21 下午4:11:41] 🔍 GiveMe API 監控完成
[2026/4/21 下午4:41:52] 🔍 GiveMe API 監控開始
[2026/4/21 下午4:41:52] 🛡️ 防護機制狀態正常：腳本層 ✅ API層 ✅
[2026/4/21 下午4:41:52] ✅ 檢查完成：最近 20 筆發票記錄正常，無儲值金誤開發票
[2026/4/21 下午4:41:52] 🔍 GiveMe API 監控完成
[2026/4/21 下午5:12:02] 🔍 GiveMe API 監控開始
[2026/4/21 下午5:12:02] 🛡️ 防護機制狀態正常：腳本層 ✅ API層 ✅
[2026/4/21 下午5:12:02] ✅ 檢查完成：最近 20 筆發票記錄正常，無儲值金誤開發票
[2026/4/21 下午5:12:02] 🔍 GiveMe API 監控完成
[2026/4/21 下午5:42:12] 🔍 GiveMe API 監控開始
[2026/4/21 下午5:42:12] 🛡️ 防護機制狀態正常：腳本層 ✅ API層 ✅
[2026/4/21 下午5:42:12] ✅ 檢查完成：最近 20 筆發票記錄正常，無儲值金誤開發票
[2026/4/21 下午5:42:12] 🔍 GiveMe API 監控完成
[2026/4/21 下午6:12:22] 🔍 GiveMe API 監控開始
[2026/4/21 下午6:12:22] 🛡️ 防護機制狀態正常：腳本層 ✅ API層 ✅
[2026/4/21 下午6:12:22] ✅ 檢查完成：最近 20 筆發票記錄正常，無儲值金誤開發票
[2026/4/21 下午6:12:22] 🔍 GiveMe API 監控完成
[2026/4/21 下午6:42:32] 🔍 GiveMe API 監控開始
[2026/4/21 下午6:42:32] 🛡️ 防護機制狀態正常：腳本層 ✅ API層 ✅
[2026/4/21 下午6:42:32] ✅ 檢查完成：最近 20 筆發票記錄正常，無儲值金誤開發票
[2026/4/21 下午6:42:32] 🔍 GiveMe API 監控完成
[2026/4/21 下午7:12:42] 🔍 GiveMe API 監控開始
[2026/4/21 下午7:12:42] 🛡️ 防護機制狀態正常：腳本層 ✅ API層 ✅
[2026/4/21 下午7:12:42] ✅ 檢查完成：最近 20 筆發票記錄正常，無儲值金誤開發票
[2026/4/21 下午7:12:42] 🔍 GiveMe API 監控完成
[2026/4/21 下午7:42:53] 🔍 GiveMe API 監控開始
[2026/4/21 下午7:42:53] 🛡️ 防護機制狀態正常：腳本層 ✅ API層 ✅
[2026/4/21 下午7:42:53] ✅ 檢查完成：最近 20 筆發票記錄正常，無儲值金誤開發票
[2026/4/21 下午7:42:53] 🔍 GiveMe API 監控完成
[2026/4/21 下午8:13:03] 🔍 GiveMe API 監控開始
[2026/4/21 下午8:13:03] 🛡️ 防護機制狀態正常：腳本層 ✅ API層 ✅
[2026/4/21 下午8:13:03] ✅ 檢查完成：最近 20 筆發票記錄正常，無儲值金誤開發票
[2026/4/21 下午8:13:03] 🔍 GiveMe API 監控完成
[2026/4/21 下午8:43:13] 🔍 GiveMe API 監控開始
[2026/4/21 下午8:43:13] 🛡️ 防護機制狀態正常：腳本層 ✅ API層 ✅
[2026/4/21 下午8:43:13] ✅ 檢查完成：最近 20 筆發票記錄正常，無儲值金誤開發票
[2026/4/21 下午8:43:13] 🔍 GiveMe API 監控完成
[2026/4/21 下午9:13:23] 🔍 GiveMe API 監控開始
[2026/4/21 下午9:13:23] 🛡️ 防護機制狀態正常：腳本層 ✅ API層 ✅
[2026/4/21 下午9:13:23] ✅ 檢查完成：最近 20 筆發票記錄正常，無儲值金誤開發票
[2026/4/21 下午9:13:23] 🔍 GiveMe API 監控完成
[2026/4/21 下午9:43:33] 🔍 GiveMe API 監控開始
[2026/4/21 下午9:43:33] 🛡️ 防護機制狀態正常：腳本層 ✅ API層 ✅
[2026/4/21 下午9:43:33] ✅ 檢查完成：最近 20 筆發票記錄正常，無儲值金誤開發票
[2026/4/21 下午9:43:33] 🔍 GiveMe API 監控完成
[2026/4/21 下午10:13:43] 🔍 GiveMe API 監控開始
[2026/4/21 下午10:13:43] 🛡️ 防護機制狀態正常：腳本層 ✅ API層 ✅
[2026/4/21 下午10:13:43] ✅ 檢查完成：最近 20 筆發票記錄正常，無儲值金誤開發票
[2026/4/21 下午10:13:43] 🔍 GiveMe API 監控完成
[2026/4/21 下午10:43:53] 🔍 GiveMe API 監控開始
[2026/4/21 下午10:43:53] 🛡️ 防護機制狀態正常：腳本層 ✅ API層 ✅
[2026/4/21 下午10:43:53] ✅ 檢查完成：最近 20 筆發票記錄正常，無儲值金誤開發票
[2026/4/21 下午10:43:53] 🔍 GiveMe API 監控完成
[2026/4/21 下午11:14:04] 🔍 GiveMe API 監控開始
[2026/4/21 下午11:14:04] 🛡️ 防護機制狀態正常：腳本層 ✅ API層 ✅
[2026/4/21 下午11:14:04] ✅ 檢查完成：最近 20 筆發票記錄正常，無儲值金誤開發票
[2026/4/21 下午11:14:04] 🔍 GiveMe API 監控完成
[2026/4/21 下午11:44:14] 🔍 GiveMe API 監控開始
[2026/4/21 下午11:44:14] 🛡️ 防護機制狀態正常：腳本層 ✅ API層 ✅
[2026/4/21 下午11:44:14] ✅ 檢查完成：最近 20 筆發票記錄正常，無儲值金誤開發票
[2026/4/21 下午11:44:14] 🔍 GiveMe API 監控完成
[2026/4/22 上午12:14:24] 🔍 GiveMe API 監控開始
[2026/4/22 上午12:14:24] 🛡️ 防護機制狀態正常：腳本層 ✅ API層 ✅
[2026/4/22 上午12:14:24] ✅ 檢查完成：最近 20 筆發票記錄正常，無儲值金誤開發票
[2026/4/22 上午12:14:24] 🔍 GiveMe API 監控完成
[2026/4/22 上午12:44:34] 🔍 GiveMe API 監控開始
[2026/4/22 上午12:44:34] 🛡️ 防護機制狀態正常：腳本層 ✅ API層 ✅
[2026/4/22 上午12:44:34] ✅ 檢查完成：最近 20 筆發票記錄正常，無儲值金誤開發票
[2026/4/22 上午12:44:34] 🔍 GiveMe API 監控完成
[2026/4/22 上午1:14:45] 🔍 GiveMe API 監控開始
[2026/4/22 上午1:14:45] 🛡️ 防護機制狀態正常：腳本層 ✅ API層 ✅
[2026/4/22 上午1:14:45] ✅ 檢查完成：最近 20 筆發票記錄正常，無儲值金誤開發票
[2026/4/22 上午1:14:45] 🔍 GiveMe API 監控完成
[2026/4/22 上午1:44:55] 🔍 GiveMe API 監控開始
[2026/4/22 上午1:44:55] 🛡️ 防護機制狀態正常：腳本層 ✅ API層 ✅
[2026/4/22 上午1:44:55] ✅ 檢查完成：最近 20 筆發票記錄正常，無儲值金誤開發票
[2026/4/22 上午1:44:55] 🔍 GiveMe API 監控完成
[2026/4/22 上午2:15:05] 🔍 GiveMe API 監控開始
[2026/4/22 上午2:15:05] 🛡️ 防護機制狀態正常：腳本層 ✅ API層 ✅
[2026/4/22 上午2:15:05] ✅ 檢查完成：最近 20 筆發票記錄正常，無儲值金誤開發票
[2026/4/22 上午2:15:05] 🔍 GiveMe API 監控完成
[2026/4/22 上午2:45:15] 🔍 GiveMe API 監控開始
[2026/4/22 上午2:45:15] 🛡️ 防護機制狀態正常：腳本層 ✅ API層 ✅
[2026/4/22 上午2:45:15] ✅ 檢查完成：最近 20 筆發票記錄正常，無儲值金誤開發票
[2026/4/22 上午2:45:15] 🔍 GiveMe API 監控完成
[2026/4/22 上午3:15:25] 🔍 GiveMe API 監控開始
[2026/4/22 上午3:15:25] 🛡️ 防護機制狀態正常：腳本層 ✅ API層 ✅
[2026/4/22 上午3:15:25] ✅ 檢查完成：最近 20 筆發票記錄正常，無儲值金誤開發票
[2026/4/22 上午3:15:25] 🔍 GiveMe API 監控完成
[2026/4/22 上午3:45:35] 🔍 GiveMe API 監控開始
[2026/4/22 上午3:45:35] 🛡️ 防護機制狀態正常：腳本層 ✅ API層 ✅
[2026/4/22 上午3:45:35] ✅ 檢查完成：最近 20 筆發票記錄正常，無儲值金誤開發票
[2026/4/22 上午3:45:35] 🔍 GiveMe API 監控完成
[2026/4/22 上午4:15:46] 🔍 GiveMe API 監控開始
[2026/4/22 上午4:15:46] 🛡️ 防護機制狀態正常：腳本層 ✅ API層 ✅
[2026/4/22 上午4:15:46] ✅ 檢查完成：最近 20 筆發票記錄正常，無儲值金誤開發票
[2026/4/22 上午4:15:46] 🔍 GiveMe API 監控完成
[2026/4/22 上午4:45:56] 🔍 GiveMe API 監控開始
[2026/4/22 上午4:45:56] 🛡️ 防護機制狀態正常：腳本層 ✅ API層 ✅
[2026/4/22 上午4:45:56] ✅ 檢查完成：最近 20 筆發票記錄正常，無儲值金誤開發票
[2026/4/22 上午4:45:56] 🔍 GiveMe API 監控完成
[2026/4/22 上午5:16:06] 🔍 GiveMe API 監控開始
[2026/4/22 上午5:16:06] 🛡️ 防護機制狀態正常：腳本層 ✅ API層 ✅
[2026/4/22 上午5:16:06] ✅ 檢查完成：最近 20 筆發票記錄正常，無儲值金誤開發票
[2026/4/22 上午5:16:06] 🔍 GiveMe API 監控完成
[2026/4/22 上午5:46:16] 🔍 GiveMe API 監控開始
[2026/4/22 上午5:46:16] 🛡️ 防護機制狀態正常：腳本層 ✅ API層 ✅
[2026/4/22 上午5:46:16] ✅ 檢查完成：最近 20 筆發票記錄正常，無儲值金誤開發票
[2026/4/22 上午5:46:16] 🔍 GiveMe API 監控完成
[2026/4/22 上午6:16:26] 🔍 GiveMe API 監控開始
[2026/4/22 上午6:16:26] 🛡️ 防護機制狀態正常：腳本層 ✅ API層 ✅
[2026/4/22 上午6:16:26] ✅ 檢查完成：最近 20 筆發票記錄正常，無儲值金誤開發票
[2026/4/22 上午6:16:26] 🔍 GiveMe API 監控完成
[2026/4/22 上午6:46:36] 🔍 GiveMe API 監控開始
[2026/4/22 上午6:46:36] 🛡️ 防護機制狀態正常：腳本層 ✅ API層 ✅
[2026/4/22 上午6:46:36] ✅ 檢查完成：最近 20 筆發票記錄正常，無儲值金誤開發票
[2026/4/22 上午6:46:36] 🔍 GiveMe API 監控完成
[2026/4/22 上午7:16:47] 🔍 GiveMe API 監控開始
[2026/4/22 上午7:16:47] 🛡️ 防護機制狀態正常：腳本層 ✅ API層 ✅
[2026/4/22 上午7:16:47] ✅ 檢查完成：最近 20 筆發票記錄正常，無儲值金誤開發票
[2026/4/22 上午7:16:47] 🔍 GiveMe API 監控完成
[2026/4/22 上午7:46:57] 🔍 GiveMe API 監控開始
[2026/4/22 上午7:46:57] 🛡️ 防護機制狀態正常：腳本層 ✅ API層 ✅
[2026/4/22 上午7:46:57] ✅ 檢查完成：最近 20 筆發票記錄正常，無儲值金誤開發票
[2026/4/22 上午7:46:57] 🔍 GiveMe API 監控完成
[2026/4/22 上午8:17:07] 🔍 GiveMe API 監控開始
[2026/4/22 上午8:17:07] 🛡️ 防護機制狀態正常：腳本層 ✅ API層 ✅
[2026/4/22 上午8:17:07] ✅ 檢查完成：最近 20 筆發票記錄正常，無儲值金誤開發票
[2026/4/22 上午8:17:07] 🔍 GiveMe API 監控完成
[2026/4/22 上午8:47:17] 🔍 GiveMe API 監控開始
[2026/4/22 上午8:47:17] 🛡️ 防護機制狀態正常：腳本層 ✅ API層 ✅
[2026/4/22 上午8:47:17] ✅ 檢查完成：最近 20 筆發票記錄正常，無儲值金誤開發票
[2026/4/22 上午8:47:17] 🔍 GiveMe API 監控完成
[2026/4/22 上午9:17:27] 🔍 GiveMe API 監控開始
[2026/4/22 上午9:17:27] 🛡️ 防護機制狀態正常：腳本層 ✅ API層 ✅
[2026/4/22 上午9:17:27] ✅ 檢查完成：最近 20 筆發票記錄正常，無儲值金誤開發票
[2026/4/22 上午9:17:27] 🔍 GiveMe API 監控完成
[2026/4/22 上午9:47:37] 🔍 GiveMe API 監控開始
[2026/4/22 上午9:47:37] 🛡️ 防護機制狀態正常：腳本層 ✅ API層 ✅
[2026/4/22 上午9:47:37] ✅ 檢查完成：最近 20 筆發票記錄正常，無儲值金誤開發票
[2026/4/22 上午9:47:37] 🔍 GiveMe API 監控完成
[2026/4/22 上午10:17:48] 🔍 GiveMe API 監控開始
[2026/4/22 上午10:17:48] 🛡️ 防護機制狀態正常：腳本層 ✅ API層 ✅
[2026/4/22 上午10:17:48] ✅ 檢查完成：最近 20 筆發票記錄正常，無儲值金誤開發票
[2026/4/22 上午10:17:48] 🔍 GiveMe API 監控完成
[2026/4/22 上午10:47:58] 🔍 GiveMe API 監控開始
[2026/4/22 上午10:47:58] 🛡️ 防護機制狀態正常：腳本層 ✅ API層 ✅
[2026/4/22 上午10:47:58] ✅ 檢查完成：最近 20 筆發票記錄正常，無儲值金誤開發票
[2026/4/22 上午10:47:58] 🔍 GiveMe API 監控完成
[2026/4/22 上午11:18:08] 🔍 GiveMe API 監控開始
[2026/4/22 上午11:18:08] 🛡️ 防護機制狀態正常：腳本層 ✅ API層 ✅
[2026/4/22 上午11:18:08] ✅ 檢查完成：最近 20 筆發票記錄正常，無儲值金誤開發票
[2026/4/22 上午11:18:08] 🔍 GiveMe API 監控完成
[2026/4/22 上午11:48:18] 🔍 GiveMe API 監控開始
[2026/4/22 上午11:48:18] 🛡️ 防護機制狀態正常：腳本層 ✅ API層 ✅
[2026/4/22 上午11:48:18] ✅ 檢查完成：最近 20 筆發票記錄正常，無儲值金誤開發票
[2026/4/22 上午11:48:18] 🔍 GiveMe API 監控完成
[2026/4/22 下午12:18:28] 🔍 GiveMe API 監控開始
[2026/4/22 下午12:18:28] 🛡️ 防護機制狀態正常：腳本層 ✅ API層 ✅
[2026/4/22 下午12:18:28] ✅ 檢查完成：最近 20 筆發票記錄正常，無儲值金誤開發票
[2026/4/22 下午12:18:28] 🔍 GiveMe API 監控完成
[2026/4/22 下午12:48:38] 🔍 GiveMe API 監控開始
[2026/4/22 下午12:48:38] 🛡️ 防護機制狀態正常：腳本層 ✅ API層 ✅
[2026/4/22 下午12:48:39] ✅ 檢查完成：最近 20 筆發票記錄正常，無儲值金誤開發票
[2026/4/22 下午12:48:39] 🔍 GiveMe API 監控完成
[2026/4/22 下午1:18:49] 🔍 GiveMe API 監控開始
[2026/4/22 下午1:18:49] 🛡️ 防護機制狀態正常：腳本層 ✅ API層 ✅
[2026/4/22 下午1:18:49] ✅ 檢查完成：最近 20 筆發票記錄正常，無儲值金誤開發票
[2026/4/22 下午1:18:49] 🔍 GiveMe API 監控完成
[2026/4/22 下午1:48:59] 🔍 GiveMe API 監控開始
[2026/4/22 下午1:48:59] 🛡️ 防護機制狀態正常：腳本層 ✅ API層 ✅
[2026/4/22 下午1:48:59] ✅ 檢查完成：最近 20 筆發票記錄正常，無儲值金誤開發票
[2026/4/22 下午1:48:59] 🔍 GiveMe API 監控完成
[2026/4/22 下午2:19:09] 🔍 GiveMe API 監控開始
[2026/4/22 下午2:19:09] 🛡️ 防護機制狀態正常：腳本層 ✅ API層 ✅
[2026/4/22 下午2:19:09] ✅ 檢查完成：最近 20 筆發票記錄正常，無儲值金誤開發票
[2026/4/22 下午2:19:09] 🔍 GiveMe API 監控完成
[2026/4/22 下午2:49:19] 🔍 GiveMe API 監控開始
[2026/4/22 下午2:49:19] 🛡️ 防護機制狀態正常：腳本層 ✅ API層 ✅
[2026/4/22 下午2:49:19] ✅ 檢查完成：最近 20 筆發票記錄正常，無儲值金誤開發票
[2026/4/22 下午2:49:19] 🔍 GiveMe API 監控完成
[2026/4/22 下午3:19:29] 🔍 GiveMe API 監控開始
[2026/4/22 下午3:19:29] 🛡️ 防護機制狀態正常：腳本層 ✅ API層 ✅
[2026/4/22 下午3:19:29] ✅ 檢查完成：最近 20 筆發票記錄正常，無儲值金誤開發票
[2026/4/22 下午3:19:29] 🔍 GiveMe API 監控完成
[2026/4/22 下午3:49:40] 🔍 GiveMe API 監控開始
[2026/4/22 下午3:49:40] 🛡️ 防護機制狀態正常：腳本層 ✅ API層 ✅
[2026/4/22 下午3:49:40] ✅ 檢查完成：最近 20 筆發票記錄正常，無儲值金誤開發票
[2026/4/22 下午3:49:40] 🔍 GiveMe API 監控完成
[2026/4/22 下午4:19:50] 🔍 GiveMe API 監控開始
[2026/4/22 下午4:19:50] 🛡️ 防護機制狀態正常：腳本層 ✅ API層 ✅
[2026/4/22 下午4:19:50] ✅ 檢查完成：最近 20 筆發票記錄正常，無儲值金誤開發票
[2026/4/22 下午4:19:50] 🔍 GiveMe API 監控完成
[2026/4/22 下午4:50:00] 🔍 GiveMe API 監控開始
[2026/4/22 下午4:50:00] 🛡️ 防護機制狀態正常：腳本層 ✅ API層 ✅
[2026/4/22 下午4:50:00] ✅ 檢查完成：最近 20 筆發票記錄正常，無儲值金誤開發票
[2026/4/22 下午4:50:00] 🔍 GiveMe API 監控完成
[2026/4/22 下午5:20:10] 🔍 GiveMe API 監控開始
[2026/4/22 下午5:20:10] 🛡️ 防護機制狀態正常：腳本層 ✅ API層 ✅
[2026/4/22 下午5:20:10] ✅ 檢查完成：最近 20 筆發票記錄正常，無儲值金誤開發票
[2026/4/22 下午5:20:10] 🔍 GiveMe API 監控完成
[2026/4/22 下午5:50:20] 🔍 GiveMe API 監控開始
[2026/4/22 下午5:50:20] 🛡️ 防護機制狀態正常：腳本層 ✅ API層 ✅
[2026/4/22 下午5:50:20] ✅ 檢查完成：最近 20 筆發票記錄正常，無儲值金誤開發票
[2026/4/22 下午5:50:20] 🔍 GiveMe API 監控完成
[2026/4/22 下午6:20:30] 🔍 GiveMe API 監控開始
[2026/4/22 下午6:20:30] 🛡️ 防護機制狀態正常：腳本層 ✅ API層 ✅
[2026/4/22 下午6:20:30] ✅ 檢查完成：最近 20 筆發票記錄正常，無儲值金誤開發票
[2026/4/22 下午6:20:30] 🔍 GiveMe API 監控完成
[2026/4/22 下午6:50:41] 🔍 GiveMe API 監控開始
[2026/4/22 下午6:50:41] 🛡️ 防護機制狀態正常：腳本層 ✅ API層 ✅
[2026/4/22 下午6:50:41] ✅ 檢查完成：最近 20 筆發票記錄正常，無儲值金誤開發票
[2026/4/22 下午6:50:41] 🔍 GiveMe API 監控完成
[2026/4/22 下午7:20:51] 🔍 GiveMe API 監控開始
[2026/4/22 下午7:20:51] 🛡️ 防護機制狀態正常：腳本層 ✅ API層 ✅
[2026/4/22 下午7:20:51] ✅ 檢查完成：最近 20 筆發票記錄正常，無儲值金誤開發票
[2026/4/22 下午7:20:51] 🔍 GiveMe API 監控完成
[2026/4/22 下午7:51:01] 🔍 GiveMe API 監控開始
[2026/4/22 下午7:51:01] 🛡️ 防護機制狀態正常：腳本層 ✅ API層 ✅
[2026/4/22 下午7:51:01] ✅ 檢查完成：最近 20 筆發票記錄正常，無儲值金誤開發票
[2026/4/22 下午7:51:01] 🔍 GiveMe API 監控完成
[2026/4/22 下午8:21:11] 🔍 GiveMe API 監控開始
[2026/4/22 下午8:21:11] 🛡️ 防護機制狀態正常：腳本層 ✅ API層 ✅
[2026/4/22 下午8:21:11] ✅ 檢查完成：最近 20 筆發票記錄正常，無儲值金誤開發票
[2026/4/22 下午8:21:11] 🔍 GiveMe API 監控完成
[2026/4/22 下午8:51:21] 🔍 GiveMe API 監控開始
[2026/4/22 下午8:51:21] 🛡️ 防護機制狀態正常：腳本層 ✅ API層 ✅
[2026/4/22 下午8:51:21] ✅ 檢查完成：最近 20 筆發票記錄正常，無儲值金誤開發票
[2026/4/22 下午8:51:21] 🔍 GiveMe API 監控完成
[2026/4/22 下午9:21:31] 🔍 GiveMe API 監控開始
[2026/4/22 下午9:21:31] 🛡️ 防護機制狀態正常：腳本層 ✅ API層 ✅
[2026/4/22 下午9:21:31] ✅ 檢查完成：最近 20 筆發票記錄正常，無儲值金誤開發票
[2026/4/22 下午9:21:31] 🔍 GiveMe API 監控完成
[2026/4/22 下午9:51:42] 🔍 GiveMe API 監控開始
[2026/4/22 下午9:51:42] 🛡️ 防護機制狀態正常：腳本層 ✅ API層 ✅
[2026/4/22 下午9:51:42] ✅ 檢查完成：最近 20 筆發票記錄正常，無儲值金誤開發票
[2026/4/22 下午9:51:42] 🔍 GiveMe API 監控完成
[2026/4/22 下午10:21:52] 🔍 GiveMe API 監控開始
[2026/4/22 下午10:21:52] 🛡️ 防護機制狀態正常：腳本層 ✅ API層 ✅
[2026/4/22 下午10:21:52] ✅ 檢查完成：最近 20 筆發票記錄正常，無儲值金誤開發票
[2026/4/22 下午10:21:52] 🔍 GiveMe API 監控完成
[2026/4/22 下午10:52:02] 🔍 GiveMe API 監控開始
[2026/4/22 下午10:52:02] 🛡️ 防護機制狀態正常：腳本層 ✅ API層 ✅
[2026/4/22 下午10:52:02] ✅ 檢查完成：最近 20 筆發票記錄正常，無儲值金誤開發票
[2026/4/22 下午10:52:02] 🔍 GiveMe API 監控完成
[2026/4/22 下午11:22:12] 🔍 GiveMe API 監控開始
[2026/4/22 下午11:22:12] 🛡️ 防護機制狀態正常：腳本層 ✅ API層 ✅
[2026/4/22 下午11:22:12] ✅ 檢查完成：最近 20 筆發票記錄正常，無儲值金誤開發票
[2026/4/22 下午11:22:12] 🔍 GiveMe API 監控完成
[2026/4/22 下午11:52:22] 🔍 GiveMe API 監控開始
[2026/4/22 下午11:52:22] 🛡️ 防護機制狀態正常：腳本層 ✅ API層 ✅
[2026/4/22 下午11:52:22] ✅ 檢查完成：最近 20 筆發票記錄正常，無儲值金誤開發票
[2026/4/22 下午11:52:22] 🔍 GiveMe API 監控完成
[2026/4/23 上午12:22:32] 🔍 GiveMe API 監控開始
[2026/4/23 上午12:22:32] 🛡️ 防護機制狀態正常：腳本層 ✅ API層 ✅
[2026/4/23 上午12:22:32] ✅ 檢查完成：最近 20 筆發票記錄正常，無儲值金誤開發票
[2026/4/23 上午12:22:32] 🔍 GiveMe API 監控完成
[2026/4/23 上午12:52:43] 🔍 GiveMe API 監控開始
[2026/4/23 上午12:52:43] 🛡️ 防護機制狀態正常：腳本層 ✅ API層 ✅
[2026/4/23 上午12:52:43] ✅ 檢查完成：最近 20 筆發票記錄正常，無儲值金誤開發票
[2026/4/23 上午12:52:43] 🔍 GiveMe API 監控完成
[2026/4/23 上午1:22:53] 🔍 GiveMe API 監控開始
[2026/4/23 上午1:22:53] 🛡️ 防護機制狀態正常：腳本層 ✅ API層 ✅
[2026/4/23 上午1:22:53] ✅ 檢查完成：最近 20 筆發票記錄正常，無儲值金誤開發票
[2026/4/23 上午1:22:53] 🔍 GiveMe API 監控完成
[2026/4/23 上午1:53:03] 🔍 GiveMe API 監控開始
[2026/4/23 上午1:53:03] 🛡️ 防護機制狀態正常：腳本層 ✅ API層 ✅
[2026/4/23 上午1:53:03] ✅ 檢查完成：最近 20 筆發票記錄正常，無儲值金誤開發票
[2026/4/23 上午1:53:03] 🔍 GiveMe API 監控完成
[2026/4/23 上午2:23:13] 🔍 GiveMe API 監控開始
[2026/4/23 上午2:23:13] 🛡️ 防護機制狀態正常：腳本層 ✅ API層 ✅
[2026/4/23 上午2:23:13] ✅ 檢查完成：最近 20 筆發票記錄正常，無儲值金誤開發票
[2026/4/23 上午2:23:13] 🔍 GiveMe API 監控完成
[2026/4/23 上午2:53:23] 🔍 GiveMe API 監控開始
[2026/4/23 上午2:53:23] 🛡️ 防護機制狀態正常：腳本層 ✅ API層 ✅
[2026/4/23 上午2:53:23] ✅ 檢查完成：最近 20 筆發票記錄正常，無儲值金誤開發票
[2026/4/23 上午2:53:23] 🔍 GiveMe API 監控完成
[2026/4/23 上午3:23:34] 🔍 GiveMe API 監控開始
[2026/4/23 上午3:23:34] 🛡️ 防護機制狀態正常：腳本層 ✅ API層 ✅
[2026/4/23 上午3:23:34] ✅ 檢查完成：最近 20 筆發票記錄正常，無儲值金誤開發票
[2026/4/23 上午3:23:34] 🔍 GiveMe API 監控完成
[2026/4/23 上午3:53:44] 🔍 GiveMe API 監控開始
[2026/4/23 上午3:53:44] 🛡️ 防護機制狀態正常：腳本層 ✅ API層 ✅
[2026/4/23 上午3:53:44] ✅ 檢查完成：最近 20 筆發票記錄正常，無儲值金誤開發票
[2026/4/23 上午3:53:44] 🔍 GiveMe API 監控完成
[2026/4/23 上午4:23:54] 🔍 GiveMe API 監控開始
[2026/4/23 上午4:23:54] 🛡️ 防護機制狀態正常：腳本層 ✅ API層 ✅
[2026/4/23 上午4:23:54] ✅ 檢查完成：最近 20 筆發票記錄正常，無儲值金誤開發票
[2026/4/23 上午4:23:54] 🔍 GiveMe API 監控完成
[2026/4/23 上午4:54:04] 🔍 GiveMe API 監控開始
[2026/4/23 上午4:54:04] 🛡️ 防護機制狀態正常：腳本層 ✅ API層 ✅
[2026/4/23 上午4:54:04] ✅ 檢查完成：最近 20 筆發票記錄正常，無儲值金誤開發票
[2026/4/23 上午4:54:04] 🔍 GiveMe API 監控完成
[2026/4/23 上午5:24:14] 🔍 GiveMe API 監控開始
[2026/4/23 上午5:24:14] 🛡️ 防護機制狀態正常：腳本層 ✅ API層 ✅
[2026/4/23 上午5:24:14] ✅ 檢查完成：最近 20 筆發票記錄正常，無儲值金誤開發票
[2026/4/23 上午5:24:14] 🔍 GiveMe API 監控完成
[2026/4/23 上午5:54:24] 🔍 GiveMe API 監控開始
[2026/4/23 上午5:54:24] 🛡️ 防護機制狀態正常：腳本層 ✅ API層 ✅
[2026/4/23 上午5:54:24] ✅ 檢查完成：最近 20 筆發票記錄正常，無儲值金誤開發票
[2026/4/23 上午5:54:24] 🔍 GiveMe API 監控完成
[2026/4/23 上午6:24:35] 🔍 GiveMe API 監控開始
[2026/4/23 上午6:24:35] 🛡️ 防護機制狀態正常：腳本層 ✅ API層 ✅
[2026/4/23 上午6:24:35] ✅ 檢查完成：最近 20 筆發票記錄正常，無儲值金誤開發票
[2026/4/23 上午6:24:35] 🔍 GiveMe API 監控完成
[2026/4/23 上午6:54:45] 🔍 GiveMe API 監控開始
[2026/4/23 上午6:54:45] 🛡️ 防護機制狀態正常：腳本層 ✅ API層 ✅
[2026/4/23 上午6:54:45] ✅ 檢查完成：最近 20 筆發票記錄正常，無儲值金誤開發票
[2026/4/23 上午6:54:45] 🔍 GiveMe API 監控完成
[2026/4/23 上午7:24:55] 🔍 GiveMe API 監控開始
[2026/4/23 上午7:24:55] 🛡️ 防護機制狀態正常：腳本層 ✅ API層 ✅
[2026/4/23 上午7:24:55] ✅ 檢查完成：最近 20 筆發票記錄正常，無儲值金誤開發票
[2026/4/23 上午7:24:55] 🔍 GiveMe API 監控完成
[2026/4/23 上午7:55:05] 🔍 GiveMe API 監控開始
[2026/4/23 上午7:55:05] 🛡️ 防護機制狀態正常：腳本層 ✅ API層 ✅
[2026/4/23 上午7:55:05] ✅ 檢查完成：最近 20 筆發票記錄正常，無儲值金誤開發票
[2026/4/23 上午7:55:05] 🔍 GiveMe API 監控完成
[2026/4/23 上午8:25:15] 🔍 GiveMe API 監控開始
[2026/4/23 上午8:25:15] 🛡️ 防護機制狀態正常：腳本層 ✅ API層 ✅
[2026/4/23 上午8:25:15] ✅ 檢查完成：最近 20 筆發票記錄正常，無儲值金誤開發票
[2026/4/23 上午8:25:15] 🔍 GiveMe API 監控完成
[2026/4/23 上午8:55:25] 🔍 GiveMe API 監控開始
[2026/4/23 上午8:55:25] 🛡️ 防護機制狀態正常：腳本層 ✅ API層 ✅
[2026/4/23 上午8:55:26] ✅ 檢查完成：最近 20 筆發票記錄正常，無儲值金誤開發票
[2026/4/23 上午8:55:26] 🔍 GiveMe API 監控完成
[2026/4/23 上午9:25:36] 🔍 GiveMe API 監控開始
[2026/4/23 上午9:25:36] 🛡️ 防護機制狀態正常：腳本層 ✅ API層 ✅
[2026/4/23 上午9:25:36] ✅ 檢查完成：最近 20 筆發票記錄正常，無儲值金誤開發票
[2026/4/23 上午9:25:36] 🔍 GiveMe API 監控完成
[2026/4/23 上午9:55:46] 🔍 GiveMe API 監控開始
[2026/4/23 上午9:55:46] 🛡️ 防護機制狀態正常：腳本層 ✅ API層 ✅
[2026/4/23 上午9:55:46] ✅ 檢查完成：最近 20 筆發票記錄正常，無儲值金誤開發票
[2026/4/23 上午9:55:46] 🔍 GiveMe API 監控完成
[2026/4/23 上午10:25:56] 🔍 GiveMe API 監控開始
[2026/4/23 上午10:25:56] 🛡️ 防護機制狀態正常：腳本層 ✅ API層 ✅
[2026/4/23 上午10:25:56] ✅ 檢查完成：最近 20 筆發票記錄正常，無儲值金誤開發票
[2026/4/23 上午10:25:56] 🔍 GiveMe API 監控完成
[2026/4/23 上午10:56:06] 🔍 GiveMe API 監控開始
[2026/4/23 上午10:56:06] 🛡️ 防護機制狀態正常：腳本層 ✅ API層 ✅
[2026/4/23 上午10:56:06] ❌ 監控檢查失敗:
[2026/4/23 上午10:56:06] 🔍 GiveMe API 監控完成
[2026/4/23 上午11:01:22] 🔍 GiveMe API 監控開始
[2026/4/23 上午11:01:22] 🛡️ 防護機制狀態正常：腳本層 ✅ API層 ✅
[2026/4/23 上午11:01:22] ❌ 監控檢查失敗:
[2026/4/23 上午11:01:22] 🔍 GiveMe API 監控完成
[2026/4/23 上午11:31:23] 🔍 GiveMe API 監控開始
[2026/4/23 上午11:31:23] 🛡️ 防護機制狀態正常：腳本層 ✅ API層 ✅
[2026/4/23 上午11:31:23] ✅ 檢查完成：最近 20 筆發票記錄正常，無儲值金誤開發票
[2026/4/23 上午11:31:23] 🔍 GiveMe API 監控完成
[2026/4/23 下午12:01:33] 🔍 GiveMe API 監控開始
[2026/4/23 下午12:01:33] 🛡️ 防護機制狀態正常：腳本層 ✅ API層 ✅
[2026/4/23 下午12:01:33] ✅ 檢查完成：最近 20 筆發票記錄正常，無儲值金誤開發票
[2026/4/23 下午12:01:33] 🔍 GiveMe API 監控完成
[2026/4/23 下午12:31:43] 🔍 GiveMe API 監控開始
[2026/4/23 下午12:31:43] 🛡️ 防護機制狀態正常：腳本層 ✅ API層 ✅
[2026/4/23 下午12:31:43] ✅ 檢查完成：最近 20 筆發票記錄正常，無儲值金誤開發票
[2026/4/23 下午12:31:43] 🔍 GiveMe API 監控完成
[2026/4/23 下午1:01:53] 🔍 GiveMe API 監控開始
[2026/4/23 下午1:01:53] 🛡️ 防護機制狀態正常：腳本層 ✅ API層 ✅
[2026/4/23 下午1:01:53] ✅ 檢查完成：最近 20 筆發票記錄正常，無儲值金誤開發票
[2026/4/23 下午1:01:53] 🔍 GiveMe API 監控完成
[2026/4/23 下午1:32:03] 🔍 GiveMe API 監控開始
[2026/4/23 下午1:32:03] 🛡️ 防護機制狀態正常：腳本層 ✅ API層 ✅
[2026/4/23 下午1:32:03] ✅ 檢查完成：最近 20 筆發票記錄正常，無儲值金誤開發票
[2026/4/23 下午1:32:03] 🔍 GiveMe API 監控完成
[2026/4/23 下午2:02:13] 🔍 GiveMe API 監控開始
[2026/4/23 下午2:02:13] 🛡️ 防護機制狀態正常：腳本層 ✅ API層 ✅
[2026/4/23 下午2:02:13] ✅ 檢查完成：最近 20 筆發票記錄正常，無儲值金誤開發票
[2026/4/23 下午2:02:13] 🔍 GiveMe API 監控完成
[2026/4/23 下午2:32:23] 🔍 GiveMe API 監控開始
[2026/4/23 下午2:32:23] 🛡️ 防護機制狀態正常：腳本層 ✅ API層 ✅
[2026/4/23 下午2:32:23] ✅ 檢查完成：最近 20 筆發票記錄正常，無儲值金誤開發票
[2026/4/23 下午2:32:23] 🔍 GiveMe API 監控完成
[2026/4/23 下午3:02:34] 🔍 GiveMe API 監控開始
[2026/4/23 下午3:02:34] 🛡️ 防護機制狀態正常：腳本層 ✅ API層 ✅
[2026/4/23 下午3:02:34] ✅ 檢查完成：最近 20 筆發票記錄正常，無儲值金誤開發票
[2026/4/23 下午3:02:34] 🔍 GiveMe API 監控完成
[2026/4/23 下午3:32:44] 🔍 GiveMe API 監控開始
[2026/4/23 下午3:32:44] 🛡️ 防護機制狀態正常：腳本層 ✅ API層 ✅
[2026/4/23 下午3:32:44] ✅ 檢查完成：最近 20 筆發票記錄正常，無儲值金誤開發票
[2026/4/23 下午3:32:44] 🔍 GiveMe API 監控完成
[2026/4/23 下午4:02:54] 🔍 GiveMe API 監控開始
[2026/4/23 下午4:02:54] 🛡️ 防護機制狀態正常：腳本層 ✅ API層 ✅
[2026/4/23 下午4:02:54] ✅ 檢查完成：最近 20 筆發票記錄正常，無儲值金誤開發票
[2026/4/23 下午4:02:54] 🔍 GiveMe API 監控完成
[2026/4/23 下午4:33:04] 🔍 GiveMe API 監控開始
[2026/4/23 下午4:33:04] 🛡️ 防護機制狀態正常：腳本層 ✅ API層 ✅
[2026/4/23 下午4:33:04] ✅ 檢查完成：最近 20 筆發票記錄正常，無儲值金誤開發票
[2026/4/23 下午4:33:04] 🔍 GiveMe API 監控完成
[2026/4/23 下午5:03:14] 🔍 GiveMe API 監控開始
[2026/4/23 下午5:03:14] 🛡️ 防護機制狀態正常：腳本層 ✅ API層 ✅
[2026/4/23 下午5:03:14] ✅ 檢查完成：最近 20 筆發票記錄正常，無儲值金誤開發票
[2026/4/23 下午5:03:14] 🔍 GiveMe API 監控完成
[2026/4/23 下午5:33:25] 🔍 GiveMe API 監控開始
[2026/4/23 下午5:33:25] 🛡️ 防護機制狀態正常：腳本層 ✅ API層 ✅
[2026/4/23 下午5:33:25] ✅ 檢查完成：最近 20 筆發票記錄正常，無儲值金誤開發票
[2026/4/23 下午5:33:25] 🔍 GiveMe API 監控完成
[2026/4/23 下午6:03:35] 🔍 GiveMe API 監控開始
[2026/4/23 下午6:03:35] 🛡️ 防護機制狀態正常：腳本層 ✅ API層 ✅
[2026/4/23 下午6:03:35] ✅ 檢查完成：最近 20 筆發票記錄正常，無儲值金誤開發票
[2026/4/23 下午6:03:35] 🔍 GiveMe API 監控完成
[2026/4/23 下午6:33:45] 🔍 GiveMe API 監控開始
[2026/4/23 下午6:33:45] 🛡️ 防護機制狀態正常：腳本層 ✅ API層 ✅
[2026/4/23 下午6:33:45] ✅ 檢查完成：最近 20 筆發票記錄正常，無儲值金誤開發票
[2026/4/23 下午6:33:45] 🔍 GiveMe API 監控完成
[2026/4/23 下午7:03:55] 🔍 GiveMe API 監控開始
[2026/4/23 下午7:03:55] 🛡️ 防護機制狀態正常：腳本層 ✅ API層 ✅
[2026/4/23 下午7:03:55] ✅ 檢查完成：最近 20 筆發票記錄正常，無儲值金誤開發票
[2026/4/23 下午7:03:55] 🔍 GiveMe API 監控完成
[2026/4/23 下午7:34:05] 🔍 GiveMe API 監控開始
[2026/4/23 下午7:34:05] 🛡️ 防護機制狀態正常：腳本層 ✅ API層 ✅
[2026/4/23 下午7:34:05] ✅ 檢查完成：最近 20 筆發票記錄正常，無儲值金誤開發票
[2026/4/23 下午7:34:05] 🔍 GiveMe API 監控完成
[2026/4/23 下午8:04:15] 🔍 GiveMe API 監控開始
[2026/4/23 下午8:04:15] 🛡️ 防護機制狀態正常：腳本層 ✅ API層 ✅
[2026/4/23 下午8:04:15] ✅ 檢查完成：最近 20 筆發票記錄正常，無儲值金誤開發票
[2026/4/23 下午8:04:15] 🔍 GiveMe API 監控完成
[2026/4/23 下午8:34:25] 🔍 GiveMe API 監控開始
[2026/4/23 下午8:34:25] 🛡️ 防護機制狀態正常：腳本層 ✅ API層 ✅
[2026/4/23 下午8:34:26] ✅ 檢查完成：最近 20 筆發票記錄正常，無儲值金誤開發票
[2026/4/23 下午8:34:26] 🔍 GiveMe API 監控完成
[2026/4/23 下午9:04:36] 🔍 GiveMe API 監控開始
[2026/4/23 下午9:04:36] 🛡️ 防護機制狀態正常：腳本層 ✅ API層 ✅
[2026/4/23 下午9:04:36] ✅ 檢查完成：最近 20 筆發票記錄正常，無儲值金誤開發票
[2026/4/23 下午9:04:36] 🔍 GiveMe API 監控完成
[2026/4/23 下午9:34:46] 🔍 GiveMe API 監控開始
[2026/4/23 下午9:34:46] 🛡️ 防護機制狀態正常：腳本層 ✅ API層 ✅
[2026/4/23 下午9:34:46] ✅ 檢查完成：最近 20 筆發票記錄正常，無儲值金誤開發票
[2026/4/23 下午9:34:46] 🔍 GiveMe API 監控完成
[2026/4/23 下午10:04:56] 🔍 GiveMe API 監控開始
[2026/4/23 下午10:04:56] 🛡️ 防護機制狀態正常：腳本層 ✅ API層 ✅
[2026/4/23 下午10:04:56] ✅ 檢查完成：最近 20 筆發票記錄正常，無儲值金誤開發票
[2026/4/23 下午10:04:56] 🔍 GiveMe API 監控完成
[2026/4/23 下午10:35:06] 🔍 GiveMe API 監控開始
[2026/4/23 下午10:35:06] 🛡️ 防護機制狀態正常：腳本層 ✅ API層 ✅
[2026/4/23 下午10:35:06] ✅ 檢查完成：最近 20 筆發票記錄正常，無儲值金誤開發票
[2026/4/23 下午10:35:06] 🔍 GiveMe API 監控完成
[2026/4/23 下午11:05:16] 🔍 GiveMe API 監控開始
[2026/4/23 下午11:05:16] 🛡️ 防護機制狀態正常：腳本層 ✅ API層 ✅
[2026/4/23 下午11:05:16] ✅ 檢查完成：最近 20 筆發票記錄正常，無儲值金誤開發票
[2026/4/23 下午11:05:16] 🔍 GiveMe API 監控完成
[2026/4/23 下午11:35:26] 🔍 GiveMe API 監控開始
[2026/4/23 下午11:35:26] 🛡️ 防護機制狀態正常：腳本層 ✅ API層 ✅
[2026/4/23 下午11:35:27] ✅ 檢查完成：最近 20 筆發票記錄正常，無儲值金誤開發票
[2026/4/23 下午11:35:27] 🔍 GiveMe API 監控完成
[2026/4/24 上午12:05:37] 🔍 GiveMe API 監控開始
[2026/4/24 上午12:05:37] 🛡️ 防護機制狀態正常：腳本層 ✅ API層 ✅
[2026/4/24 上午12:05:37] ✅ 檢查完成：最近 20 筆發票記錄正常，無儲值金誤開發票
[2026/4/24 上午12:05:37] 🔍 GiveMe API 監控完成
[2026/4/24 上午12:35:47] 🔍 GiveMe API 監控開始
[2026/4/24 上午12:35:47] 🛡️ 防護機制狀態正常：腳本層 ✅ API層 ✅
[2026/4/24 上午12:35:47] ✅ 檢查完成：最近 20 筆發票記錄正常，無儲值金誤開發票
[2026/4/24 上午12:35:47] 🔍 GiveMe API 監控完成
[2026/4/24 上午1:05:57] 🔍 GiveMe API 監控開始
[2026/4/24 上午1:05:57] 🛡️ 防護機制狀態正常：腳本層 ✅ API層 ✅
[2026/4/24 上午1:05:57] ✅ 檢查完成：最近 20 筆發票記錄正常，無儲值金誤開發票
[2026/4/24 上午1:05:57] 🔍 GiveMe API 監控完成
[2026/4/24 上午1:36:07] 🔍 GiveMe API 監控開始
[2026/4/24 上午1:36:07] 🛡️ 防護機制狀態正常：腳本層 ✅ API層 ✅
[2026/4/24 上午1:36:07] ✅ 檢查完成：最近 20 筆發票記錄正常，無儲值金誤開發票
[2026/4/24 上午1:36:07] 🔍 GiveMe API 監控完成
[2026/4/24 上午2:06:17] 🔍 GiveMe API 監控開始
[2026/4/24 上午2:06:17] 🛡️ 防護機制狀態正常：腳本層 ✅ API層 ✅
[2026/4/24 上午2:06:17] ✅ 檢查完成：最近 20 筆發票記錄正常，無儲值金誤開發票
[2026/4/24 上午2:06:17] 🔍 GiveMe API 監控完成
[2026/4/24 上午2:36:27] 🔍 GiveMe API 監控開始
[2026/4/24 上午2:36:27] 🛡️ 防護機制狀態正常：腳本層 ✅ API層 ✅
[2026/4/24 上午2:36:28] ✅ 檢查完成：最近 20 筆發票記錄正常，無儲值金誤開發票
[2026/4/24 上午2:36:28] 🔍 GiveMe API 監控完成
[2026/4/24 上午3:06:38] 🔍 GiveMe API 監控開始
[2026/4/24 上午3:06:38] 🛡️ 防護機制狀態正常：腳本層 ✅ API層 ✅
[2026/4/24 上午3:06:38] ✅ 檢查完成：最近 20 筆發票記錄正常，無儲值金誤開發票
[2026/4/24 上午3:06:38] 🔍 GiveMe API 監控完成
[2026/4/24 上午3:36:48] 🔍 GiveMe API 監控開始
[2026/4/24 上午3:36:48] 🛡️ 防護機制狀態正常：腳本層 ✅ API層 ✅
[2026/4/24 上午3:36:48] ✅ 檢查完成：最近 20 筆發票記錄正常，無儲值金誤開發票
[2026/4/24 上午3:36:48] 🔍 GiveMe API 監控完成
[2026/4/24 上午4:06:58] 🔍 GiveMe API 監控開始
[2026/4/24 上午4:06:58] 🛡️ 防護機制狀態正常：腳本層 ✅ API層 ✅
[2026/4/24 上午4:06:58] ✅ 檢查完成：最近 20 筆發票記錄正常，無儲值金誤開發票
[2026/4/24 上午4:06:58] 🔍 GiveMe API 監控完成
[2026/4/24 上午4:37:08] 🔍 GiveMe API 監控開始
[2026/4/24 上午4:37:08] 🛡️ 防護機制狀態正常：腳本層 ✅ API層 ✅
[2026/4/24 上午4:37:08] ✅ 檢查完成：最近 20 筆發票記錄正常，無儲值金誤開發票
[2026/4/24 上午4:37:08] 🔍 GiveMe API 監控完成
[2026/4/24 上午5:07:18] 🔍 GiveMe API 監控開始
[2026/4/24 上午5:07:18] 🛡️ 防護機制狀態正常：腳本層 ✅ API層 ✅
[2026/4/24 上午5:07:18] ✅ 檢查完成：最近 20 筆發票記錄正常，無儲值金誤開發票
[2026/4/24 上午5:07:18] 🔍 GiveMe API 監控完成
[2026/4/24 上午5:37:29] 🔍 GiveMe API 監控開始
[2026/4/24 上午5:37:29] 🛡️ 防護機制狀態正常：腳本層 ✅ API層 ✅
[2026/4/24 上午5:37:29] ✅ 檢查完成：最近 20 筆發票記錄正常，無儲值金誤開發票
[2026/4/24 上午5:37:29] 🔍 GiveMe API 監控完成
[2026/4/24 上午6:07:39] 🔍 GiveMe API 監控開始
[2026/4/24 上午6:07:39] 🛡️ 防護機制狀態正常：腳本層 ✅ API層 ✅
[2026/4/24 上午6:07:39] ✅ 檢查完成：最近 20 筆發票記錄正常，無儲值金誤開發票
[2026/4/24 上午6:07:39] 🔍 GiveMe API 監控完成
[2026/4/24 上午6:37:49] 🔍 GiveMe API 監控開始
[2026/4/24 上午6:37:49] 🛡️ 防護機制狀態正常：腳本層 ✅ API層 ✅
[2026/4/24 上午6:37:49] ✅ 檢查完成：最近 20 筆發票記錄正常，無儲值金誤開發票
[2026/4/24 上午6:37:49] 🔍 GiveMe API 監控完成
[2026/4/24 上午7:07:59] 🔍 GiveMe API 監控開始
[2026/4/24 上午7:07:59] 🛡️ 防護機制狀態正常：腳本層 ✅ API層 ✅
[2026/4/24 上午7:07:59] ✅ 檢查完成：最近 20 筆發票記錄正常，無儲值金誤開發票
[2026/4/24 上午7:07:59] 🔍 GiveMe API 監控完成
[2026/4/24 上午7:38:09] 🔍 GiveMe API 監控開始
[2026/4/24 上午7:38:09] 🛡️ 防護機制狀態正常：腳本層 ✅ API層 ✅
[2026/4/24 上午7:38:09] ✅ 檢查完成：最近 20 筆發票記錄正常，無儲值金誤開發票
[2026/4/24 上午7:38:09] 🔍 GiveMe API 監控完成
[2026/4/24 上午8:08:19] 🔍 GiveMe API 監控開始
[2026/4/24 上午8:08:19] 🛡️ 防護機制狀態正常：腳本層 ✅ API層 ✅
[2026/4/24 上午8:08:19] ✅ 檢查完成：最近 20 筆發票記錄正常，無儲值金誤開發票
[2026/4/24 上午8:08:19] 🔍 GiveMe API 監控完成
[2026/4/24 上午8:38:30] 🔍 GiveMe API 監控開始
[2026/4/24 上午8:38:30] 🛡️ 防護機制狀態正常：腳本層 ✅ API層 ✅
[2026/4/24 上午8:38:30] ✅ 檢查完成：最近 20 筆發票記錄正常，無儲值金誤開發票
[2026/4/24 上午8:38:30] 🔍 GiveMe API 監控完成
[2026/4/24 上午9:08:40] 🔍 GiveMe API 監控開始
[2026/4/24 上午9:08:40] 🛡️ 防護機制狀態正常：腳本層 ✅ API層 ✅
[2026/4/24 上午9:08:40] ✅ 檢查完成：最近 20 筆發票記錄正常，無儲值金誤開發票
[2026/4/24 上午9:08:40] 🔍 GiveMe API 監控完成
[2026/4/24 上午9:38:50] 🔍 GiveMe API 監控開始
[2026/4/24 上午9:38:50] 🛡️ 防護機制狀態正常：腳本層 ✅ API層 ✅
[2026/4/24 上午9:38:50] ✅ 檢查完成：最近 20 筆發票記錄正常，無儲值金誤開發票
[2026/4/24 上午9:38:50] 🔍 GiveMe API 監控完成
[2026/4/24 上午10:09:00] 🔍 GiveMe API 監控開始
[2026/4/24 上午10:09:00] 🛡️ 防護機制狀態正常：腳本層 ✅ API層 ✅
[2026/4/24 上午10:09:00] ✅ 檢查完成：最近 20 筆發票記錄正常，無儲值金誤開發票
[2026/4/24 上午10:09:00] 🔍 GiveMe API 監控完成
[2026/4/24 上午10:39:10] 🔍 GiveMe API 監控開始
[2026/4/24 上午10:39:10] 🛡️ 防護機制狀態正常：腳本層 ✅ API層 ✅
[2026/4/24 上午10:39:10] ✅ 檢查完成：最近 20 筆發票記錄正常，無儲值金誤開發票
[2026/4/24 上午10:39:10] 🔍 GiveMe API 監控完成
[2026/4/24 上午11:09:20] 🔍 GiveMe API 監控開始
[2026/4/24 上午11:09:20] 🛡️ 防護機制狀態正常：腳本層 ✅ API層 ✅
[2026/4/24 上午11:09:20] ✅ 檢查完成：最近 20 筆發票記錄正常，無儲值金誤開發票
[2026/4/24 上午11:09:20] 🔍 GiveMe API 監控完成
[2026/4/24 上午11:39:31] 🔍 GiveMe API 監控開始
[2026/4/24 上午11:39:31] 🛡️ 防護機制狀態正常：腳本層 ✅ API層 ✅
[2026/4/24 上午11:39:31] ✅ 檢查完成：最近 20 筆發票記錄正常，無儲值金誤開發票
[2026/4/24 上午11:39:31] 🔍 GiveMe API 監控完成
[2026/4/24 下午12:09:41] 🔍 GiveMe API 監控開始
[2026/4/24 下午12:09:41] 🛡️ 防護機制狀態正常：腳本層 ✅ API層 ✅
[2026/4/24 下午12:09:41] ✅ 檢查完成：最近 20 筆發票記錄正常，無儲值金誤開發票
[2026/4/24 下午12:09:41] 🔍 GiveMe API 監控完成
[2026/4/24 下午12:39:51] 🔍 GiveMe API 監控開始
[2026/4/24 下午12:39:51] 🛡️ 防護機制狀態正常：腳本層 ✅ API層 ✅
[2026/4/24 下午12:39:51] ✅ 檢查完成：最近 20 筆發票記錄正常，無儲值金誤開發票
[2026/4/24 下午12:39:51] 🔍 GiveMe API 監控完成
[2026/4/24 下午1:10:01] 🔍 GiveMe API 監控開始
[2026/4/24 下午1:10:01] 🛡️ 防護機制狀態正常：腳本層 ✅ API層 ✅
[2026/4/24 下午1:10:01] ✅ 檢查完成：最近 20 筆發票記錄正常，無儲值金誤開發票
[2026/4/24 下午1:10:01] 🔍 GiveMe API 監控完成
[2026/4/24 下午1:40:11] 🔍 GiveMe API 監控開始
[2026/4/24 下午1:40:11] 🛡️ 防護機制狀態正常：腳本層 ✅ API層 ✅
[2026/4/24 下午1:40:11] ✅ 檢查完成：最近 20 筆發票記錄正常，無儲值金誤開發票
[2026/4/24 下午1:40:11] 🔍 GiveMe API 監控完成
[2026/4/24 下午2:10:21] 🔍 GiveMe API 監控開始
[2026/4/24 下午2:10:21] 🛡️ 防護機制狀態正常：腳本層 ✅ API層 ✅
[2026/4/24 下午2:10:21] ✅ 檢查完成：最近 20 筆發票記錄正常，無儲值金誤開發票
[2026/4/24 下午2:10:21] 🔍 GiveMe API 監控完成
[2026/4/24 下午2:40:31] 🔍 GiveMe API 監控開始
[2026/4/24 下午2:40:31] 🛡️ 防護機制狀態正常：腳本層 ✅ API層 ✅
[2026/4/24 下午2:40:31] ✅ 檢查完成：最近 20 筆發票記錄正常，無儲值金誤開發票
[2026/4/24 下午2:40:31] 🔍 GiveMe API 監控完成
[2026/4/24 下午3:10:41] 🔍 GiveMe API 監控開始
[2026/4/24 下午3:10:41] 🛡️ 防護機制狀態正常：腳本層 ✅ API層 ✅
[2026/4/24 下午3:10:42] ✅ 檢查完成：最近 20 筆發票記錄正常，無儲值金誤開發票
[2026/4/24 下午3:10:42] 🔍 GiveMe API 監控完成
[2026/4/24 下午3:40:52] 🔍 GiveMe API 監控開始
[2026/4/24 下午3:40:52] 🛡️ 防護機制狀態正常：腳本層 ✅ API層 ✅
[2026/4/24 下午3:40:52] ✅ 檢查完成：最近 20 筆發票記錄正常，無儲值金誤開發票
[2026/4/24 下午3:40:52] 🔍 GiveMe API 監控完成
[2026/4/24 下午4:11:02] 🔍 GiveMe API 監控開始
[2026/4/24 下午4:11:02] 🛡️ 防護機制狀態正常：腳本層 ✅ API層 ✅
[2026/4/24 下午4:11:02] ✅ 檢查完成：最近 20 筆發票記錄正常，無儲值金誤開發票
[2026/4/24 下午4:11:02] 🔍 GiveMe API 監控完成
[2026/4/24 下午4:41:12] 🔍 GiveMe API 監控開始
[2026/4/24 下午4:41:12] 🛡️ 防護機制狀態正常：腳本層 ✅ API層 ✅
[2026/4/24 下午4:41:12] ✅ 檢查完成：最近 20 筆發票記錄正常，無儲值金誤開發票
[2026/4/24 下午4:41:12] 🔍 GiveMe API 監控完成
[2026/4/24 下午5:11:22] 🔍 GiveMe API 監控開始
[2026/4/24 下午5:11:22] 🛡️ 防護機制狀態正常：腳本層 ✅ API層 ✅
[2026/4/24 下午5:11:22] ✅ 檢查完成：最近 20 筆發票記錄正常，無儲值金誤開發票
[2026/4/24 下午5:11:22] 🔍 GiveMe API 監控完成
[2026/4/24 下午5:41:33] 🔍 GiveMe API 監控開始
[2026/4/24 下午5:41:33] 🛡️ 防護機制狀態正常：腳本層 ✅ API層 ✅
[2026/4/24 下午5:41:33] ✅ 檢查完成：最近 20 筆發票記錄正常，無儲值金誤開發票
[2026/4/24 下午5:41:33] 🔍 GiveMe API 監控完成
[2026/4/24 下午6:11:43] 🔍 GiveMe API 監控開始
[2026/4/24 下午6:11:43] 🛡️ 防護機制狀態正常：腳本層 ✅ API層 ✅
[2026/4/24 下午6:11:43] ✅ 檢查完成：最近 20 筆發票記錄正常，無儲值金誤開發票
[2026/4/24 下午6:11:43] 🔍 GiveMe API 監控完成
[2026/4/24 下午6:41:53] 🔍 GiveMe API 監控開始
[2026/4/24 下午6:41:53] 🛡️ 防護機制狀態正常：腳本層 ✅ API層 ✅
[2026/4/24 下午6:41:53] ✅ 檢查完成：最近 20 筆發票記錄正常，無儲值金誤開發票
[2026/4/24 下午6:41:53] 🔍 GiveMe API 監控完成
[2026/4/24 下午7:12:03] 🔍 GiveMe API 監控開始
[2026/4/24 下午7:12:03] 🛡️ 防護機制狀態正常：腳本層 ✅ API層 ✅
[2026/4/24 下午7:12:03] ✅ 檢查完成：最近 20 筆發票記錄正常，無儲值金誤開發票
[2026/4/24 下午7:12:03] 🔍 GiveMe API 監控完成
[2026/4/24 下午7:42:13] 🔍 GiveMe API 監控開始
[2026/4/24 下午7:42:13] 🛡️ 防護機制狀態正常：腳本層 ✅ API層 ✅
[2026/4/24 下午7:42:13] ✅ 檢查完成：最近 20 筆發票記錄正常，無儲值金誤開發票
[2026/4/24 下午7:42:13] 🔍 GiveMe API 監控完成
[2026/4/24 下午8:12:23] 🔍 GiveMe API 監控開始
[2026/4/24 下午8:12:23] 🛡️ 防護機制狀態正常：腳本層 ✅ API層 ✅
[2026/4/24 下午8:12:23] ✅ 檢查完成：最近 20 筆發票記錄正常，無儲值金誤開發票
[2026/4/24 下午8:12:23] 🔍 GiveMe API 監控完成
[2026/4/24 下午8:42:34] 🔍 GiveMe API 監控開始
[2026/4/24 下午8:42:34] 🛡️ 防護機制狀態正常：腳本層 ✅ API層 ✅
[2026/4/24 下午8:42:34] ✅ 檢查完成：最近 20 筆發票記錄正常，無儲值金誤開發票
[2026/4/24 下午8:42:34] 🔍 GiveMe API 監控完成
[2026/4/24 下午9:12:44] 🔍 GiveMe API 監控開始
[2026/4/24 下午9:12:44] 🛡️ 防護機制狀態正常：腳本層 ✅ API層 ✅
[2026/4/24 下午9:12:44] ✅ 檢查完成：最近 20 筆發票記錄正常，無儲值金誤開發票
[2026/4/24 下午9:12:44] 🔍 GiveMe API 監控完成
[2026/4/24 下午9:42:54] 🔍 GiveMe API 監控開始
[2026/4/24 下午9:42:54] 🛡️ 防護機制狀態正常：腳本層 ✅ API層 ✅
[2026/4/24 下午9:42:54] ✅ 檢查完成：最近 20 筆發票記錄正常，無儲值金誤開發票
[2026/4/24 下午9:42:54] 🔍 GiveMe API 監控完成
[2026/4/24 下午10:13:04] 🔍 GiveMe API 監控開始
[2026/4/24 下午10:13:04] 🛡️ 防護機制狀態正常：腳本層 ✅ API層 ✅
[2026/4/24 下午10:13:04] ✅ 檢查完成：最近 20 筆發票記錄正常，無儲值金誤開發票
[2026/4/24 下午10:13:04] 🔍 GiveMe API 監控完成
[2026/4/24 下午10:43:14] 🔍 GiveMe API 監控開始
[2026/4/24 下午10:43:14] 🛡️ 防護機制狀態正常：腳本層 ✅ API層 ✅
[2026/4/24 下午10:43:14] ✅ 檢查完成：最近 20 筆發票記錄正常，無儲值金誤開發票
[2026/4/24 下午10:43:14] 🔍 GiveMe API 監控完成
[2026/4/24 下午11:13:24] 🔍 GiveMe API 監控開始
[2026/4/24 下午11:13:24] 🛡️ 防護機制狀態正常：腳本層 ✅ API層 ✅
[2026/4/24 下午11:13:24] ✅ 檢查完成：最近 20 筆發票記錄正常，無儲值金誤開發票
[2026/4/24 下午11:13:24] 🔍 GiveMe API 監控完成
[2026/4/24 下午11:43:35] 🔍 GiveMe API 監控開始
[2026/4/24 下午11:43:35] 🛡️ 防護機制狀態正常：腳本層 ✅ API層 ✅
[2026/4/24 下午11:43:35] ✅ 檢查完成：最近 20 筆發票記錄正常，無儲值金誤開發票
[2026/4/24 下午11:43:35] 🔍 GiveMe API 監控完成
[2026/4/25 上午12:13:45] 🔍 GiveMe API 監控開始
[2026/4/25 上午12:13:45] 🛡️ 防護機制狀態正常：腳本層 ✅ API層 ✅
[2026/4/25 上午12:13:45] ✅ 檢查完成：最近 20 筆發票記錄正常，無儲值金誤開發票
[2026/4/25 上午12:13:45] 🔍 GiveMe API 監控完成
[2026/4/25 上午12:43:55] 🔍 GiveMe API 監控開始
[2026/4/25 上午12:43:55] 🛡️ 防護機制狀態正常：腳本層 ✅ API層 ✅
[2026/4/25 上午12:43:55] ✅ 檢查完成：最近 20 筆發票記錄正常，無儲值金誤開發票
[2026/4/25 上午12:43:55] 🔍 GiveMe API 監控完成
[2026/4/25 上午1:14:05] 🔍 GiveMe API 監控開始
[2026/4/25 上午1:14:05] 🛡️ 防護機制狀態正常：腳本層 ✅ API層 ✅
[2026/4/25 上午1:14:05] ✅ 檢查完成：最近 20 筆發票記錄正常，無儲值金誤開發票
[2026/4/25 上午1:14:05] 🔍 GiveMe API 監控完成
[2026/4/25 上午1:44:15] 🔍 GiveMe API 監控開始
[2026/4/25 上午1:44:15] 🛡️ 防護機制狀態正常：腳本層 ✅ API層 ✅
[2026/4/25 上午1:44:15] ✅ 檢查完成：最近 20 筆發票記錄正常，無儲值金誤開發票
[2026/4/25 上午1:44:15] 🔍 GiveMe API 監控完成
[2026/4/25 上午2:14:25] 🔍 GiveMe API 監控開始
[2026/4/25 上午2:14:26] 🛡️ 防護機制狀態正常：腳本層 ✅ API層 ✅
[2026/4/25 上午2:14:26] ✅ 檢查完成：最近 20 筆發票記錄正常，無儲值金誤開發票
[2026/4/25 上午2:14:26] 🔍 GiveMe API 監控完成
[2026/4/25 上午2:44:36] 🔍 GiveMe API 監控開始
[2026/4/25 上午2:44:36] 🛡️ 防護機制狀態正常：腳本層 ✅ API層 ✅
[2026/4/25 上午2:44:36] ✅ 檢查完成：最近 20 筆發票記錄正常，無儲值金誤開發票
[2026/4/25 上午2:44:36] 🔍 GiveMe API 監控完成
[2026/4/25 上午3:14:46] 🔍 GiveMe API 監控開始
[2026/4/25 上午3:14:46] 🛡️ 防護機制狀態正常：腳本層 ✅ API層 ✅
[2026/4/25 上午3:14:46] ✅ 檢查完成：最近 20 筆發票記錄正常，無儲值金誤開發票
[2026/4/25 上午3:14:46] 🔍 GiveMe API 監控完成
[2026/4/25 上午3:44:56] 🔍 GiveMe API 監控開始
[2026/4/25 上午3:44:56] 🛡️ 防護機制狀態正常：腳本層 ✅ API層 ✅
[2026/4/25 上午3:44:56] ✅ 檢查完成：最近 20 筆發票記錄正常，無儲值金誤開發票
[2026/4/25 上午3:44:56] 🔍 GiveMe API 監控完成
[2026/4/25 上午4:15:06] 🔍 GiveMe API 監控開始
[2026/4/25 上午4:15:06] 🛡️ 防護機制狀態正常：腳本層 ✅ API層 ✅
[2026/4/25 上午4:15:06] ✅ 檢查完成：最近 20 筆發票記錄正常，無儲值金誤開發票
[2026/4/25 上午4:15:06] 🔍 GiveMe API 監控完成
[2026/4/25 上午4:45:16] 🔍 GiveMe API 監控開始
[2026/4/25 上午4:45:16] 🛡️ 防護機制狀態正常：腳本層 ✅ API層 ✅
[2026/4/25 上午4:45:16] ✅ 檢查完成：最近 20 筆發票記錄正常，無儲值金誤開發票
[2026/4/25 上午4:45:16] 🔍 GiveMe API 監控完成
[2026/4/25 上午5:15:27] 🔍 GiveMe API 監控開始
[2026/4/25 上午5:15:27] 🛡️ 防護機制狀態正常：腳本層 ✅ API層 ✅
[2026/4/25 上午5:15:27] ✅ 檢查完成：最近 20 筆發票記錄正常，無儲值金誤開發票
[2026/4/25 上午5:15:27] 🔍 GiveMe API 監控完成
[2026/4/25 上午5:45:37] 🔍 GiveMe API 監控開始
[2026/4/25 上午5:45:37] 🛡️ 防護機制狀態正常：腳本層 ✅ API層 ✅
[2026/4/25 上午5:45:37] ✅ 檢查完成：最近 20 筆發票記錄正常，無儲值金誤開發票
[2026/4/25 上午5:45:37] 🔍 GiveMe API 監控完成
[2026/4/25 上午6:15:47] 🔍 GiveMe API 監控開始
[2026/4/25 上午6:15:47] 🛡️ 防護機制狀態正常：腳本層 ✅ API層 ✅
[2026/4/25 上午6:15:47] ✅ 檢查完成：最近 20 筆發票記錄正常，無儲值金誤開發票
[2026/4/25 上午6:15:47] 🔍 GiveMe API 監控完成
[2026/4/25 上午6:45:57] 🔍 GiveMe API 監控開始
[2026/4/25 上午6:45:57] 🛡️ 防護機制狀態正常：腳本層 ✅ API層 ✅
[2026/4/25 上午6:45:57] ✅ 檢查完成：最近 20 筆發票記錄正常，無儲值金誤開發票
[2026/4/25 上午6:45:57] 🔍 GiveMe API 監控完成
[2026/4/25 上午7:16:07] 🔍 GiveMe API 監控開始
[2026/4/25 上午7:16:07] 🛡️ 防護機制狀態正常：腳本層 ✅ API層 ✅
[2026/4/25 上午7:16:07] ✅ 檢查完成：最近 20 筆發票記錄正常，無儲值金誤開發票
[2026/4/25 上午7:16:07] 🔍 GiveMe API 監控完成
[2026/4/25 上午7:46:17] 🔍 GiveMe API 監控開始
[2026/4/25 上午7:46:17] 🛡️ 防護機制狀態正常：腳本層 ✅ API層 ✅
[2026/4/25 上午7:46:17] ✅ 檢查完成：最近 20 筆發票記錄正常，無儲值金誤開發票
[2026/4/25 上午7:46:17] 🔍 GiveMe API 監控完成
[2026/4/25 上午8:16:28] 🔍 GiveMe API 監控開始
[2026/4/25 上午8:16:28] 🛡️ 防護機制狀態正常：腳本層 ✅ API層 ✅
[2026/4/25 上午8:16:28] ✅ 檢查完成：最近 20 筆發票記錄正常，無儲值金誤開發票
[2026/4/25 上午8:16:28] 🔍 GiveMe API 監控完成
[2026/4/25 上午8:46:38] 🔍 GiveMe API 監控開始
[2026/4/25 上午8:46:38] 🛡️ 防護機制狀態正常：腳本層 ✅ API層 ✅
[2026/4/25 上午8:46:38] ✅ 檢查完成：最近 20 筆發票記錄正常，無儲值金誤開發票
[2026/4/25 上午8:46:38] 🔍 GiveMe API 監控完成
[2026/4/25 上午9:16:48] 🔍 GiveMe API 監控開始
[2026/4/25 上午9:16:48] 🛡️ 防護機制狀態正常：腳本層 ✅ API層 ✅
[2026/4/25 上午9:16:48] ✅ 檢查完成：最近 20 筆發票記錄正常，無儲值金誤開發票
[2026/4/25 上午9:16:48] 🔍 GiveMe API 監控完成
[2026/4/25 上午9:46:58] 🔍 GiveMe API 監控開始
[2026/4/25 上午9:46:58] 🛡️ 防護機制狀態正常：腳本層 ✅ API層 ✅
[2026/4/25 上午9:46:58] ✅ 檢查完成：最近 20 筆發票記錄正常，無儲值金誤開發票
[2026/4/25 上午9:46:58] 🔍 GiveMe API 監控完成
[2026/4/25 上午10:17:08] 🔍 GiveMe API 監控開始
[2026/4/25 上午10:17:08] 🛡️ 防護機制狀態正常：腳本層 ✅ API層 ✅
[2026/4/25 上午10:17:08] ✅ 檢查完成：最近 20 筆發票記錄正常，無儲值金誤開發票
[2026/4/25 上午10:17:08] 🔍 GiveMe API 監控完成
[2026/4/25 上午10:47:18] 🔍 GiveMe API 監控開始
[2026/4/25 上午10:47:18] 🛡️ 防護機制狀態正常：腳本層 ✅ API層 ✅
[2026/4/25 上午10:47:18] ✅ 檢查完成：最近 20 筆發票記錄正常，無儲值金誤開發票
[2026/4/25 上午10:47:18] 🔍 GiveMe API 監控完成
[2026/4/25 上午11:17:29] 🔍 GiveMe API 監控開始
[2026/4/25 上午11:17:29] 🛡️ 防護機制狀態正常：腳本層 ✅ API層 ✅
[2026/4/25 上午11:17:29] ✅ 檢查完成：最近 20 筆發票記錄正常，無儲值金誤開發票
[2026/4/25 上午11:17:29] 🔍 GiveMe API 監控完成
[2026/4/25 上午11:47:39] 🔍 GiveMe API 監控開始
[2026/4/25 上午11:47:39] 🛡️ 防護機制狀態正常：腳本層 ✅ API層 ✅
[2026/4/25 上午11:47:39] ✅ 檢查完成：最近 20 筆發票記錄正常，無儲值金誤開發票
[2026/4/25 上午11:47:39] 🔍 GiveMe API 監控完成
[2026/4/25 下午12:17:49] 🔍 GiveMe API 監控開始
[2026/4/25 下午12:17:49] 🛡️ 防護機制狀態正常：腳本層 ✅ API層 ✅
[2026/4/25 下午12:17:49] ✅ 檢查完成：最近 20 筆發票記錄正常，無儲值金誤開發票
[2026/4/25 下午12:17:49] 🔍 GiveMe API 監控完成
[2026/4/25 下午12:47:59] 🔍 GiveMe API 監控開始
[2026/4/25 下午12:47:59] 🛡️ 防護機制狀態正常：腳本層 ✅ API層 ✅
[2026/4/25 下午12:47:59] ✅ 檢查完成：最近 20 筆發票記錄正常，無儲值金誤開發票
[2026/4/25 下午12:47:59] 🔍 GiveMe API 監控完成
[2026/4/25 下午1:18:09] 🔍 GiveMe API 監控開始
[2026/4/25 下午1:18:09] 🛡️ 防護機制狀態正常：腳本層 ✅ API層 ✅
[2026/4/25 下午1:18:09] ✅ 檢查完成：最近 20 筆發票記錄正常，無儲值金誤開發票
[2026/4/25 下午1:18:09] 🔍 GiveMe API 監控完成
[2026/4/25 下午1:48:19] 🔍 GiveMe API 監控開始
[2026/4/25 下午1:48:19] 🛡️ 防護機制狀態正常：腳本層 ✅ API層 ✅
[2026/4/25 下午1:48:19] ✅ 檢查完成：最近 20 筆發票記錄正常，無儲值金誤開發票
[2026/4/25 下午1:48:19] 🔍 GiveMe API 監控完成
[2026/4/25 下午2:18:29] 🔍 GiveMe API 監控開始
[2026/4/25 下午2:18:29] 🛡️ 防護機制狀態正常：腳本層 ✅ API層 ✅
[2026/4/25 下午2:18:29] ✅ 檢查完成：最近 20 筆發票記錄正常，無儲值金誤開發票
[2026/4/25 下午2:18:29] 🔍 GiveMe API 監控完成
[2026/4/25 下午2:48:40] 🔍 GiveMe API 監控開始
[2026/4/25 下午2:48:40] 🛡️ 防護機制狀態正常：腳本層 ✅ API層 ✅
[2026/4/25 下午2:48:40] ✅ 檢查完成：最近 20 筆發票記錄正常，無儲值金誤開發票
[2026/4/25 下午2:48:40] 🔍 GiveMe API 監控完成
[2026/4/25 下午3:18:50] 🔍 GiveMe API 監控開始
[2026/4/25 下午3:18:50] 🛡️ 防護機制狀態正常：腳本層 ✅ API層 ✅
[2026/4/25 下午3:18:50] ✅ 檢查完成：最近 20 筆發票記錄正常，無儲值金誤開發票
[2026/4/25 下午3:18:50] 🔍 GiveMe API 監控完成
[2026/4/25 下午3:49:00] 🔍 GiveMe API 監控開始
[2026/4/25 下午3:49:00] 🛡️ 防護機制狀態正常：腳本層 ✅ API層 ✅
[2026/4/25 下午3:49:00] ✅ 檢查完成：最近 20 筆發票記錄正常，無儲值金誤開發票
[2026/4/25 下午3:49:00] 🔍 GiveMe API 監控完成
[2026/4/25 下午4:19:10] 🔍 GiveMe API 監控開始
[2026/4/25 下午4:19:10] 🛡️ 防護機制狀態正常：腳本層 ✅ API層 ✅
[2026/4/25 下午4:19:10] ✅ 檢查完成：最近 20 筆發票記錄正常，無儲值金誤開發票
[2026/4/25 下午4:19:10] 🔍 GiveMe API 監控完成
[2026/4/25 下午4:49:20] 🔍 GiveMe API 監控開始
[2026/4/25 下午4:49:20] 🛡️ 防護機制狀態正常：腳本層 ✅ API層 ✅
[2026/4/25 下午4:49:20] ✅ 檢查完成：最近 20 筆發票記錄正常，無儲值金誤開發票
[2026/4/25 下午4:49:20] 🔍 GiveMe API 監控完成
[2026/4/25 下午5:19:31] 🔍 GiveMe API 監控開始
[2026/4/25 下午5:19:31] 🛡️ 防護機制狀態正常：腳本層 ✅ API層 ✅
[2026/4/25 下午5:19:31] ✅ 檢查完成：最近 20 筆發票記錄正常，無儲值金誤開發票
[2026/4/25 下午5:19:31] 🔍 GiveMe API 監控完成
[2026/4/25 下午5:49:41] 🔍 GiveMe API 監控開始
[2026/4/25 下午5:49:41] 🛡️ 防護機制狀態正常：腳本層 ✅ API層 ✅
[2026/4/25 下午5:49:41] ✅ 檢查完成：最近 20 筆發票記錄正常，無儲值金誤開發票
[2026/4/25 下午5:49:41] 🔍 GiveMe API 監控完成
[2026/4/25 下午6:19:51] 🔍 GiveMe API 監控開始
[2026/4/25 下午6:19:51] 🛡️ 防護機制狀態正常：腳本層 ✅ API層 ✅
[2026/4/25 下午6:19:51] ✅ 檢查完成：最近 20 筆發票記錄正常，無儲值金誤開發票
[2026/4/25 下午6:19:51] 🔍 GiveMe API 監控完成
[2026/4/25 下午6:50:01] 🔍 GiveMe API 監控開始
[2026/4/25 下午6:50:01] 🛡️ 防護機制狀態正常：腳本層 ✅ API層 ✅
[2026/4/25 下午6:50:01] ✅ 檢查完成：最近 20 筆發票記錄正常，無儲值金誤開發票
[2026/4/25 下午6:50:01] 🔍 GiveMe API 監控完成
[2026/4/25 下午7:20:11] 🔍 GiveMe API 監控開始
[2026/4/25 下午7:20:11] 🛡️ 防護機制狀態正常：腳本層 ✅ API層 ✅
[2026/4/25 下午7:20:11] ✅ 檢查完成：最近 20 筆發票記錄正常，無儲值金誤開發票
[2026/4/25 下午7:20:11] 🔍 GiveMe API 監控完成
[2026/4/25 下午7:50:21] 🔍 GiveMe API 監控開始
[2026/4/25 下午7:50:21] 🛡️ 防護機制狀態正常：腳本層 ✅ API層 ✅
[2026/4/25 下午7:50:21] ✅ 檢查完成：最近 20 筆發票記錄正常，無儲值金誤開發票
[2026/4/25 下午7:50:21] 🔍 GiveMe API 監控完成
[2026/4/25 下午8:20:32] 🔍 GiveMe API 監控開始
[2026/4/25 下午8:20:32] 🛡️ 防護機制狀態正常：腳本層 ✅ API層 ✅
[2026/4/25 下午8:20:32] ✅ 檢查完成：最近 20 筆發票記錄正常，無儲值金誤開發票
[2026/4/25 下午8:20:32] 🔍 GiveMe API 監控完成
[2026/4/25 下午8:50:42] 🔍 GiveMe API 監控開始
[2026/4/25 下午8:50:42] 🛡️ 防護機制狀態正常：腳本層 ✅ API層 ✅
[2026/4/25 下午8:50:42] ✅ 檢查完成：最近 20 筆發票記錄正常，無儲值金誤開發票
[2026/4/25 下午8:50:42] 🔍 GiveMe API 監控完成
[2026/4/25 下午9:20:52] 🔍 GiveMe API 監控開始
[2026/4/25 下午9:20:52] 🛡️ 防護機制狀態正常：腳本層 ✅ API層 ✅
[2026/4/25 下午9:20:52] ✅ 檢查完成：最近 20 筆發票記錄正常，無儲值金誤開發票
[2026/4/25 下午9:20:52] 🔍 GiveMe API 監控完成
[2026/4/25 下午9:51:02] 🔍 GiveMe API 監控開始
[2026/4/25 下午9:51:02] 🛡️ 防護機制狀態正常：腳本層 ✅ API層 ✅
[2026/4/25 下午9:51:02] ✅ 檢查完成：最近 20 筆發票記錄正常，無儲值金誤開發票
[2026/4/25 下午9:51:02] 🔍 GiveMe API 監控完成
[2026/4/25 下午10:21:12] 🔍 GiveMe API 監控開始
[2026/4/25 下午10:21:12] 🛡️ 防護機制狀態正常：腳本層 ✅ API層 ✅
[2026/4/25 下午10:21:12] ✅ 檢查完成：最近 20 筆發票記錄正常，無儲值金誤開發票
[2026/4/25 下午10:21:12] 🔍 GiveMe API 監控完成
[2026/4/25 下午10:51:22] 🔍 GiveMe API 監控開始
[2026/4/25 下午10:51:22] 🛡️ 防護機制狀態正常：腳本層 ✅ API層 ✅
[2026/4/25 下午10:51:22] ✅ 檢查完成：最近 20 筆發票記錄正常，無儲值金誤開發票
[2026/4/25 下午10:51:22] 🔍 GiveMe API 監控完成
[2026/4/25 下午11:21:33] 🔍 GiveMe API 監控開始
[2026/4/25 下午11:21:33] 🛡️ 防護機制狀態正常：腳本層 ✅ API層 ✅
[2026/4/25 下午11:21:33] ✅ 檢查完成：最近 20 筆發票記錄正常，無儲值金誤開發票
[2026/4/25 下午11:21:33] 🔍 GiveMe API 監控完成
[2026/4/25 下午11:51:43] 🔍 GiveMe API 監控開始
[2026/4/25 下午11:51:43] 🛡️ 防護機制狀態正常：腳本層 ✅ API層 ✅
[2026/4/25 下午11:51:43] ✅ 檢查完成：最近 20 筆發票記錄正常，無儲值金誤開發票
[2026/4/25 下午11:51:43] 🔍 GiveMe API 監控完成
[2026/4/26 上午12:21:53] 🔍 GiveMe API 監控開始
[2026/4/26 上午12:21:53] 🛡️ 防護機制狀態正常：腳本層 ✅ API層 ✅
[2026/4/26 上午12:21:53] ✅ 檢查完成：最近 20 筆發票記錄正常，無儲值金誤開發票
[2026/4/26 上午12:21:53] 🔍 GiveMe API 監控完成
[2026/4/26 上午12:52:03] 🔍 GiveMe API 監控開始
[2026/4/26 上午12:52:03] 🛡️ 防護機制狀態正常：腳本層 ✅ API層 ✅
[2026/4/26 上午12:52:03] ✅ 檢查完成：最近 20 筆發票記錄正常，無儲值金誤開發票
[2026/4/26 上午12:52:03] 🔍 GiveMe API 監控完成
[2026/4/26 上午1:22:13] 🔍 GiveMe API 監控開始
[2026/4/26 上午1:22:13] 🛡️ 防護機制狀態正常：腳本層 ✅ API層 ✅
[2026/4/26 上午1:22:13] ✅ 檢查完成：最近 20 筆發票記錄正常，無儲值金誤開發票
[2026/4/26 上午1:22:13] 🔍 GiveMe API 監控完成
[2026/4/26 上午1:52:23] 🔍 GiveMe API 監控開始
[2026/4/26 上午1:52:23] 🛡️ 防護機制狀態正常：腳本層 ✅ API層 ✅
[2026/4/26 上午1:52:23] ✅ 檢查完成：最近 20 筆發票記錄正常，無儲值金誤開發票
[2026/4/26 上午1:52:23] 🔍 GiveMe API 監控完成
[2026/4/26 上午2:22:34] 🔍 GiveMe API 監控開始
[2026/4/26 上午2:22:34] 🛡️ 防護機制狀態正常：腳本層 ✅ API層 ✅
[2026/4/26 上午2:22:34] ✅ 檢查完成：最近 20 筆發票記錄正常，無儲值金誤開發票
[2026/4/26 上午2:22:34] 🔍 GiveMe API 監控完成
[2026/4/26 上午2:52:44] 🔍 GiveMe API 監控開始
[2026/4/26 上午2:52:44] 🛡️ 防護機制狀態正常：腳本層 ✅ API層 ✅
[2026/4/26 上午2:52:44] ✅ 檢查完成：最近 20 筆發票記錄正常，無儲值金誤開發票
[2026/4/26 上午2:52:44] 🔍 GiveMe API 監控完成
[2026/4/26 上午3:22:54] 🔍 GiveMe API 監控開始
[2026/4/26 上午3:22:54] 🛡️ 防護機制狀態正常：腳本層 ✅ API層 ✅
[2026/4/26 上午3:22:54] ✅ 檢查完成：最近 20 筆發票記錄正常，無儲值金誤開發票
[2026/4/26 上午3:22:54] 🔍 GiveMe API 監控完成
[2026/4/26 上午3:53:04] 🔍 GiveMe API 監控開始
[2026/4/26 上午3:53:04] 🛡️ 防護機制狀態正常：腳本層 ✅ API層 ✅
[2026/4/26 上午3:53:04] ✅ 檢查完成：最近 20 筆發票記錄正常，無儲值金誤開發票
[2026/4/26 上午3:53:04] 🔍 GiveMe API 監控完成
[2026/4/26 上午4:23:14] 🔍 GiveMe API 監控開始
[2026/4/26 上午4:23:14] 🛡️ 防護機制狀態正常：腳本層 ✅ API層 ✅
[2026/4/26 上午4:23:14] ✅ 檢查完成：最近 20 筆發票記錄正常，無儲值金誤開發票
[2026/4/26 上午4:23:14] 🔍 GiveMe API 監控完成
[2026/4/26 上午4:53:24] 🔍 GiveMe API 監控開始
[2026/4/26 上午4:53:24] 🛡️ 防護機制狀態正常：腳本層 ✅ API層 ✅
[2026/4/26 上午4:53:24] ✅ 檢查完成：最近 20 筆發票記錄正常，無儲值金誤開發票
[2026/4/26 上午4:53:24] 🔍 GiveMe API 監控完成
[2026/4/26 上午5:23:35] 🔍 GiveMe API 監控開始
[2026/4/26 上午5:23:35] 🛡️ 防護機制狀態正常：腳本層 ✅ API層 ✅
[2026/4/26 上午5:23:35] ✅ 檢查完成：最近 20 筆發票記錄正常，無儲值金誤開發票
[2026/4/26 上午5:23:35] 🔍 GiveMe API 監控完成
[2026/4/26 上午5:53:45] 🔍 GiveMe API 監控開始
[2026/4/26 上午5:53:45] 🛡️ 防護機制狀態正常：腳本層 ✅ API層 ✅
[2026/4/26 上午5:53:45] ✅ 檢查完成：最近 20 筆發票記錄正常，無儲值金誤開發票
[2026/4/26 上午5:53:45] 🔍 GiveMe API 監控完成
[2026/4/26 上午6:23:55] 🔍 GiveMe API 監控開始
[2026/4/26 上午6:23:55] 🛡️ 防護機制狀態正常：腳本層 ✅ API層 ✅
[2026/4/26 上午6:23:55] ✅ 檢查完成：最近 20 筆發票記錄正常，無儲值金誤開發票
[2026/4/26 上午6:23:55] 🔍 GiveMe API 監控完成
[2026/4/26 上午6:54:05] 🔍 GiveMe API 監控開始
[2026/4/26 上午6:54:05] 🛡️ 防護機制狀態正常：腳本層 ✅ API層 ✅
[2026/4/26 上午6:54:05] ✅ 檢查完成：最近 20 筆發票記錄正常，無儲值金誤開發票
[2026/4/26 上午6:54:05] 🔍 GiveMe API 監控完成
[2026/4/26 上午7:24:15] 🔍 GiveMe API 監控開始
[2026/4/26 上午7:24:15] 🛡️ 防護機制狀態正常：腳本層 ✅ API層 ✅
[2026/4/26 上午7:24:15] ✅ 檢查完成：最近 20 筆發票記錄正常，無儲值金誤開發票
[2026/4/26 上午7:24:15] 🔍 GiveMe API 監控完成
[2026/4/26 上午7:54:25] 🔍 GiveMe API 監控開始
[2026/4/26 上午7:54:25] 🛡️ 防護機制狀態正常：腳本層 ✅ API層 ✅
[2026/4/26 上午7:54:25] ✅ 檢查完成：最近 20 筆發票記錄正常，無儲值金誤開發票
[2026/4/26 上午7:54:25] 🔍 GiveMe API 監控完成
[2026/4/26 上午8:24:36] 🔍 GiveMe API 監控開始
[2026/4/26 上午8:24:36] 🛡️ 防護機制狀態正常：腳本層 ✅ API層 ✅
[2026/4/26 上午8:24:36] ✅ 檢查完成：最近 20 筆發票記錄正常，無儲值金誤開發票
[2026/4/26 上午8:24:36] 🔍 GiveMe API 監控完成
[2026/4/26 上午8:54:46] 🔍 GiveMe API 監控開始
[2026/4/26 上午8:54:46] 🛡️ 防護機制狀態正常：腳本層 ✅ API層 ✅
[2026/4/26 上午8:54:46] ✅ 檢查完成：最近 20 筆發票記錄正常，無儲值金誤開發票
[2026/4/26 上午8:54:46] 🔍 GiveMe API 監控完成
[2026/4/26 上午9:24:56] 🔍 GiveMe API 監控開始
[2026/4/26 上午9:24:56] 🛡️ 防護機制狀態正常：腳本層 ✅ API層 ✅
[2026/4/26 上午9:24:56] ✅ 檢查完成：最近 20 筆發票記錄正常，無儲值金誤開發票
[2026/4/26 上午9:24:56] 🔍 GiveMe API 監控完成
[2026/4/26 上午9:55:06] 🔍 GiveMe API 監控開始
[2026/4/26 上午9:55:06] 🛡️ 防護機制狀態正常：腳本層 ✅ API層 ✅
[2026/4/26 上午9:55:06] ✅ 檢查完成：最近 20 筆發票記錄正常，無儲值金誤開發票
[2026/4/26 上午9:55:06] 🔍 GiveMe API 監控完成
[2026/4/26 上午10:25:16] 🔍 GiveMe API 監控開始
[2026/4/26 上午10:25:16] 🛡️ 防護機制狀態正常：腳本層 ✅ API層 ✅
[2026/4/26 上午10:25:16] ✅ 檢查完成：最近 20 筆發票記錄正常，無儲值金誤開發票
[2026/4/26 上午10:25:16] 🔍 GiveMe API 監控完成
[2026/4/26 上午10:55:26] 🔍 GiveMe API 監控開始
[2026/4/26 上午10:55:26] 🛡️ 防護機制狀態正常：腳本層 ✅ API層 ✅
[2026/4/26 上午10:55:26] ✅ 檢查完成：最近 20 筆發票記錄正常，無儲值金誤開發票
[2026/4/26 上午10:55:26] 🔍 GiveMe API 監控完成
[2026/4/26 上午11:25:37] 🔍 GiveMe API 監控開始
[2026/4/26 上午11:25:37] 🛡️ 防護機制狀態正常：腳本層 ✅ API層 ✅
[2026/4/26 上午11:25:37] ✅ 檢查完成：最近 20 筆發票記錄正常，無儲值金誤開發票
[2026/4/26 上午11:25:37] 🔍 GiveMe API 監控完成
[2026/4/26 上午11:55:47] 🔍 GiveMe API 監控開始
[2026/4/26 上午11:55:47] 🛡️ 防護機制狀態正常：腳本層 ✅ API層 ✅
[2026/4/26 上午11:55:47] ✅ 檢查完成：最近 20 筆發票記錄正常，無儲值金誤開發票
[2026/4/26 上午11:55:47] 🔍 GiveMe API 監控完成
[2026/4/26 下午12:25:57] 🔍 GiveMe API 監控開始
[2026/4/26 下午12:25:57] 🛡️ 防護機制狀態正常：腳本層 ✅ API層 ✅
[2026/4/26 下午12:25:57] ✅ 檢查完成：最近 20 筆發票記錄正常，無儲值金誤開發票
[2026/4/26 下午12:25:57] 🔍 GiveMe API 監控完成
[2026/4/26 下午12:56:07] 🔍 GiveMe API 監控開始
[2026/4/26 下午12:56:07] 🛡️ 防護機制狀態正常：腳本層 ✅ API層 ✅
[2026/4/26 下午12:56:07] ✅ 檢查完成：最近 20 筆發票記錄正常，無儲值金誤開發票
[2026/4/26 下午12:56:07] 🔍 GiveMe API 監控完成
[2026/4/26 下午1:26:17] 🔍 GiveMe API 監控開始
[2026/4/26 下午1:26:17] 🛡️ 防護機制狀態正常：腳本層 ✅ API層 ✅
[2026/4/26 下午1:26:17] ✅ 檢查完成：最近 20 筆發票記錄正常，無儲值金誤開發票
[2026/4/26 下午1:26:17] 🔍 GiveMe API 監控完成
[2026/4/26 下午1:56:28] 🔍 GiveMe API 監控開始
[2026/4/26 下午1:56:28] 🛡️ 防護機制狀態正常：腳本層 ✅ API層 ✅
[2026/4/26 下午1:56:28] ✅ 檢查完成：最近 20 筆發票記錄正常，無儲值金誤開發票
[2026/4/26 下午1:56:28] 🔍 GiveMe API 監控完成
[2026/4/26 下午2:26:38] 🔍 GiveMe API 監控開始
[2026/4/26 下午2:26:38] 🛡️ 防護機制狀態正常：腳本層 ✅ API層 ✅
[2026/4/26 下午2:26:38] ✅ 檢查完成：最近 20 筆發票記錄正常，無儲值金誤開發票
[2026/4/26 下午2:26:38] 🔍 GiveMe API 監控完成
[2026/4/26 下午2:56:48] 🔍 GiveMe API 監控開始
[2026/4/26 下午2:56:48] 🛡️ 防護機制狀態正常：腳本層 ✅ API層 ✅
[2026/4/26 下午2:56:48] ✅ 檢查完成：最近 20 筆發票記錄正常，無儲值金誤開發票
[2026/4/26 下午2:56:48] 🔍 GiveMe API 監控完成
[2026/4/26 下午3:26:58] 🔍 GiveMe API 監控開始
[2026/4/26 下午3:26:58] 🛡️ 防護機制狀態正常：腳本層 ✅ API層 ✅
[2026/4/26 下午3:26:58] ✅ 檢查完成：最近 20 筆發票記錄正常，無儲值金誤開發票
[2026/4/26 下午3:26:58] 🔍 GiveMe API 監控完成
[2026/4/26 下午3:57:08] 🔍 GiveMe API 監控開始
[2026/4/26 下午3:57:08] 🛡️ 防護機制狀態正常：腳本層 ✅ API層 ✅
[2026/4/26 下午3:57:08] ✅ 檢查完成：最近 20 筆發票記錄正常，無儲值金誤開發票
[2026/4/26 下午3:57:08] 🔍 GiveMe API 監控完成
[2026/4/26 下午4:27:18] 🔍 GiveMe API 監控開始
[2026/4/26 下午4:27:18] 🛡️ 防護機制狀態正常：腳本層 ✅ API層 ✅
[2026/4/26 下午4:27:18] ✅ 檢查完成：最近 20 筆發票記錄正常，無儲值金誤開發票
[2026/4/26 下午4:27:18] 🔍 GiveMe API 監控完成
[2026/4/26 下午4:57:28] 🔍 GiveMe API 監控開始
[2026/4/26 下午4:57:28] 🛡️ 防護機制狀態正常：腳本層 ✅ API層 ✅
[2026/4/26 下午4:57:28] ✅ 檢查完成：最近 20 筆發票記錄正常，無儲值金誤開發票
[2026/4/26 下午4:57:28] 🔍 GiveMe API 監控完成
[2026/4/26 下午5:27:39] 🔍 GiveMe API 監控開始
[2026/4/26 下午5:27:39] 🛡️ 防護機制狀態正常：腳本層 ✅ API層 ✅
[2026/4/26 下午5:27:39] ✅ 檢查完成：最近 20 筆發票記錄正常，無儲值金誤開發票
[2026/4/26 下午5:27:39] 🔍 GiveMe API 監控完成
[2026/4/26 下午5:57:49] 🔍 GiveMe API 監控開始
[2026/4/26 下午5:57:49] 🛡️ 防護機制狀態正常：腳本層 ✅ API層 ✅
[2026/4/26 下午5:57:49] ✅ 檢查完成：最近 20 筆發票記錄正常，無儲值金誤開發票
[2026/4/26 下午5:57:49] 🔍 GiveMe API 監控完成
[2026/4/26 下午6:27:59] 🔍 GiveMe API 監控開始
[2026/4/26 下午6:27:59] 🛡️ 防護機制狀態正常：腳本層 ✅ API層 ✅
[2026/4/26 下午6:27:59] ✅ 檢查完成：最近 20 筆發票記錄正常，無儲值金誤開發票
[2026/4/26 下午6:27:59] 🔍 GiveMe API 監控完成
[2026/4/26 下午6:58:09] 🔍 GiveMe API 監控開始
[2026/4/26 下午6:58:09] 🛡️ 防護機制狀態正常：腳本層 ✅ API層 ✅
[2026/4/26 下午6:58:09] ✅ 檢查完成：最近 20 筆發票記錄正常，無儲值金誤開發票
[2026/4/26 下午6:58:09] 🔍 GiveMe API 監控完成
[2026/4/26 下午7:28:19] 🔍 GiveMe API 監控開始
[2026/4/26 下午7:28:19] 🛡️ 防護機制狀態正常：腳本層 ✅ API層 ✅
[2026/4/26 下午7:28:19] ✅ 檢查完成：最近 20 筆發票記錄正常，無儲值金誤開發票
[2026/4/26 下午7:28:19] 🔍 GiveMe API 監控完成
[2026/4/26 下午7:58:29] 🔍 GiveMe API 監控開始
[2026/4/26 下午7:58:29] 🛡️ 防護機制狀態正常：腳本層 ✅ API層 ✅
[2026/4/26 下午7:58:30] ✅ 檢查完成：最近 20 筆發票記錄正常，無儲值金誤開發票
[2026/4/26 下午7:58:30] 🔍 GiveMe API 監控完成
[2026/4/26 下午8:28:40] 🔍 GiveMe API 監控開始
[2026/4/26 下午8:28:40] 🛡️ 防護機制狀態正常：腳本層 ✅ API層 ✅
[2026/4/26 下午8:28:40] ✅ 檢查完成：最近 20 筆發票記錄正常，無儲值金誤開發票
[2026/4/26 下午8:28:40] 🔍 GiveMe API 監控完成
[2026/4/26 下午8:58:50] 🔍 GiveMe API 監控開始
[2026/4/26 下午8:58:50] 🛡️ 防護機制狀態正常：腳本層 ✅ API層 ✅
[2026/4/26 下午8:58:50] ✅ 檢查完成：最近 20 筆發票記錄正常，無儲值金誤開發票
[2026/4/26 下午8:58:50] 🔍 GiveMe API 監控完成
[2026/4/26 下午9:29:00] 🔍 GiveMe API 監控開始
[2026/4/26 下午9:29:00] 🛡️ 防護機制狀態正常：腳本層 ✅ API層 ✅
[2026/4/26 下午9:29:00] ✅ 檢查完成：最近 20 筆發票記錄正常，無儲值金誤開發票
[2026/4/26 下午9:29:00] 🔍 GiveMe API 監控完成
[2026/4/26 下午9:59:10] 🔍 GiveMe API 監控開始
[2026/4/26 下午9:59:10] 🛡️ 防護機制狀態正常：腳本層 ✅ API層 ✅
[2026/4/26 下午9:59:10] ✅ 檢查完成：最近 20 筆發票記錄正常，無儲值金誤開發票
[2026/4/26 下午9:59:10] 🔍 GiveMe API 監控完成
[2026/4/26 下午10:29:20] 🔍 GiveMe API 監控開始
[2026/4/26 下午10:29:20] 🛡️ 防護機制狀態正常：腳本層 ✅ API層 ✅
[2026/4/26 下午10:29:20] ✅ 檢查完成：最近 20 筆發票記錄正常，無儲值金誤開發票
[2026/4/26 下午10:29:20] 🔍 GiveMe API 監控完成
[2026/4/26 下午10:59:30] 🔍 GiveMe API 監控開始
[2026/4/26 下午10:59:30] 🛡️ 防護機制狀態正常：腳本層 ✅ API層 ✅
[2026/4/26 下午10:59:31] ✅ 檢查完成：最近 20 筆發票記錄正常，無儲值金誤開發票
[2026/4/26 下午10:59:31] 🔍 GiveMe API 監控完成
[2026/4/26 下午11:29:41] 🔍 GiveMe API 監控開始
[2026/4/26 下午11:29:41] 🛡️ 防護機制狀態正常：腳本層 ✅ API層 ✅
[2026/4/26 下午11:29:41] ✅ 檢查完成：最近 20 筆發票記錄正常，無儲值金誤開發票
[2026/4/26 下午11:29:41] 🔍 GiveMe API 監控完成
[2026/4/26 下午11:59:51] 🔍 GiveMe API 監控開始
[2026/4/26 下午11:59:51] 🛡️ 防護機制狀態正常：腳本層 ✅ API層 ✅
[2026/4/26 下午11:59:51] ✅ 檢查完成：最近 20 筆發票記錄正常，無儲值金誤開發票
[2026/4/26 下午11:59:51] 🔍 GiveMe API 監控完成
[2026/4/27 上午12:30:01] 🔍 GiveMe API 監控開始
[2026/4/27 上午12:30:01] 🛡️ 防護機制狀態正常：腳本層 ✅ API層 ✅
[2026/4/27 上午12:30:01] ✅ 檢查完成：最近 20 筆發票記錄正常，無儲值金誤開發票
[2026/4/27 上午12:30:01] 🔍 GiveMe API 監控完成
[2026/4/27 上午1:00:11] 🔍 GiveMe API 監控開始
[2026/4/27 上午1:00:11] 🛡️ 防護機制狀態正常：腳本層 ✅ API層 ✅
[2026/4/27 上午1:00:11] ✅ 檢查完成：最近 20 筆發票記錄正常，無儲值金誤開發票
[2026/4/27 上午1:00:11] 🔍 GiveMe API 監控完成
[2026/4/27 上午1:30:21] 🔍 GiveMe API 監控開始
[2026/4/27 上午1:30:21] 🛡️ 防護機制狀態正常：腳本層 ✅ API層 ✅
[2026/4/27 上午1:30:21] ✅ 檢查完成：最近 20 筆發票記錄正常，無儲值金誤開發票
[2026/4/27 上午1:30:21] 🔍 GiveMe API 監控完成
[2026/4/27 上午2:00:32] 🔍 GiveMe API 監控開始
[2026/4/27 上午2:00:32] 🛡️ 防護機制狀態正常：腳本層 ✅ API層 ✅
[2026/4/27 上午2:00:32] ✅ 檢查完成：最近 20 筆發票記錄正常，無儲值金誤開發票
[2026/4/27 上午2:00:32] 🔍 GiveMe API 監控完成
[2026/4/27 上午2:30:42] 🔍 GiveMe API 監控開始
[2026/4/27 上午2:30:42] 🛡️ 防護機制狀態正常：腳本層 ✅ API層 ✅
[2026/4/27 上午2:30:42] ✅ 檢查完成：最近 20 筆發票記錄正常，無儲值金誤開發票
[2026/4/27 上午2:30:42] 🔍 GiveMe API 監控完成
[2026/4/27 上午3:00:52] 🔍 GiveMe API 監控開始
[2026/4/27 上午3:00:52] 🛡️ 防護機制狀態正常：腳本層 ✅ API層 ✅
[2026/4/27 上午3:00:52] ✅ 檢查完成：最近 20 筆發票記錄正常，無儲值金誤開發票
[2026/4/27 上午3:00:52] 🔍 GiveMe API 監控完成
[2026/4/27 上午3:31:02] 🔍 GiveMe API 監控開始
[2026/4/27 上午3:31:02] 🛡️ 防護機制狀態正常：腳本層 ✅ API層 ✅
[2026/4/27 上午3:31:02] ✅ 檢查完成：最近 20 筆發票記錄正常，無儲值金誤開發票
[2026/4/27 上午3:31:02] 🔍 GiveMe API 監控完成
[2026/4/27 上午4:01:12] 🔍 GiveMe API 監控開始
[2026/4/27 上午4:01:12] 🛡️ 防護機制狀態正常：腳本層 ✅ API層 ✅
[2026/4/27 上午4:01:12] ✅ 檢查完成：最近 20 筆發票記錄正常，無儲值金誤開發票
[2026/4/27 上午4:01:12] 🔍 GiveMe API 監控完成
[2026/4/27 上午4:31:22] 🔍 GiveMe API 監控開始
[2026/4/27 上午4:31:22] 🛡️ 防護機制狀態正常：腳本層 ✅ API層 ✅
[2026/4/27 上午4:31:22] ✅ 檢查完成：最近 20 筆發票記錄正常，無儲值金誤開發票
[2026/4/27 上午4:31:22] 🔍 GiveMe API 監控完成
[2026/4/27 上午5:01:33] 🔍 GiveMe API 監控開始
[2026/4/27 上午5:01:33] 🛡️ 防護機制狀態正常：腳本層 ✅ API層 ✅
[2026/4/27 上午5:01:33] ✅ 檢查完成：最近 20 筆發票記錄正常，無儲值金誤開發票
[2026/4/27 上午5:01:33] 🔍 GiveMe API 監控完成
[2026/4/27 上午5:31:43] 🔍 GiveMe API 監控開始
[2026/4/27 上午5:31:43] 🛡️ 防護機制狀態正常：腳本層 ✅ API層 ✅
[2026/4/27 上午5:31:43] ✅ 檢查完成：最近 20 筆發票記錄正常，無儲值金誤開發票
[2026/4/27 上午5:31:43] 🔍 GiveMe API 監控完成
[2026/4/27 上午6:01:53] 🔍 GiveMe API 監控開始
[2026/4/27 上午6:01:53] 🛡️ 防護機制狀態正常：腳本層 ✅ API層 ✅
[2026/4/27 上午6:01:53] ✅ 檢查完成：最近 20 筆發票記錄正常，無儲值金誤開發票
[2026/4/27 上午6:01:53] 🔍 GiveMe API 監控完成
[2026/4/27 上午6:32:03] 🔍 GiveMe API 監控開始
[2026/4/27 上午6:32:03] 🛡️ 防護機制狀態正常：腳本層 ✅ API層 ✅
[2026/4/27 上午6:32:03] ✅ 檢查完成：最近 20 筆發票記錄正常，無儲值金誤開發票
[2026/4/27 上午6:32:03] 🔍 GiveMe API 監控完成
[2026/4/27 上午7:02:13] 🔍 GiveMe API 監控開始
[2026/4/27 上午7:02:13] 🛡️ 防護機制狀態正常：腳本層 ✅ API層 ✅
[2026/4/27 上午7:02:13] ✅ 檢查完成：最近 20 筆發票記錄正常，無儲值金誤開發票
[2026/4/27 上午7:02:13] 🔍 GiveMe API 監控完成
[2026/4/27 上午7:32:24] 🔍 GiveMe API 監控開始
[2026/4/27 上午7:32:24] 🛡️ 防護機制狀態正常：腳本層 ✅ API層 ✅
[2026/4/27 上午7:32:24] ✅ 檢查完成：最近 20 筆發票記錄正常，無儲值金誤開發票
[2026/4/27 上午7:32:24] 🔍 GiveMe API 監控完成
[2026/4/27 上午8:02:34] 🔍 GiveMe API 監控開始
[2026/4/27 上午8:02:34] 🛡️ 防護機制狀態正常：腳本層 ✅ API層 ✅
[2026/4/27 上午8:02:34] ✅ 檢查完成：最近 20 筆發票記錄正常，無儲值金誤開發票
[2026/4/27 上午8:02:34] 🔍 GiveMe API 監控完成
[2026/4/27 上午8:32:44] 🔍 GiveMe API 監控開始
[2026/4/27 上午8:32:44] 🛡️ 防護機制狀態正常：腳本層 ✅ API層 ✅
[2026/4/27 上午8:32:44] ✅ 檢查完成：最近 20 筆發票記錄正常，無儲值金誤開發票
[2026/4/27 上午8:32:44] 🔍 GiveMe API 監控完成
[2026/4/27 上午9:02:54] 🔍 GiveMe API 監控開始
[2026/4/27 上午9:02:54] 🛡️ 防護機制狀態正常：腳本層 ✅ API層 ✅
[2026/4/27 上午9:02:54] ✅ 檢查完成：最近 20 筆發票記錄正常，無儲值金誤開發票
[2026/4/27 上午9:02:54] 🔍 GiveMe API 監控完成
[2026/4/27 上午9:33:04] 🔍 GiveMe API 監控開始
[2026/4/27 上午9:33:04] 🛡️ 防護機制狀態正常：腳本層 ✅ API層 ✅
[2026/4/27 上午9:33:04] ✅ 檢查完成：最近 20 筆發票記錄正常，無儲值金誤開發票
[2026/4/27 上午9:33:04] 🔍 GiveMe API 監控完成
[2026/4/27 上午10:03:14] 🔍 GiveMe API 監控開始
[2026/4/27 上午10:03:14] 🛡️ 防護機制狀態正常：腳本層 ✅ API層 ✅
[2026/4/27 上午10:03:14] ✅ 檢查完成：最近 20 筆發票記錄正常，無儲值金誤開發票
[2026/4/27 上午10:03:14] 🔍 GiveMe API 監控完成
[2026/4/27 上午10:33:25] 🔍 GiveMe API 監控開始
[2026/4/27 上午10:33:25] 🛡️ 防護機制狀態正常：腳本層 ✅ API層 ✅
[2026/4/27 上午10:33:25] ✅ 檢查完成：最近 20 筆發票記錄正常，無儲值金誤開發票
[2026/4/27 上午10:33:25] 🔍 GiveMe API 監控完成
[2026/4/27 上午11:03:35] 🔍 GiveMe API 監控開始
[2026/4/27 上午11:03:35] 🛡️ 防護機制狀態正常：腳本層 ✅ API層 ✅
[2026/4/27 上午11:03:35] ✅ 檢查完成：最近 20 筆發票記錄正常，無儲值金誤開發票
[2026/4/27 上午11:03:35] 🔍 GiveMe API 監控完成
[2026/4/27 上午11:33:45] 🔍 GiveMe API 監控開始
[2026/4/27 上午11:33:45] 🛡️ 防護機制狀態正常：腳本層 ✅ API層 ✅
[2026/4/27 上午11:33:45] ✅ 檢查完成：最近 20 筆發票記錄正常，無儲值金誤開發票
[2026/4/27 上午11:33:45] 🔍 GiveMe API 監控完成
[2026/4/27 下午12:03:55] 🔍 GiveMe API 監控開始
[2026/4/27 下午12:03:55] 🛡️ 防護機制狀態正常：腳本層 ✅ API層 ✅
[2026/4/27 下午12:03:55] ✅ 檢查完成：最近 20 筆發票記錄正常，無儲值金誤開發票
[2026/4/27 下午12:03:55] 🔍 GiveMe API 監控完成
[2026/4/27 下午12:34:05] 🔍 GiveMe API 監控開始
[2026/4/27 下午12:34:05] 🛡️ 防護機制狀態正常：腳本層 ✅ API層 ✅
[2026/4/27 下午12:34:05] ✅ 檢查完成：最近 20 筆發票記錄正常，無儲值金誤開發票
[2026/4/27 下午12:34:05] 🔍 GiveMe API 監控完成
[2026/4/27 下午1:04:15] 🔍 GiveMe API 監控開始
[2026/4/27 下午1:04:15] 🛡️ 防護機制狀態正常：腳本層 ✅ API層 ✅
[2026/4/27 下午1:04:15] ✅ 檢查完成：最近 20 筆發票記錄正常，無儲值金誤開發票
[2026/4/27 下午1:04:15] 🔍 GiveMe API 監控完成
[2026/4/27 下午1:34:26] 🔍 GiveMe API 監控開始
[2026/4/27 下午1:34:26] 🛡️ 防護機制狀態正常：腳本層 ✅ API層 ✅
[2026/4/27 下午1:34:26] ✅ 檢查完成：最近 20 筆發票記錄正常，無儲值金誤開發票
[2026/4/27 下午1:34:26] 🔍 GiveMe API 監控完成
[2026/4/27 下午2:04:36] 🔍 GiveMe API 監控開始
[2026/4/27 下午2:04:36] 🛡️ 防護機制狀態正常：腳本層 ✅ API層 ✅
[2026/4/27 下午2:04:36] ✅ 檢查完成：最近 20 筆發票記錄正常，無儲值金誤開發票
[2026/4/27 下午2:04:36] 🔍 GiveMe API 監控完成
[2026/4/27 下午2:34:46] 🔍 GiveMe API 監控開始
[2026/4/27 下午2:34:46] 🛡️ 防護機制狀態正常：腳本層 ✅ API層 ✅
[2026/4/27 下午2:34:46] ✅ 檢查完成：最近 20 筆發票記錄正常，無儲值金誤開發票
[2026/4/27 下午2:34:46] 🔍 GiveMe API 監控完成
[2026/4/27 下午3:04:56] 🔍 GiveMe API 監控開始
[2026/4/27 下午3:04:56] 🛡️ 防護機制狀態正常：腳本層 ✅ API層 ✅
[2026/4/27 下午3:04:56] ✅ 檢查完成：最近 20 筆發票記錄正常，無儲值金誤開發票
[2026/4/27 下午3:04:56] 🔍 GiveMe API 監控完成
[2026/4/27 下午3:35:06] 🔍 GiveMe API 監控開始
[2026/4/27 下午3:35:06] 🛡️ 防護機制狀態正常：腳本層 ✅ API層 ✅
[2026/4/27 下午3:35:06] ✅ 檢查完成：最近 20 筆發票記錄正常，無儲值金誤開發票
[2026/4/27 下午3:35:06] 🔍 GiveMe API 監控完成
[2026/4/27 下午4:05:16] 🔍 GiveMe API 監控開始
[2026/4/27 下午4:05:16] 🛡️ 防護機制狀態正常：腳本層 ✅ API層 ✅
[2026/4/27 下午4:05:16] ✅ 檢查完成：最近 20 筆發票記錄正常，無儲值金誤開發票
[2026/4/27 下午4:05:16] 🔍 GiveMe API 監控完成
[2026/4/27 下午4:35:27] 🔍 GiveMe API 監控開始
[2026/4/27 下午4:35:27] 🛡️ 防護機制狀態正常：腳本層 ✅ API層 ✅
[2026/4/27 下午4:35:27] ✅ 檢查完成：最近 20 筆發票記錄正常，無儲值金誤開發票
[2026/4/27 下午4:35:27] 🔍 GiveMe API 監控完成
[2026/4/27 下午5:05:37] 🔍 GiveMe API 監控開始
[2026/4/27 下午5:05:37] 🛡️ 防護機制狀態正常：腳本層 ✅ API層 ✅
[2026/4/27 下午5:05:37] ✅ 檢查完成：最近 20 筆發票記錄正常，無儲值金誤開發票
[2026/4/27 下午5:05:37] 🔍 GiveMe API 監控完成
[2026/4/27 下午5:35:47] 🔍 GiveMe API 監控開始
[2026/4/27 下午5:35:47] 🛡️ 防護機制狀態正常：腳本層 ✅ API層 ✅
[2026/4/27 下午5:35:47] ✅ 檢查完成：最近 20 筆發票記錄正常，無儲值金誤開發票
[2026/4/27 下午5:35:47] 🔍 GiveMe API 監控完成
[2026/4/27 下午6:05:57] 🔍 GiveMe API 監控開始
[2026/4/27 下午6:05:57] 🛡️ 防護機制狀態正常：腳本層 ✅ API層 ✅
[2026/4/27 下午6:05:57] ✅ 檢查完成：最近 20 筆發票記錄正常，無儲值金誤開發票
[2026/4/27 下午6:05:57] 🔍 GiveMe API 監控完成
[2026/4/27 下午6:36:07] 🔍 GiveMe API 監控開始
[2026/4/27 下午6:36:07] 🛡️ 防護機制狀態正常：腳本層 ✅ API層 ✅
[2026/4/27 下午6:36:07] ✅ 檢查完成：最近 20 筆發票記錄正常，無儲值金誤開發票
[2026/4/27 下午6:36:07] 🔍 GiveMe API 監控完成
[2026/4/27 下午7:06:17] 🔍 GiveMe API 監控開始
[2026/4/27 下午7:06:17] 🛡️ 防護機制狀態正常：腳本層 ✅ API層 ✅
[2026/4/27 下午7:06:18] ✅ 檢查完成：最近 20 筆發票記錄正常，無儲值金誤開發票
[2026/4/27 下午7:06:18] 🔍 GiveMe API 監控完成
[2026/4/27 下午7:36:28] 🔍 GiveMe API 監控開始
[2026/4/27 下午7:36:28] 🛡️ 防護機制狀態正常：腳本層 ✅ API層 ✅
[2026/4/27 下午7:36:28] ✅ 檢查完成：最近 20 筆發票記錄正常，無儲值金誤開發票
[2026/4/27 下午7:36:28] 🔍 GiveMe API 監控完成
[2026/4/27 下午8:06:38] 🔍 GiveMe API 監控開始
[2026/4/27 下午8:06:38] 🛡️ 防護機制狀態正常：腳本層 ✅ API層 ✅
[2026/4/27 下午8:06:38] ✅ 檢查完成：最近 20 筆發票記錄正常，無儲值金誤開發票
[2026/4/27 下午8:06:38] 🔍 GiveMe API 監控完成
[2026/4/27 下午8:36:48] 🔍 GiveMe API 監控開始
[2026/4/27 下午8:36:48] 🛡️ 防護機制狀態正常：腳本層 ✅ API層 ✅
[2026/4/27 下午8:36:48] ✅ 檢查完成：最近 20 筆發票記錄正常，無儲值金誤開發票
[2026/4/27 下午8:36:48] 🔍 GiveMe API 監控完成
[2026/4/27 下午9:06:58] 🔍 GiveMe API 監控開始
[2026/4/27 下午9:06:58] 🛡️ 防護機制狀態正常：腳本層 ✅ API層 ✅
[2026/4/27 下午9:06:58] ✅ 檢查完成：最近 20 筆發票記錄正常，無儲值金誤開發票
[2026/4/27 下午9:06:58] 🔍 GiveMe API 監控完成
[2026/4/27 下午9:37:08] 🔍 GiveMe API 監控開始
[2026/4/27 下午9:37:08] 🛡️ 防護機制狀態正常：腳本層 ✅ API層 ✅
[2026/4/27 下午9:37:08] ✅ 檢查完成：最近 20 筆發票記錄正常，無儲值金誤開發票
[2026/4/27 下午9:37:08] 🔍 GiveMe API 監控完成
[2026/4/27 下午10:07:18] 🔍 GiveMe API 監控開始
[2026/4/27 下午10:07:19] 🛡️ 防護機制狀態正常：腳本層 ✅ API層 ✅
[2026/4/27 下午10:07:19] ✅ 檢查完成：最近 20 筆發票記錄正常，無儲值金誤開發票
[2026/4/27 下午10:07:19] 🔍 GiveMe API 監控完成
[2026/4/27 下午10:37:29] 🔍 GiveMe API 監控開始
[2026/4/27 下午10:37:29] 🛡️ 防護機制狀態正常：腳本層 ✅ API層 ✅
[2026/4/27 下午10:37:29] ✅ 檢查完成：最近 20 筆發票記錄正常，無儲值金誤開發票
[2026/4/27 下午10:37:29] 🔍 GiveMe API 監控完成
[2026/4/27 下午11:07:39] 🔍 GiveMe API 監控開始
[2026/4/27 下午11:07:39] 🛡️ 防護機制狀態正常：腳本層 ✅ API層 ✅
[2026/4/27 下午11:07:39] ✅ 檢查完成：最近 20 筆發票記錄正常，無儲值金誤開發票
[2026/4/27 下午11:07:39] 🔍 GiveMe API 監控完成
[2026/4/27 下午11:37:49] 🔍 GiveMe API 監控開始
[2026/4/27 下午11:37:49] 🛡️ 防護機制狀態正常：腳本層 ✅ API層 ✅
[2026/4/27 下午11:37:49] ✅ 檢查完成：最近 20 筆發票記錄正常，無儲值金誤開發票
[2026/4/27 下午11:37:49] 🔍 GiveMe API 監控完成
[2026/4/28 上午12:07:59] 🔍 GiveMe API 監控開始
[2026/4/28 上午12:07:59] 🛡️ 防護機制狀態正常：腳本層 ✅ API層 ✅
[2026/4/28 上午12:07:59] ✅ 檢查完成：最近 20 筆發票記錄正常，無儲值金誤開發票
[2026/4/28 上午12:07:59] 🔍 GiveMe API 監控完成
[2026/4/28 上午12:38:09] 🔍 GiveMe API 監控開始
[2026/4/28 上午12:38:09] 🛡️ 防護機制狀態正常：腳本層 ✅ API層 ✅
[2026/4/28 上午12:38:09] ✅ 檢查完成：最近 20 筆發票記錄正常，無儲值金誤開發票
[2026/4/28 上午12:38:09] 🔍 GiveMe API 監控完成
[2026/4/28 上午1:08:19] 🔍 GiveMe API 監控開始
[2026/4/28 上午1:08:19] 🛡️ 防護機制狀態正常：腳本層 ✅ API層 ✅
[2026/4/28 上午1:08:20] ✅ 檢查完成：最近 20 筆發票記錄正常，無儲值金誤開發票
[2026/4/28 上午1:08:20] 🔍 GiveMe API 監控完成
[2026/4/28 上午1:38:30] 🔍 GiveMe API 監控開始
[2026/4/28 上午1:38:30] 🛡️ 防護機制狀態正常：腳本層 ✅ API層 ✅
[2026/4/28 上午1:38:30] ✅ 檢查完成：最近 20 筆發票記錄正常，無儲值金誤開發票
[2026/4/28 上午1:38:30] 🔍 GiveMe API 監控完成
[2026/4/28 上午2:08:40] 🔍 GiveMe API 監控開始
[2026/4/28 上午2:08:40] 🛡️ 防護機制狀態正常：腳本層 ✅ API層 ✅
[2026/4/28 上午2:08:40] ✅ 檢查完成：最近 20 筆發票記錄正常，無儲值金誤開發票
[2026/4/28 上午2:08:40] 🔍 GiveMe API 監控完成
[2026/4/28 上午2:38:50] 🔍 GiveMe API 監控開始
[2026/4/28 上午2:38:50] 🛡️ 防護機制狀態正常：腳本層 ✅ API層 ✅
[2026/4/28 上午2:38:50] ✅ 檢查完成：最近 20 筆發票記錄正常，無儲值金誤開發票
[2026/4/28 上午2:38:50] 🔍 GiveMe API 監控完成
[2026/4/28 上午3:09:00] 🔍 GiveMe API 監控開始
[2026/4/28 上午3:09:00] 🛡️ 防護機制狀態正常：腳本層 ✅ API層 ✅
[2026/4/28 上午3:09:00] ✅ 檢查完成：最近 20 筆發票記錄正常，無儲值金誤開發票
[2026/4/28 上午3:09:00] 🔍 GiveMe API 監控完成
[2026/4/28 上午3:39:10] 🔍 GiveMe API 監控開始
[2026/4/28 上午3:39:10] 🛡️ 防護機制狀態正常：腳本層 ✅ API層 ✅
[2026/4/28 上午3:39:10] ✅ 檢查完成：最近 20 筆發票記錄正常，無儲值金誤開發票
[2026/4/28 上午3:39:10] 🔍 GiveMe API 監控完成
[2026/4/28 上午4:09:21] 🔍 GiveMe API 監控開始
[2026/4/28 上午4:09:21] 🛡️ 防護機制狀態正常：腳本層 ✅ API層 ✅
[2026/4/28 上午4:09:21] ✅ 檢查完成：最近 20 筆發票記錄正常，無儲值金誤開發票
[2026/4/28 上午4:09:21] 🔍 GiveMe API 監控完成
[2026/4/28 上午4:39:31] 🔍 GiveMe API 監控開始
[2026/4/28 上午4:39:31] 🛡️ 防護機制狀態正常：腳本層 ✅ API層 ✅
[2026/4/28 上午4:39:31] ❌ 警告：發現 2 筆儲值金被誤開發票！
[2026/4/28 上午4:39:31]    - ID:3648 泡泡貓｜雲林斗六店 $50981.00 → INV/2026/04/000133
[2026/4/28 上午4:39:31]    - ID:3647 泡泡貓｜雲林虎尾店 $8389.00 → INV/2026/04/000132
[2026/4/28 上午4:39:31] 🔧 自動修正了 0 筆儲值金記錄
[2026/4/28 上午4:39:33] 📱 Telegram 警報發送失敗
[2026/4/28 上午4:39:33] 🔍 GiveMe API 監控完成
[2026/4/28 上午5:09:41] 🔍 GiveMe API 監控開始
[2026/4/28 上午5:09:41] 🛡️ 防護機制狀態正常：腳本層 ✅ API層 ✅
[2026/4/28 上午5:09:41] ❌ 警告：發現 2 筆儲值金被誤開發票！
[2026/4/28 上午5:09:41]    - ID:3648 泡泡貓｜雲林斗六店 $50981.00 → INV/2026/04/000133
[2026/4/28 上午5:09:41]    - ID:3647 泡泡貓｜雲林虎尾店 $8389.00 → INV/2026/04/000132
[2026/4/28 上午5:09:41] 🔧 自動修正了 0 筆儲值金記錄
[2026/4/28 上午5:09:44] 📱 Telegram 警報發送失敗
[2026/4/28 上午5:09:44] 🔍 GiveMe API 監控完成
[2026/4/28 上午5:39:51] 🔍 GiveMe API 監控開始
[2026/4/28 上午5:39:51] 🛡️ 防護機制狀態正常：腳本層 ✅ API層 ✅
[2026/4/28 上午5:39:51] ❌ 警告：發現 2 筆儲值金被誤開發票！
[2026/4/28 上午5:39:51]    - ID:3648 泡泡貓｜雲林斗六店 $50981.00 → INV/2026/04/000133
[2026/4/28 上午5:39:51]    - ID:3647 泡泡貓｜雲林虎尾店 $8389.00 → INV/2026/04/000132
[2026/4/28 上午5:39:51] 🔧 自動修正了 0 筆儲值金記錄
[2026/4/28 上午5:39:54] 📱 Telegram 警報發送失敗
[2026/4/28 上午5:39:54] 🔍 GiveMe API 監控完成
[2026/4/28 上午6:10:01] 🔍 GiveMe API 監控開始
[2026/4/28 上午6:10:01] 🛡️ 防護機制狀態正常：腳本層 ✅ API層 ✅
[2026/4/28 上午6:10:01] ❌ 警告：發現 2 筆儲值金被誤開發票！
[2026/4/28 上午6:10:01]    - ID:3648 泡泡貓｜雲林斗六店 $50981.00 → INV/2026/04/000133
[2026/4/28 上午6:10:01]    - ID:3647 泡泡貓｜雲林虎尾店 $8389.00 → INV/2026/04/000132
[2026/4/28 上午6:10:01] 🔧 自動修正了 0 筆儲值金記錄
[2026/4/28 上午6:10:04] 📱 Telegram 警報發送失敗
[2026/4/28 上午6:10:04] 🔍 GiveMe API 監控完成
[2026/4/28 上午6:40:11] 🔍 GiveMe API 監控開始
[2026/4/28 上午6:40:11] 🛡️ 防護機制狀態正常：腳本層 ✅ API層 ✅
[2026/4/28 上午6:40:11] ❌ 警告：發現 2 筆儲值金被誤開發票！
[2026/4/28 上午6:40:11]    - ID:3648 泡泡貓｜雲林斗六店 $50981.00 → INV/2026/04/000133
[2026/4/28 上午6:40:11]    - ID:3647 泡泡貓｜雲林虎尾店 $8389.00 → INV/2026/04/000132
[2026/4/28 上午6:40:11] 🔧 自動修正了 0 筆儲值金記錄
[2026/4/28 上午6:40:14] 📱 Telegram 警報發送失敗
[2026/4/28 上午6:40:14] 🔍 GiveMe API 監控完成
[2026/4/28 上午7:10:22] 🔍 GiveMe API 監控開始
[2026/4/28 上午7:10:22] 🛡️ 防護機制狀態正常：腳本層 ✅ API層 ✅
[2026/4/28 上午7:10:22] ❌ 警告：發現 2 筆儲值金被誤開發票！
[2026/4/28 上午7:10:22]    - ID:3648 泡泡貓｜雲林斗六店 $50981.00 → INV/2026/04/000133
[2026/4/28 上午7:10:22]    - ID:3647 泡泡貓｜雲林虎尾店 $8389.00 → INV/2026/04/000132
[2026/4/28 上午7:10:22] 🔧 自動修正了 0 筆儲值金記錄
[2026/4/28 上午7:10:24] 📱 Telegram 警報發送失敗
[2026/4/28 上午7:10:24] 🔍 GiveMe API 監控完成
[2026/4/28 上午7:40:32] 🔍 GiveMe API 監控開始
[2026/4/28 上午7:40:32] 🛡️ 防護機制狀態正常：腳本層 ✅ API層 ✅
[2026/4/28 上午7:40:32] ❌ 警告：發現 2 筆儲值金被誤開發票！
[2026/4/28 上午7:40:32]    - ID:3648 泡泡貓｜雲林斗六店 $50981.00 → INV/2026/04/000133
[2026/4/28 上午7:40:32]    - ID:3647 泡泡貓｜雲林虎尾店 $8389.00 → INV/2026/04/000132
[2026/4/28 上午7:40:32] 🔧 自動修正了 0 筆儲值金記錄
[2026/4/28 上午7:40:34] 📱 Telegram 警報發送失敗
[2026/4/28 上午7:40:34] 🔍 GiveMe API 監控完成
[2026/4/28 上午8:10:42] 🔍 GiveMe API 監控開始
[2026/4/28 上午8:10:42] 🛡️ 防護機制狀態正常：腳本層 ✅ API層 ✅
[2026/4/28 上午8:10:42] ❌ 警告：發現 2 筆儲值金被誤開發票！
[2026/4/28 上午8:10:42]    - ID:3648 泡泡貓｜雲林斗六店 $50981.00 → INV/2026/04/000133
[2026/4/28 上午8:10:42]    - ID:3647 泡泡貓｜雲林虎尾店 $8389.00 → INV/2026/04/000132
[2026/4/28 上午8:10:42] 🔧 自動修正了 0 筆儲值金記錄
[2026/4/28 上午8:10:45] 📱 Telegram 警報發送失敗
[2026/4/28 上午8:10:45] 🔍 GiveMe API 監控完成
[2026/4/28 上午8:40:52] 🔍 GiveMe API 監控開始
[2026/4/28 上午8:40:52] 🛡️ 防護機制狀態正常：腳本層 ✅ API層 ✅
[2026/4/28 上午8:40:52] ❌ 警告：發現 2 筆儲值金被誤開發票！
[2026/4/28 上午8:40:52]    - ID:3648 泡泡貓｜雲林斗六店 $50981.00 → INV/2026/04/000133
[2026/4/28 上午8:40:52]    - ID:3647 泡泡貓｜雲林虎尾店 $8389.00 → INV/2026/04/000132
[2026/4/28 上午8:40:52] 🔧 自動修正了 0 筆儲值金記錄
[2026/4/28 上午8:40:55] 📱 Telegram 警報發送失敗
[2026/4/28 上午8:40:55] 🔍 GiveMe API 監控完成
[2026/4/28 上午9:11:02] 🔍 GiveMe API 監控開始
[2026/4/28 上午9:11:02] 🛡️ 防護機制狀態正常：腳本層 ✅ API層 ✅
[2026/4/28 上午9:11:02] ❌ 警告：發現 2 筆儲值金被誤開發票！
[2026/4/28 上午9:11:02]    - ID:3648 泡泡貓｜雲林斗六店 $50981.00 → INV/2026/04/000133
[2026/4/28 上午9:11:02]    - ID:3647 泡泡貓｜雲林虎尾店 $8389.00 → INV/2026/04/000132
[2026/4/28 上午9:11:02] 🔧 自動修正了 0 筆儲值金記錄
[2026/4/28 上午9:11:05] 📱 Telegram 警報發送失敗
[2026/4/28 上午9:11:05] 🔍 GiveMe API 監控完成
[2026/4/28 上午9:41:12] 🔍 GiveMe API 監控開始
[2026/4/28 上午9:41:12] 🛡️ 防護機制狀態正常：腳本層 ✅ API層 ✅
[2026/4/28 上午9:41:12] ❌ 警告：發現 2 筆儲值金被誤開發票！
[2026/4/28 上午9:41:12]    - ID:3648 泡泡貓｜雲林斗六店 $50981.00 → INV/2026/04/000133
[2026/4/28 上午9:41:12]    - ID:3647 泡泡貓｜雲林虎尾店 $8389.00 → INV/2026/04/000132
[2026/4/28 上午9:41:12] 🔧 自動修正了 0 筆儲值金記錄
[2026/4/28 上午9:41:15] 📱 Telegram 警報發送失敗
[2026/4/28 上午9:41:15] 🔍 GiveMe API 監控完成
[2026/4/28 上午10:11:23] 🔍 GiveMe API 監控開始
[2026/4/28 上午10:11:23] 🛡️ 防護機制狀態正常：腳本層 ✅ API層 ✅
[2026/4/28 上午10:11:23] ❌ 警告：發現 2 筆儲值金被誤開發票！
[2026/4/28 上午10:11:23]    - ID:3648 泡泡貓｜雲林斗六店 $50981.00 → INV/2026/04/000133
[2026/4/28 上午10:11:23]    - ID:3647 泡泡貓｜雲林虎尾店 $8389.00 → INV/2026/04/000132
[2026/4/28 上午10:11:23] 🔧 自動修正了 0 筆儲值金記錄
[2026/4/28 上午10:11:25] 📱 Telegram 警報發送失敗
[2026/4/28 上午10:11:25] 🔍 GiveMe API 監控完成
[2026/4/28 上午10:41:33] 🔍 GiveMe API 監控開始
[2026/4/28 上午10:41:33] 🛡️ 防護機制狀態正常：腳本層 ✅ API層 ✅
[2026/4/28 上午10:41:33] ❌ 警告：發現 2 筆儲值金被誤開發票！
[2026/4/28 上午10:41:33]    - ID:3648 泡泡貓｜雲林斗六店 $50981.00 → INV/2026/04/000133
[2026/4/28 上午10:41:33]    - ID:3647 泡泡貓｜雲林虎尾店 $8389.00 → INV/2026/04/000132
[2026/4/28 上午10:41:33] 🔧 自動修正了 0 筆儲值金記錄
[2026/4/28 上午10:41:40] 📱 Telegram 警報發送失敗
[2026/4/28 上午10:41:40] 🔍 GiveMe API 監控完成
[2026/4/28 上午11:11:43] 🔍 GiveMe API 監控開始
[2026/4/28 上午11:11:43] 🛡️ 防護機制狀態正常：腳本層 ✅ API層 ✅
[2026/4/28 上午11:11:43] ❌ 警告：發現 2 筆儲值金被誤開發票！
[2026/4/28 上午11:11:43]    - ID:3648 泡泡貓｜雲林斗六店 $50981.00 → INV/2026/04/000133
[2026/4/28 上午11:11:43]    - ID:3647 泡泡貓｜雲林虎尾店 $8389.00 → INV/2026/04/000132
[2026/4/28 上午11:11:43] 🔧 自動修正了 0 筆儲值金記錄
[2026/4/28 上午11:11:46] 📱 Telegram 警報發送失敗
[2026/4/28 上午11:11:46] 🔍 GiveMe API 監控完成
[2026/4/28 上午11:41:53] 🔍 GiveMe API 監控開始
[2026/4/28 上午11:41:53] 🛡️ 防護機制狀態正常：腳本層 ✅ API層 ✅
[2026/4/28 上午11:41:53] ❌ 警告：發現 2 筆儲值金被誤開發票！
[2026/4/28 上午11:41:53]    - ID:3648 泡泡貓｜雲林斗六店 $50981.00 → INV/2026/04/000133
[2026/4/28 上午11:41:53]    - ID:3647 泡泡貓｜雲林虎尾店 $8389.00 → INV/2026/04/000132
[2026/4/28 上午11:41:53] 🔧 自動修正了 0 筆儲值金記錄
[2026/4/28 上午11:41:56] 📱 Telegram 警報發送失敗
[2026/4/28 上午11:41:56] 🔍 GiveMe API 監控完成
[2026/4/28 下午12:12:03] 🔍 GiveMe API 監控開始
[2026/4/28 下午12:12:03] 🛡️ 防護機制狀態正常：腳本層 ✅ API層 ✅
[2026/4/28 下午12:12:03] ❌ 警告：發現 2 筆儲值金被誤開發票！
[2026/4/28 下午12:12:03]    - ID:3648 泡泡貓｜雲林斗六店 $50981.00 → INV/2026/04/000133
[2026/4/28 下午12:12:03]    - ID:3647 泡泡貓｜雲林虎尾店 $8389.00 → INV/2026/04/000132
[2026/4/28 下午12:12:03] 🔧 自動修正了 0 筆儲值金記錄
[2026/4/28 下午12:12:06] 📱 Telegram 警報發送失敗
[2026/4/28 下午12:12:06] 🔍 GiveMe API 監控完成
[2026/4/28 下午12:42:13] 🔍 GiveMe API 監控開始
[2026/4/28 下午12:42:13] 🛡️ 防護機制狀態正常：腳本層 ✅ API層 ✅
[2026/4/28 下午12:42:13] ❌ 警告：發現 2 筆儲值金被誤開發票！
[2026/4/28 下午12:42:13]    - ID:3648 泡泡貓｜雲林斗六店 $50981.00 → INV/2026/04/000133
[2026/4/28 下午12:42:13]    - ID:3647 泡泡貓｜雲林虎尾店 $8389.00 → INV/2026/04/000132
[2026/4/28 下午12:42:13] 🔧 自動修正了 0 筆儲值金記錄
[2026/4/28 下午12:42:16] 📱 Telegram 警報發送失敗
[2026/4/28 下午12:42:16] 🔍 GiveMe API 監控完成
[2026/4/28 下午1:12:24] 🔍 GiveMe API 監控開始
[2026/4/28 下午1:12:24] 🛡️ 防護機制狀態正常：腳本層 ✅ API層 ✅
[2026/4/28 下午1:12:24] ❌ 警告：發現 2 筆儲值金被誤開發票！
[2026/4/28 下午1:12:24]    - ID:3648 泡泡貓｜雲林斗六店 $50981.00 → INV/2026/04/000133
[2026/4/28 下午1:12:24]    - ID:3647 泡泡貓｜雲林虎尾店 $8389.00 → INV/2026/04/000132
[2026/4/28 下午1:12:24] 🔧 自動修正了 0 筆儲值金記錄
[2026/4/28 下午1:12:26] 📱 Telegram 警報發送失敗
[2026/4/28 下午1:12:26] 🔍 GiveMe API 監控完成
[2026/4/28 下午1:42:34] 🔍 GiveMe API 監控開始
[2026/4/28 下午1:42:34] 🛡️ 防護機制狀態正常：腳本層 ✅ API層 ✅
[2026/4/28 下午1:42:34] ❌ 警告：發現 2 筆儲值金被誤開發票！
[2026/4/28 下午1:42:34]    - ID:3648 泡泡貓｜雲林斗六店 $50981.00 → INV/2026/04/000133
[2026/4/28 下午1:42:34]    - ID:3647 泡泡貓｜雲林虎尾店 $8389.00 → INV/2026/04/000132
[2026/4/28 下午1:42:34] 🔧 自動修正了 0 筆儲值金記錄
[2026/4/28 下午1:42:37] 📱 Telegram 警報發送失敗
[2026/4/28 下午1:42:37] 🔍 GiveMe API 監控完成
[2026/4/28 下午2:12:44] 🔍 GiveMe API 監控開始
[2026/4/28 下午2:12:44] 🛡️ 防護機制狀態正常：腳本層 ✅ API層 ✅
[2026/4/28 下午2:12:44] ❌ 警告：發現 2 筆儲值金被誤開發票！
[2026/4/28 下午2:12:44]    - ID:3648 泡泡貓｜雲林斗六店 $50981.00 → INV/2026/04/000133
[2026/4/28 下午2:12:44]    - ID:3647 泡泡貓｜雲林虎尾店 $8389.00 → INV/2026/04/000132
[2026/4/28 下午2:12:44] 🔧 自動修正了 0 筆儲值金記錄
[2026/4/28 下午2:12:46] 📱 Telegram 警報發送失敗
[2026/4/28 下午2:12:46] 🔍 GiveMe API 監控完成
[2026/4/28 下午2:42:54] 🔍 GiveMe API 監控開始
[2026/4/28 下午2:42:54] 🛡️ 防護機制狀態正常：腳本層 ✅ API層 ✅
[2026/4/28 下午2:42:54] ❌ 警告：發現 2 筆儲值金被誤開發票！
[2026/4/28 下午2:42:54]    - ID:3648 泡泡貓｜雲林斗六店 $50981.00 → INV/2026/04/000133
[2026/4/28 下午2:42:54]    - ID:3647 泡泡貓｜雲林虎尾店 $8389.00 → INV/2026/04/000132
[2026/4/28 下午2:42:54] 🔧 自動修正了 0 筆儲值金記錄
[2026/4/28 下午2:42:57] 📱 Telegram 警報發送失敗
[2026/4/28 下午2:42:57] 🔍 GiveMe API 監控完成
[2026/4/28 下午3:13:04] 🔍 GiveMe API 監控開始
[2026/4/28 下午3:13:04] 🛡️ 防護機制狀態正常：腳本層 ✅ API層 ✅
[2026/4/28 下午3:13:04] ❌ 警告：發現 2 筆儲值金被誤開發票！
[2026/4/28 下午3:13:04]    - ID:3648 泡泡貓｜雲林斗六店 $50981.00 → INV/2026/04/000133
[2026/4/28 下午3:13:04]    - ID:3647 泡泡貓｜雲林虎尾店 $8389.00 → INV/2026/04/000132
[2026/4/28 下午3:13:04] 🔧 自動修正了 0 筆儲值金記錄
[2026/4/28 下午3:13:07] 📱 Telegram 警報發送失敗
[2026/4/28 下午3:13:07] 🔍 GiveMe API 監控完成
[2026/4/28 下午3:43:14] 🔍 GiveMe API 監控開始
[2026/4/28 下午3:43:14] 🛡️ 防護機制狀態正常：腳本層 ✅ API層 ✅
[2026/4/28 下午3:43:14] ❌ 警告：發現 2 筆儲值金被誤開發票！
[2026/4/28 下午3:43:14]    - ID:3648 泡泡貓｜雲林斗六店 $50981.00 → INV/2026/04/000133
[2026/4/28 下午3:43:14]    - ID:3647 泡泡貓｜雲林虎尾店 $8389.00 → INV/2026/04/000132
[2026/4/28 下午3:43:14] 🔧 自動修正了 0 筆儲值金記錄
[2026/4/28 下午3:43:19] 📱 Telegram 警報發送失敗
[2026/4/28 下午3:43:19] 🔍 GiveMe API 監控完成
[2026/4/28 下午4:13:25] 🔍 GiveMe API 監控開始
[2026/4/28 下午4:13:25] 🛡️ 防護機制狀態正常：腳本層 ✅ API層 ✅
[2026/4/28 下午4:13:25] ❌ 警告：發現 2 筆儲值金被誤開發票！
[2026/4/28 下午4:13:25]    - ID:3648 泡泡貓｜雲林斗六店 $50981.00 → INV/2026/04/000133
[2026/4/28 下午4:13:25]    - ID:3647 泡泡貓｜雲林虎尾店 $8389.00 → INV/2026/04/000132
[2026/4/28 下午4:13:25] 🔧 自動修正了 0 筆儲值金記錄
[2026/4/28 下午4:13:28] 📱 Telegram 警報發送失敗
[2026/4/28 下午4:13:28] 🔍 GiveMe API 監控完成
[2026/4/28 下午4:43:35] 🔍 GiveMe API 監控開始
[2026/4/28 下午4:43:35] 🛡️ 防護機制狀態正常：腳本層 ✅ API層 ✅
[2026/4/28 下午4:43:35] ❌ 警告：發現 2 筆儲值金被誤開發票！
[2026/4/28 下午4:43:35]    - ID:3648 泡泡貓｜雲林斗六店 $50981.00 → INV/2026/04/000133
[2026/4/28 下午4:43:35]    - ID:3647 泡泡貓｜雲林虎尾店 $8389.00 → INV/2026/04/000132
[2026/4/28 下午4:43:35] 🔧 自動修正了 0 筆儲值金記錄
[2026/4/28 下午4:43:39] 📱 Telegram 警報發送失敗
[2026/4/28 下午4:43:39] 🔍 GiveMe API 監控完成
[2026/4/28 下午5:13:45] 🔍 GiveMe API 監控開始
[2026/4/28 下午5:13:45] 🛡️ 防護機制狀態正常：腳本層 ✅ API層 ✅
[2026/4/28 下午5:13:45] ❌ 警告：發現 2 筆儲值金被誤開發票！
[2026/4/28 下午5:13:45]    - ID:3648 泡泡貓｜雲林斗六店 $50981.00 → INV/2026/04/000133
[2026/4/28 下午5:13:45]    - ID:3647 泡泡貓｜雲林虎尾店 $8389.00 → INV/2026/04/000132
[2026/4/28 下午5:13:45] 🔧 自動修正了 0 筆儲值金記錄
[2026/4/28 下午5:13:48] 📱 Telegram 警報發送失敗
[2026/4/28 下午5:13:48] 🔍 GiveMe API 監控完成
[2026/4/28 下午5:43:55] 🔍 GiveMe API 監控開始
[2026/4/28 下午5:43:55] 🛡️ 防護機制狀態正常：腳本層 ✅ API層 ✅
[2026/4/28 下午5:43:55] ❌ 警告：發現 2 筆儲值金被誤開發票！
[2026/4/28 下午5:43:55]    - ID:3648 泡泡貓｜雲林斗六店 $50981.00 → INV/2026/04/000133
[2026/4/28 下午5:43:55]    - ID:3647 泡泡貓｜雲林虎尾店 $8389.00 → INV/2026/04/000132
[2026/4/28 下午5:43:55] 🔧 自動修正了 0 筆儲值金記錄
[2026/4/28 下午5:43:58] 📱 Telegram 警報發送失敗
[2026/4/28 下午5:43:58] 🔍 GiveMe API 監控完成
[2026/4/28 下午6:14:05] 🔍 GiveMe API 監控開始
[2026/4/28 下午6:14:05] 🛡️ 防護機制狀態正常：腳本層 ✅ API層 ✅
[2026/4/28 下午6:14:05] ❌ 警告：發現 2 筆儲值金被誤開發票！
[2026/4/28 下午6:14:05]    - ID:3648 泡泡貓｜雲林斗六店 $50981.00 → INV/2026/04/000133
[2026/4/28 下午6:14:05]    - ID:3647 泡泡貓｜雲林虎尾店 $8389.00 → INV/2026/04/000132
[2026/4/28 下午6:14:05] 🔧 自動修正了 0 筆儲值金記錄
[2026/4/28 下午6:14:11] 📱 Telegram 警報發送失敗
[2026/4/28 下午6:14:11] 🔍 GiveMe API 監控完成
[2026/4/28 下午6:44:15] 🔍 GiveMe API 監控開始
[2026/4/28 下午6:44:16] 🛡️ 防護機制狀態正常：腳本層 ✅ API層 ✅
[2026/4/28 下午6:44:16] ❌ 警告：發現 2 筆儲值金被誤開發票！
[2026/4/28 下午6:44:16]    - ID:3648 泡泡貓｜雲林斗六店 $50981.00 → INV/2026/04/000133
[2026/4/28 下午6:44:16]    - ID:3647 泡泡貓｜雲林虎尾店 $8389.00 → INV/2026/04/000132
[2026/4/28 下午6:44:16] 🔧 自動修正了 0 筆儲值金記錄
[2026/4/28 下午6:44:18] 📱 Telegram 警報發送失敗
[2026/4/28 下午6:44:18] 🔍 GiveMe API 監控完成
[2026/4/28 下午7:14:26] 🔍 GiveMe API 監控開始
[2026/4/28 下午7:14:26] 🛡️ 防護機制狀態正常：腳本層 ✅ API層 ✅
[2026/4/28 下午7:14:26] ❌ 警告：發現 2 筆儲值金被誤開發票！
[2026/4/28 下午7:14:26]    - ID:3648 泡泡貓｜雲林斗六店 $50981.00 → INV/2026/04/000133
[2026/4/28 下午7:14:26]    - ID:3647 泡泡貓｜雲林虎尾店 $8389.00 → INV/2026/04/000132
[2026/4/28 下午7:14:26] 🔧 自動修正了 0 筆儲值金記錄
[2026/4/28 下午7:14:29] 📱 Telegram 警報發送失敗
[2026/4/28 下午7:14:29] 🔍 GiveMe API 監控完成
[2026/4/28 下午7:44:36] 🔍 GiveMe API 監控開始
[2026/4/28 下午7:44:36] 🛡️ 防護機制狀態正常：腳本層 ✅ API層 ✅
[2026/4/28 下午7:44:36] ❌ 警告：發現 2 筆儲值金被誤開發票！
[2026/4/28 下午7:44:36]    - ID:3648 泡泡貓｜雲林斗六店 $50981.00 → INV/2026/04/000133
[2026/4/28 下午7:44:36]    - ID:3647 泡泡貓｜雲林虎尾店 $8389.00 → INV/2026/04/000132
[2026/4/28 下午7:44:36] 🔧 自動修正了 0 筆儲值金記錄
[2026/4/28 下午7:44:39] 📱 Telegram 警報發送失敗
[2026/4/28 下午7:44:39] 🔍 GiveMe API 監控完成
[2026/4/28 下午8:14:46] 🔍 GiveMe API 監控開始
[2026/4/28 下午8:14:46] 🛡️ 防護機制狀態正常：腳本層 ✅ API層 ✅
[2026/4/28 下午8:14:46] ❌ 警告：發現 2 筆儲值金被誤開發票！
[2026/4/28 下午8:14:46]    - ID:3648 泡泡貓｜雲林斗六店 $50981.00 → INV/2026/04/000133
[2026/4/28 下午8:14:46]    - ID:3647 泡泡貓｜雲林虎尾店 $8389.00 → INV/2026/04/000132
[2026/4/28 下午8:14:46] 🔧 自動修正了 0 筆儲值金記錄
[2026/4/28 下午8:14:50] 📱 Telegram 警報發送失敗
[2026/4/28 下午8:14:50] 🔍 GiveMe API 監控完成
[2026/4/28 下午8:44:56] 🔍 GiveMe API 監控開始
[2026/4/28 下午8:44:56] 🛡️ 防護機制狀態正常：腳本層 ✅ API層 ✅
[2026/4/28 下午8:44:56] ❌ 警告：發現 2 筆儲值金被誤開發票！
[2026/4/28 下午8:44:56]    - ID:3648 泡泡貓｜雲林斗六店 $50981.00 → INV/2026/04/000133
[2026/4/28 下午8:44:56]    - ID:3647 泡泡貓｜雲林虎尾店 $8389.00 → INV/2026/04/000132
[2026/4/28 下午8:44:56] 🔧 自動修正了 0 筆儲值金記錄
[2026/4/28 下午8:44:59] 📱 Telegram 警報發送失敗
[2026/4/28 下午8:44:59] 🔍 GiveMe API 監控完成
[2026/4/28 下午9:15:06] 🔍 GiveMe API 監控開始
[2026/4/28 下午9:15:06] 🛡️ 防護機制狀態正常：腳本層 ✅ API層 ✅
[2026/4/28 下午9:15:06] ❌ 警告：發現 2 筆儲值金被誤開發票！
[2026/4/28 下午9:15:06]    - ID:3648 泡泡貓｜雲林斗六店 $50981.00 → INV/2026/04/000133
[2026/4/28 下午9:15:06]    - ID:3647 泡泡貓｜雲林虎尾店 $8389.00 → INV/2026/04/000132
[2026/4/28 下午9:15:06] 🔧 自動修正了 0 筆儲值金記錄
[2026/4/28 下午9:15:09] 📱 Telegram 警報發送失敗
[2026/4/28 下午9:15:09] 🔍 GiveMe API 監控完成
[2026/4/28 下午9:45:17] 🔍 GiveMe API 監控開始
[2026/4/28 下午9:45:17] 🛡️ 防護機制狀態正常：腳本層 ✅ API層 ✅
[2026/4/28 下午9:45:17] ❌ 警告：發現 2 筆儲值金被誤開發票！
[2026/4/28 下午9:45:17]    - ID:3648 泡泡貓｜雲林斗六店 $50981.00 → INV/2026/04/000133
[2026/4/28 下午9:45:17]    - ID:3647 泡泡貓｜雲林虎尾店 $8389.00 → INV/2026/04/000132
[2026/4/28 下午9:45:17] 🔧 自動修正了 0 筆儲值金記錄
[2026/4/28 下午9:45:40] 📱 Telegram 警報發送失敗
[2026/4/28 下午9:45:40] 🔍 GiveMe API 監控完成
[2026/4/28 下午10:15:40] 🔍 GiveMe API 監控開始
[2026/4/28 下午10:15:40] 🛡️ 防護機制狀態正常：腳本層 ✅ API層 ✅
[2026/4/28 下午10:15:40] ❌ 警告：發現 2 筆儲值金被誤開發票！
[2026/4/28 下午10:15:40]    - ID:3648 泡泡貓｜雲林斗六店 $50981.00 → INV/2026/04/000133
[2026/4/28 下午10:15:40]    - ID:3647 泡泡貓｜雲林虎尾店 $8389.00 → INV/2026/04/000132
[2026/4/28 下午10:15:40] 🔧 自動修正了 0 筆儲值金記錄
[2026/4/28 下午10:15:43] 📱 Telegram 警報發送失敗
[2026/4/28 下午10:15:43] 🔍 GiveMe API 監控完成
[2026/4/28 下午10:45:50] 🔍 GiveMe API 監控開始
[2026/4/28 下午10:45:50] 🛡️ 防護機制狀態正常：腳本層 ✅ API層 ✅
[2026/4/28 下午10:45:50] ❌ 警告：發現 2 筆儲值金被誤開發票！
[2026/4/28 下午10:45:50]    - ID:3648 泡泡貓｜雲林斗六店 $50981.00 → INV/2026/04/000133
[2026/4/28 下午10:45:50]    - ID:3647 泡泡貓｜雲林虎尾店 $8389.00 → INV/2026/04/000132
[2026/4/28 下午10:45:50] 🔧 自動修正了 0 筆儲值金記錄
[2026/4/28 下午10:45:55] 📱 Telegram 警報發送失敗
[2026/4/28 下午10:45:55] 🔍 GiveMe API 監控完成
[2026/4/28 下午11:16:00] 🔍 GiveMe API 監控開始
[2026/4/28 下午11:16:00] 🛡️ 防護機制狀態正常：腳本層 ✅ API層 ✅
[2026/4/28 下午11:16:00] ❌ 警告：發現 2 筆儲值金被誤開發票！
[2026/4/28 下午11:16:00]    - ID:3648 泡泡貓｜雲林斗六店 $50981.00 → INV/2026/04/000133
[2026/4/28 下午11:16:00]    - ID:3647 泡泡貓｜雲林虎尾店 $8389.00 → INV/2026/04/000132
[2026/4/28 下午11:16:00] 🔧 自動修正了 0 筆儲值金記錄
[2026/4/28 下午11:16:02] 📱 Telegram 警報發送失敗
[2026/4/28 下午11:16:02] 🔍 GiveMe API 監控完成
[2026/4/28 下午11:46:10] 🔍 GiveMe API 監控開始
[2026/4/28 下午11:46:10] 🛡️ 防護機制狀態正常：腳本層 ✅ API層 ✅
[2026/4/28 下午11:46:10] ❌ 警告：發現 2 筆儲值金被誤開發票！
[2026/4/28 下午11:46:10]    - ID:3648 泡泡貓｜雲林斗六店 $50981.00 → INV/2026/04/000133
[2026/4/28 下午11:46:10]    - ID:3647 泡泡貓｜雲林虎尾店 $8389.00 → INV/2026/04/000132
[2026/4/28 下午11:46:10] 🔧 自動修正了 0 筆儲值金記錄
[2026/4/28 下午11:46:13] 📱 Telegram 警報發送失敗
[2026/4/28 下午11:46:13] 🔍 GiveMe API 監控完成
[2026/4/29 上午12:16:20] 🔍 GiveMe API 監控開始
[2026/4/29 上午12:16:20] 🛡️ 防護機制狀態正常：腳本層 ✅ API層 ✅
[2026/4/29 上午12:16:20] ❌ 警告：發現 2 筆儲值金被誤開發票！
[2026/4/29 上午12:16:20]    - ID:3648 泡泡貓｜雲林斗六店 $50981.00 → INV/2026/04/000133
[2026/4/29 上午12:16:20]    - ID:3647 泡泡貓｜雲林虎尾店 $8389.00 → INV/2026/04/000132
[2026/4/29 上午12:16:20] 🔧 自動修正了 0 筆儲值金記錄
[2026/4/29 上午12:16:23] 📱 Telegram 警報發送失敗
[2026/4/29 上午12:16:23] 🔍 GiveMe API 監控完成
[2026/4/29 上午12:46:30] 🔍 GiveMe API 監控開始
[2026/4/29 上午12:46:30] 🛡️ 防護機制狀態正常：腳本層 ✅ API層 ✅
[2026/4/29 上午12:46:30] ❌ 警告：發現 2 筆儲值金被誤開發票！
[2026/4/29 上午12:46:30]    - ID:3648 泡泡貓｜雲林斗六店 $50981.00 → INV/2026/04/000133
[2026/4/29 上午12:46:30]    - ID:3647 泡泡貓｜雲林虎尾店 $8389.00 → INV/2026/04/000132
[2026/4/29 上午12:46:30] 🔧 自動修正了 0 筆儲值金記錄
[2026/4/29 上午12:46:33] 📱 Telegram 警報發送失敗
[2026/4/29 上午12:46:33] 🔍 GiveMe API 監控完成
[2026/4/29 上午1:16:41] 🔍 GiveMe API 監控開始
[2026/4/29 上午1:16:41] 🛡️ 防護機制狀態正常：腳本層 ✅ API層 ✅
[2026/4/29 上午1:16:41] ❌ 警告：發現 2 筆儲值金被誤開發票！
[2026/4/29 上午1:16:41]    - ID:3648 泡泡貓｜雲林斗六店 $50981.00 → INV/2026/04/000133
[2026/4/29 上午1:16:41]    - ID:3647 泡泡貓｜雲林虎尾店 $8389.00 → INV/2026/04/000132
[2026/4/29 上午1:16:41] 🔧 自動修正了 0 筆儲值金記錄
[2026/4/29 上午1:16:43] 📱 Telegram 警報發送失敗
[2026/4/29 上午1:16:43] 🔍 GiveMe API 監控完成
[2026/4/29 上午1:46:51] 🔍 GiveMe API 監控開始
[2026/4/29 上午1:46:51] 🛡️ 防護機制狀態正常：腳本層 ✅ API層 ✅
[2026/4/29 上午1:46:51] ❌ 警告：發現 2 筆儲值金被誤開發票！
[2026/4/29 上午1:46:51]    - ID:3648 泡泡貓｜雲林斗六店 $50981.00 → INV/2026/04/000133
[2026/4/29 上午1:46:51]    - ID:3647 泡泡貓｜雲林虎尾店 $8389.00 → INV/2026/04/000132
[2026/4/29 上午1:46:51] 🔧 自動修正了 0 筆儲值金記錄
[2026/4/29 上午1:46:53] 📱 Telegram 警報發送失敗
[2026/4/29 上午1:46:53] 🔍 GiveMe API 監控完成
[2026/4/29 上午2:17:01] 🔍 GiveMe API 監控開始
[2026/4/29 上午2:17:01] 🛡️ 防護機制狀態正常：腳本層 ✅ API層 ✅
[2026/4/29 上午2:17:01] ❌ 警告：發現 2 筆儲值金被誤開發票！
[2026/4/29 上午2:17:01]    - ID:3648 泡泡貓｜雲林斗六店 $50981.00 → INV/2026/04/000133
[2026/4/29 上午2:17:01]    - ID:3647 泡泡貓｜雲林虎尾店 $8389.00 → INV/2026/04/000132
[2026/4/29 上午2:17:01] 🔧 自動修正了 0 筆儲值金記錄
[2026/4/29 上午2:17:05] 📱 Telegram 警報發送失敗
[2026/4/29 上午2:17:05] 🔍 GiveMe API 監控完成
[2026/4/29 上午2:47:11] 🔍 GiveMe API 監控開始
[2026/4/29 上午2:47:11] 🛡️ 防護機制狀態正常：腳本層 ✅ API層 ✅
[2026/4/29 上午2:47:11] ❌ 警告：發現 2 筆儲值金被誤開發票！
[2026/4/29 上午2:47:11]    - ID:3648 泡泡貓｜雲林斗六店 $50981.00 → INV/2026/04/000133
[2026/4/29 上午2:47:11]    - ID:3647 泡泡貓｜雲林虎尾店 $8389.00 → INV/2026/04/000132
[2026/4/29 上午2:47:11] 🔧 自動修正了 0 筆儲值金記錄
[2026/4/29 上午2:47:14] 📱 Telegram 警報發送失敗
[2026/4/29 上午2:47:14] 🔍 GiveMe API 監控完成
[2026/4/29 上午3:17:21] 🔍 GiveMe API 監控開始
[2026/4/29 上午3:17:21] 🛡️ 防護機制狀態正常：腳本層 ✅ API層 ✅
[2026/4/29 上午3:17:21] ❌ 警告：發現 2 筆儲值金被誤開發票！
[2026/4/29 上午3:17:21]    - ID:3648 泡泡貓｜雲林斗六店 $50981.00 → INV/2026/04/000133
[2026/4/29 上午3:17:21]    - ID:3647 泡泡貓｜雲林虎尾店 $8389.00 → INV/2026/04/000132
[2026/4/29 上午3:17:21] 🔧 自動修正了 0 筆儲值金記錄
[2026/4/29 上午3:17:24] 📱 Telegram 警報發送失敗
[2026/4/29 上午3:17:24] 🔍 GiveMe API 監控完成
[2026/4/29 上午3:47:32] 🔍 GiveMe API 監控開始
[2026/4/29 上午3:47:32] 🛡️ 防護機制狀態正常：腳本層 ✅ API層 ✅
[2026/4/29 上午3:47:32] ❌ 警告：發現 2 筆儲值金被誤開發票！
[2026/4/29 上午3:47:32]    - ID:3648 泡泡貓｜雲林斗六店 $50981.00 → INV/2026/04/000133
[2026/4/29 上午3:47:32]    - ID:3647 泡泡貓｜雲林虎尾店 $8389.00 → INV/2026/04/000132
[2026/4/29 上午3:47:32] 🔧 自動修正了 0 筆儲值金記錄
[2026/4/29 上午3:47:34] 📱 Telegram 警報發送失敗
[2026/4/29 上午3:47:34] 🔍 GiveMe API 監控完成
[2026/4/29 上午4:17:42] 🔍 GiveMe API 監控開始
[2026/4/29 上午4:17:42] 🛡️ 防護機制狀態正常：腳本層 ✅ API層 ✅
[2026/4/29 上午4:17:42] ❌ 警告：發現 2 筆儲值金被誤開發票！
[2026/4/29 上午4:17:42]    - ID:3648 泡泡貓｜雲林斗六店 $50981.00 → INV/2026/04/000133
[2026/4/29 上午4:17:42]    - ID:3647 泡泡貓｜雲林虎尾店 $8389.00 → INV/2026/04/000132
[2026/4/29 上午4:17:42] 🔧 自動修正了 0 筆儲值金記錄
[2026/4/29 上午4:17:44] 📱 Telegram 警報發送失敗
[2026/4/29 上午4:17:44] 🔍 GiveMe API 監控完成
[2026/4/29 上午4:47:52] 🔍 GiveMe API 監控開始
[2026/4/29 上午4:47:52] 🛡️ 防護機制狀態正常：腳本層 ✅ API層 ✅
[2026/4/29 上午4:47:52] ❌ 警告：發現 2 筆儲值金被誤開發票！
[2026/4/29 上午4:47:52]    - ID:3648 泡泡貓｜雲林斗六店 $50981.00 → INV/2026/04/000133
[2026/4/29 上午4:47:52]    - ID:3647 泡泡貓｜雲林虎尾店 $8389.00 → INV/2026/04/000132
[2026/4/29 上午4:47:52] 🔧 自動修正了 0 筆儲值金記錄
[2026/4/29 上午4:47:55] 📱 Telegram 警報發送失敗
[2026/4/29 上午4:47:55] 🔍 GiveMe API 監控完成
[2026/4/29 上午5:18:02] 🔍 GiveMe API 監控開始
[2026/4/29 上午5:18:02] 🛡️ 防護機制狀態正常：腳本層 ✅ API層 ✅
[2026/4/29 上午5:18:02] ❌ 警告：發現 2 筆儲值金被誤開發票！
[2026/4/29 上午5:18:02]    - ID:3648 泡泡貓｜雲林斗六店 $50981.00 → INV/2026/04/000133
[2026/4/29 上午5:18:02]    - ID:3647 泡泡貓｜雲林虎尾店 $8389.00 → INV/2026/04/000132
[2026/4/29 上午5:18:02] 🔧 自動修正了 0 筆儲值金記錄
[2026/4/29 上午5:18:05] 📱 Telegram 警報發送失敗
[2026/4/29 上午5:18:05] 🔍 GiveMe API 監控完成
[2026/4/29 上午5:48:12] 🔍 GiveMe API 監控開始
[2026/4/29 上午5:48:12] 🛡️ 防護機制狀態正常：腳本層 ✅ API層 ✅
[2026/4/29 上午5:48:12] ❌ 警告：發現 2 筆儲值金被誤開發票！
[2026/4/29 上午5:48:12]    - ID:3648 泡泡貓｜雲林斗六店 $50981.00 → INV/2026/04/000133
[2026/4/29 上午5:48:12]    - ID:3647 泡泡貓｜雲林虎尾店 $8389.00 → INV/2026/04/000132
[2026/4/29 上午5:48:12] 🔧 自動修正了 0 筆儲值金記錄
[2026/4/29 上午5:48:15] 📱 Telegram 警報發送失敗
[2026/4/29 上午5:48:15] 🔍 GiveMe API 監控完成
[2026/4/29 上午6:18:22] 🔍 GiveMe API 監控開始
[2026/4/29 上午6:18:22] 🛡️ 防護機制狀態正常：腳本層 ✅ API層 ✅
[2026/4/29 上午6:18:22] ❌ 警告：發現 2 筆儲值金被誤開發票！
[2026/4/29 上午6:18:22]    - ID:3648 泡泡貓｜雲林斗六店 $50981.00 → INV/2026/04/000133
[2026/4/29 上午6:18:22]    - ID:3647 泡泡貓｜雲林虎尾店 $8389.00 → INV/2026/04/000132
[2026/4/29 上午6:18:22] 🔧 自動修正了 0 筆儲值金記錄
[2026/4/29 上午6:18:25] 📱 Telegram 警報發送失敗
[2026/4/29 上午6:18:25] 🔍 GiveMe API 監控完成
[2026/4/29 上午6:48:33] 🔍 GiveMe API 監控開始
[2026/4/29 上午6:48:33] 🛡️ 防護機制狀態正常：腳本層 ✅ API層 ✅
[2026/4/29 上午6:48:33] ❌ 警告：發現 2 筆儲值金被誤開發票！
[2026/4/29 上午6:48:33]    - ID:3648 泡泡貓｜雲林斗六店 $50981.00 → INV/2026/04/000133
[2026/4/29 上午6:48:33]    - ID:3647 泡泡貓｜雲林虎尾店 $8389.00 → INV/2026/04/000132
[2026/4/29 上午6:48:33] 🔧 自動修正了 0 筆儲值金記錄
[2026/4/29 上午6:48:35] 📱 Telegram 警報發送失敗
[2026/4/29 上午6:48:35] 🔍 GiveMe API 監控完成
[2026/4/29 上午7:18:43] 🔍 GiveMe API 監控開始
[2026/4/29 上午7:18:43] 🛡️ 防護機制狀態正常：腳本層 ✅ API層 ✅
[2026/4/29 上午7:18:43] ❌ 警告：發現 2 筆儲值金被誤開發票！
[2026/4/29 上午7:18:43]    - ID:3648 泡泡貓｜雲林斗六店 $50981.00 → INV/2026/04/000133
[2026/4/29 上午7:18:43]    - ID:3647 泡泡貓｜雲林虎尾店 $8389.00 → INV/2026/04/000132
[2026/4/29 上午7:18:43] 🔧 自動修正了 0 筆儲值金記錄
[2026/4/29 上午7:18:45] 📱 Telegram 警報發送失敗
[2026/4/29 上午7:18:45] 🔍 GiveMe API 監控完成
[2026/4/29 上午7:48:53] 🔍 GiveMe API 監控開始
[2026/4/29 上午7:48:53] 🛡️ 防護機制狀態正常：腳本層 ✅ API層 ✅
[2026/4/29 上午7:48:53] ❌ 警告：發現 2 筆儲值金被誤開發票！
[2026/4/29 上午7:48:53]    - ID:3648 泡泡貓｜雲林斗六店 $50981.00 → INV/2026/04/000133
[2026/4/29 上午7:48:53]    - ID:3647 泡泡貓｜雲林虎尾店 $8389.00 → INV/2026/04/000132
[2026/4/29 上午7:48:53] 🔧 自動修正了 0 筆儲值金記錄
[2026/4/29 上午7:48:55] 📱 Telegram 警報發送失敗
[2026/4/29 上午7:48:55] 🔍 GiveMe API 監控完成
[2026/4/29 上午8:19:03] 🔍 GiveMe API 監控開始
[2026/4/29 上午8:19:03] 🛡️ 防護機制狀態正常：腳本層 ✅ API層 ✅
[2026/4/29 上午8:19:03] ❌ 警告：發現 2 筆儲值金被誤開發票！
[2026/4/29 上午8:19:03]    - ID:3648 泡泡貓｜雲林斗六店 $50981.00 → INV/2026/04/000133
[2026/4/29 上午8:19:03]    - ID:3647 泡泡貓｜雲林虎尾店 $8389.00 → INV/2026/04/000132
[2026/4/29 上午8:19:03] 🔧 自動修正了 0 筆儲值金記錄
[2026/4/29 上午8:19:06] 📱 Telegram 警報發送失敗
[2026/4/29 上午8:19:06] 🔍 GiveMe API 監控完成
[2026/4/29 上午8:49:13] 🔍 GiveMe API 監控開始
[2026/4/29 上午8:49:13] 🛡️ 防護機制狀態正常：腳本層 ✅ API層 ✅
[2026/4/29 上午8:49:13] ❌ 警告：發現 2 筆儲值金被誤開發票！
[2026/4/29 上午8:49:13]    - ID:3648 泡泡貓｜雲林斗六店 $50981.00 → INV/2026/04/000133
[2026/4/29 上午8:49:13]    - ID:3647 泡泡貓｜雲林虎尾店 $8389.00 → INV/2026/04/000132
[2026/4/29 上午8:49:13] 🔧 自動修正了 0 筆儲值金記錄
[2026/4/29 上午8:49:16] 📱 Telegram 警報發送失敗
[2026/4/29 上午8:49:16] 🔍 GiveMe API 監控完成
[2026/4/29 上午9:19:23] 🔍 GiveMe API 監控開始
[2026/4/29 上午9:19:23] 🛡️ 防護機制狀態正常：腳本層 ✅ API層 ✅
[2026/4/29 上午9:19:23] ❌ 警告：發現 2 筆儲值金被誤開發票！
[2026/4/29 上午9:19:23]    - ID:3648 泡泡貓｜雲林斗六店 $50981.00 → INV/2026/04/000133
[2026/4/29 上午9:19:23]    - ID:3647 泡泡貓｜雲林虎尾店 $8389.00 → INV/2026/04/000132
[2026/4/29 上午9:19:23] 🔧 自動修正了 0 筆儲值金記錄
[2026/4/29 上午9:19:26] 📱 Telegram 警報發送失敗
[2026/4/29 上午9:19:26] 🔍 GiveMe API 監控完成
[2026/4/29 上午9:49:34] 🔍 GiveMe API 監控開始
[2026/4/29 上午9:49:34] 🛡️ 防護機制狀態正常：腳本層 ✅ API層 ✅
[2026/4/29 上午9:49:34] ❌ 警告：發現 2 筆儲值金被誤開發票！
[2026/4/29 上午9:49:34]    - ID:3648 泡泡貓｜雲林斗六店 $50981.00 → INV/2026/04/000133
[2026/4/29 上午9:49:34]    - ID:3647 泡泡貓｜雲林虎尾店 $8389.00 → INV/2026/04/000132
[2026/4/29 上午9:49:34] 🔧 自動修正了 0 筆儲值金記錄
[2026/4/29 上午9:49:36] 📱 Telegram 警報發送失敗
[2026/4/29 上午9:49:36] 🔍 GiveMe API 監控完成
[2026/4/29 上午10:19:44] 🔍 GiveMe API 監控開始
[2026/4/29 上午10:19:44] 🛡️ 防護機制狀態正常：腳本層 ✅ API層 ✅
[2026/4/29 上午10:19:44] ❌ 警告：發現 2 筆儲值金被誤開發票！
[2026/4/29 上午10:19:44]    - ID:3648 泡泡貓｜雲林斗六店 $50981.00 → INV/2026/04/000133
[2026/4/29 上午10:19:44]    - ID:3647 泡泡貓｜雲林虎尾店 $8389.00 → INV/2026/04/000132
[2026/4/29 上午10:19:44] 🔧 自動修正了 0 筆儲值金記錄
[2026/4/29 上午10:19:47] 📱 Telegram 警報發送失敗
[2026/4/29 上午10:19:47] 🔍 GiveMe API 監控完成
[2026/4/29 上午10:49:54] 🔍 GiveMe API 監控開始
[2026/4/29 上午10:49:54] 🛡️ 防護機制狀態正常：腳本層 ✅ API層 ✅
[2026/4/29 上午10:49:54] ❌ 警告：發現 2 筆儲值金被誤開發票！
[2026/4/29 上午10:49:54]    - ID:3648 泡泡貓｜雲林斗六店 $50981.00 → INV/2026/04/000133
[2026/4/29 上午10:49:54]    - ID:3647 泡泡貓｜雲林虎尾店 $8389.00 → INV/2026/04/000132
[2026/4/29 上午10:49:54] 🔧 自動修正了 0 筆儲值金記錄
[2026/4/29 上午10:49:57] 📱 Telegram 警報發送失敗
[2026/4/29 上午10:49:57] 🔍 GiveMe API 監控完成
[2026/4/29 上午11:20:04] 🔍 GiveMe API 監控開始
[2026/4/29 上午11:20:04] 🛡️ 防護機制狀態正常：腳本層 ✅ API層 ✅
[2026/4/29 上午11:20:04] ❌ 警告：發現 2 筆儲值金被誤開發票！
[2026/4/29 上午11:20:04]    - ID:3648 泡泡貓｜雲林斗六店 $50981.00 → INV/2026/04/000133
[2026/4/29 上午11:20:04]    - ID:3647 泡泡貓｜雲林虎尾店 $8389.00 → INV/2026/04/000132
[2026/4/29 上午11:20:04] 🔧 自動修正了 0 筆儲值金記錄
[2026/4/29 上午11:20:07] 📱 Telegram 警報發送失敗
[2026/4/29 上午11:20:07] 🔍 GiveMe API 監控完成
[2026/4/29 上午11:50:14] 🔍 GiveMe API 監控開始
[2026/4/29 上午11:50:14] 🛡️ 防護機制狀態正常：腳本層 ✅ API層 ✅
[2026/4/29 上午11:50:14] ❌ 警告：發現 2 筆儲值金被誤開發票！
[2026/4/29 上午11:50:14]    - ID:3648 泡泡貓｜雲林斗六店 $50981.00 → INV/2026/04/000133
[2026/4/29 上午11:50:14]    - ID:3647 泡泡貓｜雲林虎尾店 $8389.00 → INV/2026/04/000132
[2026/4/29 上午11:50:14] 🔧 自動修正了 0 筆儲值金記錄
[2026/4/29 上午11:50:17] 📱 Telegram 警報發送失敗
[2026/4/29 上午11:50:17] 🔍 GiveMe API 監控完成
[2026/4/29 下午12:20:24] 🔍 GiveMe API 監控開始
[2026/4/29 下午12:20:24] 🛡️ 防護機制狀態正常：腳本層 ✅ API層 ✅
[2026/4/29 下午12:20:25] ❌ 警告：發現 2 筆儲值金被誤開發票！
[2026/4/29 下午12:20:25]    - ID:3648 泡泡貓｜雲林斗六店 $50981.00 → INV/2026/04/000133
[2026/4/29 下午12:20:25]    - ID:3647 泡泡貓｜雲林虎尾店 $8389.00 → INV/2026/04/000132
[2026/4/29 下午12:20:25] 🔧 自動修正了 0 筆儲值金記錄
[2026/4/29 下午12:20:27] 📱 Telegram 警報發送失敗
[2026/4/29 下午12:20:27] 🔍 GiveMe API 監控完成
[2026/4/29 下午12:50:35] 🔍 GiveMe API 監控開始
[2026/4/29 下午12:50:35] 🛡️ 防護機制狀態正常：腳本層 ✅ API層 ✅
[2026/4/29 下午12:50:35] ❌ 警告：發現 2 筆儲值金被誤開發票！
[2026/4/29 下午12:50:35]    - ID:3648 泡泡貓｜雲林斗六店 $50981.00 → INV/2026/04/000133
[2026/4/29 下午12:50:35]    - ID:3647 泡泡貓｜雲林虎尾店 $8389.00 → INV/2026/04/000132
[2026/4/29 下午12:50:35] 🔧 自動修正了 0 筆儲值金記錄
[2026/4/29 下午12:50:37] 📱 Telegram 警報發送失敗
[2026/4/29 下午12:50:37] 🔍 GiveMe API 監控完成
[2026/4/29 下午1:20:45] 🔍 GiveMe API 監控開始
[2026/4/29 下午1:20:45] 🛡️ 防護機制狀態正常：腳本層 ✅ API層 ✅
[2026/4/29 下午1:20:45] ❌ 警告：發現 2 筆儲值金被誤開發票！
[2026/4/29 下午1:20:45]    - ID:3648 泡泡貓｜雲林斗六店 $50981.00 → INV/2026/04/000133
[2026/4/29 下午1:20:45]    - ID:3647 泡泡貓｜雲林虎尾店 $8389.00 → INV/2026/04/000132
[2026/4/29 下午1:20:45] 🔧 自動修正了 0 筆儲值金記錄
[2026/4/29 下午1:20:47] 📱 Telegram 警報發送失敗
[2026/4/29 下午1:20:47] 🔍 GiveMe API 監控完成
[2026/4/29 下午1:50:55] 🔍 GiveMe API 監控開始
[2026/4/29 下午1:50:55] 🛡️ 防護機制狀態正常：腳本層 ✅ API層 ✅
[2026/4/29 下午1:50:55] ❌ 警告：發現 2 筆儲值金被誤開發票！
[2026/4/29 下午1:50:55]    - ID:3648 泡泡貓｜雲林斗六店 $50981.00 → INV/2026/04/000133
[2026/4/29 下午1:50:55]    - ID:3647 泡泡貓｜雲林虎尾店 $8389.00 → INV/2026/04/000132
[2026/4/29 下午1:50:55] 🔧 自動修正了 0 筆儲值金記錄
[2026/4/29 下午1:50:58] 📱 Telegram 警報發送失敗
[2026/4/29 下午1:50:58] 🔍 GiveMe API 監控完成
[2026/4/29 下午2:21:05] 🔍 GiveMe API 監控開始
[2026/4/29 下午2:21:05] 🛡️ 防護機制狀態正常：腳本層 ✅ API層 ✅
[2026/4/29 下午2:21:05] ❌ 警告：發現 2 筆儲值金被誤開發票！
[2026/4/29 下午2:21:05]    - ID:3648 泡泡貓｜雲林斗六店 $50981.00 → INV/2026/04/000133
[2026/4/29 下午2:21:05]    - ID:3647 泡泡貓｜雲林虎尾店 $8389.00 → INV/2026/04/000132
[2026/4/29 下午2:21:05] 🔧 自動修正了 0 筆儲值金記錄
[2026/4/29 下午2:21:08] 📱 Telegram 警報發送失敗
[2026/4/29 下午2:21:08] 🔍 GiveMe API 監控完成
[2026/4/29 下午2:51:15] 🔍 GiveMe API 監控開始
[2026/4/29 下午2:51:15] 🛡️ 防護機制狀態正常：腳本層 ✅ API層 ✅
[2026/4/29 下午2:51:15] ❌ 警告：發現 2 筆儲值金被誤開發票！
[2026/4/29 下午2:51:15]    - ID:3648 泡泡貓｜雲林斗六店 $50981.00 → INV/2026/04/000133
[2026/4/29 下午2:51:15]    - ID:3647 泡泡貓｜雲林虎尾店 $8389.00 → INV/2026/04/000132
[2026/4/29 下午2:51:15] 🔧 自動修正了 0 筆儲值金記錄
[2026/4/29 下午2:51:19] 📱 Telegram 警報發送失敗
[2026/4/29 下午2:51:19] 🔍 GiveMe API 監控完成
[2026/4/29 下午3:21:25] 🔍 GiveMe API 監控開始
[2026/4/29 下午3:21:25] 🛡️ 防護機制狀態正常：腳本層 ✅ API層 ✅
[2026/4/29 下午3:21:25] ❌ 警告：發現 2 筆儲值金被誤開發票！
[2026/4/29 下午3:21:25]    - ID:3648 泡泡貓｜雲林斗六店 $50981.00 → INV/2026/04/000133
[2026/4/29 下午3:21:25]    - ID:3647 泡泡貓｜雲林虎尾店 $8389.00 → INV/2026/04/000132
[2026/4/29 下午3:21:25] 🔧 自動修正了 0 筆儲值金記錄
[2026/4/29 下午3:21:28] 📱 Telegram 警報發送失敗
[2026/4/29 下午3:21:28] 🔍 GiveMe API 監控完成
[2026/4/29 下午3:51:36] 🔍 GiveMe API 監控開始
[2026/4/29 下午3:51:36] 🛡️ 防護機制狀態正常：腳本層 ✅ API層 ✅
[2026/4/29 下午3:51:36] ❌ 警告：發現 2 筆儲值金被誤開發票！
[2026/4/29 下午3:51:36]    - ID:3648 泡泡貓｜雲林斗六店 $50981.00 → INV/2026/04/000133
[2026/4/29 下午3:51:36]    - ID:3647 泡泡貓｜雲林虎尾店 $8389.00 → INV/2026/04/000132
[2026/4/29 下午3:51:36] 🔧 自動修正了 0 筆儲值金記錄
[2026/4/29 下午3:51:38] 📱 Telegram 警報發送失敗
[2026/4/29 下午3:51:38] 🔍 GiveMe API 監控完成
[2026/4/29 下午4:21:46] 🔍 GiveMe API 監控開始
[2026/4/29 下午4:21:46] 🛡️ 防護機制狀態正常：腳本層 ✅ API層 ✅
[2026/4/29 下午4:21:46] ❌ 警告：發現 2 筆儲值金被誤開發票！
[2026/4/29 下午4:21:46]    - ID:3648 泡泡貓｜雲林斗六店 $50981.00 → INV/2026/04/000133
[2026/4/29 下午4:21:46]    - ID:3647 泡泡貓｜雲林虎尾店 $8389.00 → INV/2026/04/000132
[2026/4/29 下午4:21:46] 🔧 自動修正了 0 筆儲值金記錄
[2026/4/29 下午4:21:51] 📱 Telegram 警報發送失敗
[2026/4/29 下午4:21:51] 🔍 GiveMe API 監控完成
[2026/4/29 下午4:51:56] 🔍 GiveMe API 監控開始
[2026/4/29 下午4:51:56] 🛡️ 防護機制狀態正常：腳本層 ✅ API層 ✅
[2026/4/29 下午4:51:56] ❌ 警告：發現 2 筆儲值金被誤開發票！
[2026/4/29 下午4:51:56]    - ID:3648 泡泡貓｜雲林斗六店 $50981.00 → INV/2026/04/000133
[2026/4/29 下午4:51:56]    - ID:3647 泡泡貓｜雲林虎尾店 $8389.00 → INV/2026/04/000132
[2026/4/29 下午4:51:56] 🔧 自動修正了 0 筆儲值金記錄
[2026/4/29 下午4:51:59] 📱 Telegram 警報發送失敗
[2026/4/29 下午4:51:59] 🔍 GiveMe API 監控完成
[2026/4/29 下午5:22:06] 🔍 GiveMe API 監控開始
[2026/4/29 下午5:22:06] 🛡️ 防護機制狀態正常：腳本層 ✅ API層 ✅
[2026/4/29 下午5:22:06] ❌ 警告：發現 2 筆儲值金被誤開發票！
[2026/4/29 下午5:22:06]    - ID:3648 泡泡貓｜雲林斗六店 $50981.00 → INV/2026/04/000133
[2026/4/29 下午5:22:06]    - ID:3647 泡泡貓｜雲林虎尾店 $8389.00 → INV/2026/04/000132
[2026/4/29 下午5:22:06] 🔧 自動修正了 0 筆儲值金記錄
[2026/4/29 下午5:22:09] 📱 Telegram 警報發送失敗
[2026/4/29 下午5:22:09] 🔍 GiveMe API 監控完成
[2026/4/29 下午5:52:16] 🔍 GiveMe API 監控開始
[2026/4/29 下午5:52:16] 🛡️ 防護機制狀態正常：腳本層 ✅ API層 ✅
[2026/4/29 下午5:52:16] ❌ 警告：發現 2 筆儲值金被誤開發票！
[2026/4/29 下午5:52:16]    - ID:3648 泡泡貓｜雲林斗六店 $50981.00 → INV/2026/04/000133
[2026/4/29 下午5:52:16]    - ID:3647 泡泡貓｜雲林虎尾店 $8389.00 → INV/2026/04/000132
[2026/4/29 下午5:52:16] 🔧 自動修正了 0 筆儲值金記錄
[2026/4/29 下午5:52:26] 📱 Telegram 警報發送失敗
[2026/4/29 下午5:52:26] 🔍 GiveMe API 監控完成
[2026/4/29 下午6:22:27] 🔍 GiveMe API 監控開始
[2026/4/29 下午6:22:27] 🛡️ 防護機制狀態正常：腳本層 ✅ API層 ✅
[2026/4/29 下午6:22:27] ❌ 警告：發現 2 筆儲值金被誤開發票！
[2026/4/29 下午6:22:27]    - ID:3648 泡泡貓｜雲林斗六店 $50981.00 → INV/2026/04/000133
[2026/4/29 下午6:22:27]    - ID:3647 泡泡貓｜雲林虎尾店 $8389.00 → INV/2026/04/000132
[2026/4/29 下午6:22:27] 🔧 自動修正了 0 筆儲值金記錄
[2026/4/29 下午6:22:31] 📱 Telegram 警報發送失敗
[2026/4/29 下午6:22:31] 🔍 GiveMe API 監控完成
[2026/4/29 下午6:52:37] 🔍 GiveMe API 監控開始
[2026/4/29 下午6:52:37] 🛡️ 防護機制狀態正常：腳本層 ✅ API層 ✅
[2026/4/29 下午6:52:37] ❌ 警告：發現 2 筆儲值金被誤開發票！
[2026/4/29 下午6:52:37]    - ID:3648 泡泡貓｜雲林斗六店 $50981.00 → INV/2026/04/000133
[2026/4/29 下午6:52:37]    - ID:3647 泡泡貓｜雲林虎尾店 $8389.00 → INV/2026/04/000132
[2026/4/29 下午6:52:37] 🔧 自動修正了 0 筆儲值金記錄
[2026/4/29 下午6:52:40] 📱 Telegram 警報發送失敗
[2026/4/29 下午6:52:40] 🔍 GiveMe API 監控完成
[2026/4/29 下午7:22:47] 🔍 GiveMe API 監控開始
[2026/4/29 下午7:22:47] 🛡️ 防護機制狀態正常：腳本層 ✅ API層 ✅
[2026/4/29 下午7:22:47] ❌ 警告：發現 2 筆儲值金被誤開發票！
[2026/4/29 下午7:22:47]    - ID:3648 泡泡貓｜雲林斗六店 $50981.00 → INV/2026/04/000133
[2026/4/29 下午7:22:47]    - ID:3647 泡泡貓｜雲林虎尾店 $8389.00 → INV/2026/04/000132
[2026/4/29 下午7:22:47] 🔧 自動修正了 0 筆儲值金記錄
[2026/4/29 下午7:22:52] 📱 Telegram 警報發送失敗
[2026/4/29 下午7:22:52] 🔍 GiveMe API 監控完成
[2026/4/29 下午7:52:57] 🔍 GiveMe API 監控開始
[2026/4/29 下午7:52:57] 🛡️ 防護機制狀態正常：腳本層 ✅ API層 ✅
[2026/4/29 下午7:52:57] ❌ 警告：發現 2 筆儲值金被誤開發票！
[2026/4/29 下午7:52:57]    - ID:3648 泡泡貓｜雲林斗六店 $50981.00 → INV/2026/04/000133
[2026/4/29 下午7:52:57]    - ID:3647 泡泡貓｜雲林虎尾店 $8389.00 → INV/2026/04/000132
[2026/4/29 下午7:52:57] 🔧 自動修正了 0 筆儲值金記錄
[2026/4/29 下午7:53:00] 📱 Telegram 警報發送失敗
[2026/4/29 下午7:53:00] 🔍 GiveMe API 監控完成
[2026/4/29 下午8:23:07] 🔍 GiveMe API 監控開始
[2026/4/29 下午8:23:07] 🛡️ 防護機制狀態正常：腳本層 ✅ API層 ✅
[2026/4/29 下午8:23:07] ❌ 警告：發現 2 筆儲值金被誤開發票！
[2026/4/29 下午8:23:07]    - ID:3648 泡泡貓｜雲林斗六店 $50981.00 → INV/2026/04/000133
[2026/4/29 下午8:23:07]    - ID:3647 泡泡貓｜雲林虎尾店 $8389.00 → INV/2026/04/000132
[2026/4/29 下午8:23:07] 🔧 自動修正了 0 筆儲值金記錄
[2026/4/29 下午8:23:11] 📱 Telegram 警報發送失敗
[2026/4/29 下午8:23:11] 🔍 GiveMe API 監控完成
[2026/4/29 下午8:53:17] 🔍 GiveMe API 監控開始
[2026/4/29 下午8:53:17] 🛡️ 防護機制狀態正常：腳本層 ✅ API層 ✅
[2026/4/29 下午8:53:17] ❌ 警告：發現 2 筆儲值金被誤開發票！
[2026/4/29 下午8:53:17]    - ID:3648 泡泡貓｜雲林斗六店 $50981.00 → INV/2026/04/000133
[2026/4/29 下午8:53:17]    - ID:3647 泡泡貓｜雲林虎尾店 $8389.00 → INV/2026/04/000132
[2026/4/29 下午8:53:17] 🔧 自動修正了 0 筆儲值金記錄
[2026/4/29 下午8:53:22] 📱 Telegram 警報發送失敗
[2026/4/29 下午8:53:22] 🔍 GiveMe API 監控完成
[2026/4/29 下午9:23:27] 🔍 GiveMe API 監控開始
[2026/4/29 下午9:23:28] 🛡️ 防護機制狀態正常：腳本層 ✅ API層 ✅
[2026/4/29 下午9:23:28] ❌ 警告：發現 2 筆儲值金被誤開發票！
[2026/4/29 下午9:23:28]    - ID:3648 泡泡貓｜雲林斗六店 $50981.00 → INV/2026/04/000133
[2026/4/29 下午9:23:28]    - ID:3647 泡泡貓｜雲林虎尾店 $8389.00 → INV/2026/04/000132
[2026/4/29 下午9:23:28] 🔧 自動修正了 0 筆儲值金記錄
[2026/4/29 下午9:23:28] 📱 Telegram 警報發送錯誤: request to https://api.telegram.org/bot7782033529:AAHaaMZ9HF1Ec9m-DyXAHZp0lz3HXWCvJAE/sendMessage failed, reason:
[2026/4/29 下午9:23:28] 🔍 GiveMe API 監控完成
[2026/4/29 下午9:53:38] 🔍 GiveMe API 監控開始
[2026/4/29 下午9:53:38] 🛡️ 防護機制狀態正常：腳本層 ✅ API層 ✅
[2026/4/29 下午9:53:38] ❌ 警告：發現 2 筆儲值金被誤開發票！
[2026/4/29 下午9:53:38]    - ID:3648 泡泡貓｜雲林斗六店 $50981.00 → INV/2026/04/000133
[2026/4/29 下午9:53:38]    - ID:3647 泡泡貓｜雲林虎尾店 $8389.00 → INV/2026/04/000132
[2026/4/29 下午9:53:38] 🔧 自動修正了 0 筆儲值金記錄
[2026/4/29 下午9:53:42] 📱 Telegram 警報發送失敗
[2026/4/29 下午9:53:42] 🔍 GiveMe API 監控完成
[2026/4/29 下午10:23:48] 🔍 GiveMe API 監控開始
[2026/4/29 下午10:23:48] 🛡️ 防護機制狀態正常：腳本層 ✅ API層 ✅
[2026/4/29 下午10:23:48] ❌ 警告：發現 2 筆儲值金被誤開發票！
[2026/4/29 下午10:23:48]    - ID:3648 泡泡貓｜雲林斗六店 $50981.00 → INV/2026/04/000133
[2026/4/29 下午10:23:48]    - ID:3647 泡泡貓｜雲林虎尾店 $8389.00 → INV/2026/04/000132
[2026/4/29 下午10:23:48] 🔧 自動修正了 0 筆儲值金記錄
[2026/4/29 下午10:23:48] 📱 Telegram 警報發送錯誤: request to https://api.telegram.org/bot7782033529:AAHaaMZ9HF1Ec9m-DyXAHZp0lz3HXWCvJAE/sendMessage failed, reason:
[2026/4/29 下午10:23:48] 🔍 GiveMe API 監控完成
[2026/4/29 下午10:53:58] 🔍 GiveMe API 監控開始
[2026/4/29 下午10:53:58] 🛡️ 防護機制狀態正常：腳本層 ✅ API層 ✅
[2026/4/29 下午10:53:58] ❌ 警告：發現 2 筆儲值金被誤開發票！
[2026/4/29 下午10:53:58]    - ID:3648 泡泡貓｜雲林斗六店 $50981.00 → INV/2026/04/000133
[2026/4/29 下午10:53:58]    - ID:3647 泡泡貓｜雲林虎尾店 $8389.00 → INV/2026/04/000132
[2026/4/29 下午10:53:58] 🔧 自動修正了 0 筆儲值金記錄
[2026/4/29 下午10:54:02] 📱 Telegram 警報發送失敗
[2026/4/29 下午10:54:02] 🔍 GiveMe API 監控完成
[2026/4/29 下午11:24:08] 🔍 GiveMe API 監控開始
[2026/4/29 下午11:24:08] 🛡️ 防護機制狀態正常：腳本層 ✅ API層 ✅
[2026/4/29 下午11:24:08] ❌ 警告：發現 2 筆儲值金被誤開發票！
[2026/4/29 下午11:24:08]    - ID:3648 泡泡貓｜雲林斗六店 $50981.00 → INV/2026/04/000133
[2026/4/29 下午11:24:08]    - ID:3647 泡泡貓｜雲林虎尾店 $8389.00 → INV/2026/04/000132
[2026/4/29 下午11:24:08] 🔧 自動修正了 0 筆儲值金記錄
[2026/4/29 下午11:24:09] 📱 Telegram 警報發送錯誤: request to https://api.telegram.org/bot7782033529:AAHaaMZ9HF1Ec9m-DyXAHZp0lz3HXWCvJAE/sendMessage failed, reason:
[2026/4/29 下午11:24:09] 🔍 GiveMe API 監控完成
[2026/4/29 下午11:54:18] 🔍 GiveMe API 監控開始
[2026/4/29 下午11:54:18] 🛡️ 防護機制狀態正常：腳本層 ✅ API層 ✅
[2026/4/29 下午11:54:18] ❌ 警告：發現 2 筆儲值金被誤開發票！
[2026/4/29 下午11:54:18]    - ID:3648 泡泡貓｜雲林斗六店 $50981.00 → INV/2026/04/000133
[2026/4/29 下午11:54:18]    - ID:3647 泡泡貓｜雲林虎尾店 $8389.00 → INV/2026/04/000132
[2026/4/29 下午11:54:18] 🔧 自動修正了 0 筆儲值金記錄
[2026/4/29 下午11:54:27] 📱 Telegram 警報發送失敗
[2026/4/29 下午11:54:27] 🔍 GiveMe API 監控完成
[2026/4/30 上午12:24:29] 🔍 GiveMe API 監控開始
[2026/4/30 上午12:24:29] 🛡️ 防護機制狀態正常：腳本層 ✅ API層 ✅
[2026/4/30 上午12:24:29] ❌ 警告：發現 2 筆儲值金被誤開發票！
[2026/4/30 上午12:24:29]    - ID:3648 泡泡貓｜雲林斗六店 $50981.00 → INV/2026/04/000133
[2026/4/30 上午12:24:29]    - ID:3647 泡泡貓｜雲林虎尾店 $8389.00 → INV/2026/04/000132
[2026/4/30 上午12:24:29] 🔧 自動修正了 0 筆儲值金記錄
[2026/4/30 上午12:24:34] 📱 Telegram 警報發送失敗
[2026/4/30 上午12:24:34] 🔍 GiveMe API 監控完成
[2026/4/30 上午12:54:39] 🔍 GiveMe API 監控開始
[2026/4/30 上午12:54:39] 🛡️ 防護機制狀態正常：腳本層 ✅ API層 ✅
[2026/4/30 上午12:54:39] ❌ 警告：發現 2 筆儲值金被誤開發票！
[2026/4/30 上午12:54:39]    - ID:3648 泡泡貓｜雲林斗六店 $50981.00 → INV/2026/04/000133
[2026/4/30 上午12:54:39]    - ID:3647 泡泡貓｜雲林虎尾店 $8389.00 → INV/2026/04/000132
[2026/4/30 上午12:54:39] 🔧 自動修正了 0 筆儲值金記錄
[2026/4/30 上午12:54:39] 📱 Telegram 警報發送錯誤: request to https://api.telegram.org/bot7782033529:AAHaaMZ9HF1Ec9m-DyXAHZp0lz3HXWCvJAE/sendMessage failed, reason:
[2026/4/30 上午12:54:39] 🔍 GiveMe API 監控完成
[2026/4/30 上午1:24:49] 🔍 GiveMe API 監控開始
[2026/4/30 上午1:24:49] 🛡️ 防護機制狀態正常：腳本層 ✅ API層 ✅
[2026/4/30 上午1:24:49] ❌ 警告：發現 2 筆儲值金被誤開發票！
[2026/4/30 上午1:24:49]    - ID:3648 泡泡貓｜雲林斗六店 $50981.00 → INV/2026/04/000133
[2026/4/30 上午1:24:49]    - ID:3647 泡泡貓｜雲林虎尾店 $8389.00 → INV/2026/04/000132
[2026/4/30 上午1:24:49] 🔧 自動修正了 0 筆儲值金記錄
[2026/4/30 上午1:24:51] 📱 Telegram 警報發送失敗
[2026/4/30 上午1:24:51] 🔍 GiveMe API 監控完成
[2026/4/30 上午1:54:59] 🔍 GiveMe API 監控開始
[2026/4/30 上午1:54:59] 🛡️ 防護機制狀態正常：腳本層 ✅ API層 ✅
[2026/4/30 上午1:54:59] ❌ 警告：發現 2 筆儲值金被誤開發票！
[2026/4/30 上午1:54:59]    - ID:3648 泡泡貓｜雲林斗六店 $50981.00 → INV/2026/04/000133
[2026/4/30 上午1:54:59]    - ID:3647 泡泡貓｜雲林虎尾店 $8389.00 → INV/2026/04/000132
[2026/4/30 上午1:54:59] 🔧 自動修正了 0 筆儲值金記錄
[2026/4/30 上午1:55:02] 📱 Telegram 警報發送失敗
[2026/4/30 上午1:55:02] 🔍 GiveMe API 監控完成
[2026/4/30 上午2:25:09] 🔍 GiveMe API 監控開始
[2026/4/30 上午2:25:09] 🛡️ 防護機制狀態正常：腳本層 ✅ API層 ✅
[2026/4/30 上午2:25:09] ❌ 警告：發現 2 筆儲值金被誤開發票！
[2026/4/30 上午2:25:09]    - ID:3648 泡泡貓｜雲林斗六店 $50981.00 → INV/2026/04/000133
[2026/4/30 上午2:25:09]    - ID:3647 泡泡貓｜雲林虎尾店 $8389.00 → INV/2026/04/000132
[2026/4/30 上午2:25:09] 🔧 自動修正了 0 筆儲值金記錄
[2026/4/30 上午2:25:12] 📱 Telegram 警報發送失敗
[2026/4/30 上午2:25:12] 🔍 GiveMe API 監控完成
[2026/4/30 上午2:55:19] 🔍 GiveMe API 監控開始
[2026/4/30 上午2:55:19] 🛡️ 防護機制狀態正常：腳本層 ✅ API層 ✅
[2026/4/30 上午2:55:19] ❌ 警告：發現 2 筆儲值金被誤開發票！
[2026/4/30 上午2:55:19]    - ID:3648 泡泡貓｜雲林斗六店 $50981.00 → INV/2026/04/000133
[2026/4/30 上午2:55:19]    - ID:3647 泡泡貓｜雲林虎尾店 $8389.00 → INV/2026/04/000132
[2026/4/30 上午2:55:19] 🔧 自動修正了 0 筆儲值金記錄
[2026/4/30 上午2:55:22] 📱 Telegram 警報發送失敗
[2026/4/30 上午2:55:22] 🔍 GiveMe API 監控完成
[2026/4/30 上午3:25:30] 🔍 GiveMe API 監控開始
[2026/4/30 上午3:25:30] 🛡️ 防護機制狀態正常：腳本層 ✅ API層 ✅
[2026/4/30 上午3:25:30] ❌ 警告：發現 2 筆儲值金被誤開發票！
[2026/4/30 上午3:25:30]    - ID:3648 泡泡貓｜雲林斗六店 $50981.00 → INV/2026/04/000133
[2026/4/30 上午3:25:30]    - ID:3647 泡泡貓｜雲林虎尾店 $8389.00 → INV/2026/04/000132
[2026/4/30 上午3:25:30] 🔧 自動修正了 0 筆儲值金記錄
[2026/4/30 上午3:25:32] 📱 Telegram 警報發送失敗
[2026/4/30 上午3:25:32] 🔍 GiveMe API 監控完成
[2026/4/30 上午3:55:40] 🔍 GiveMe API 監控開始
[2026/4/30 上午3:55:40] 🛡️ 防護機制狀態正常：腳本層 ✅ API層 ✅
[2026/4/30 上午3:55:40] ❌ 警告：發現 2 筆儲值金被誤開發票！
[2026/4/30 上午3:55:40]    - ID:3648 泡泡貓｜雲林斗六店 $50981.00 → INV/2026/04/000133
[2026/4/30 上午3:55:40]    - ID:3647 泡泡貓｜雲林虎尾店 $8389.00 → INV/2026/04/000132
[2026/4/30 上午3:55:40] 🔧 自動修正了 0 筆儲值金記錄
[2026/4/30 上午3:55:43] 📱 Telegram 警報發送失敗
[2026/4/30 上午3:55:43] 🔍 GiveMe API 監控完成
[2026/4/30 上午4:25:50] 🔍 GiveMe API 監控開始
[2026/4/30 上午4:25:50] 🛡️ 防護機制狀態正常：腳本層 ✅ API層 ✅
[2026/4/30 上午4:25:50] ❌ 警告：發現 2 筆儲值金被誤開發票！
[2026/4/30 上午4:25:50]    - ID:3648 泡泡貓｜雲林斗六店 $50981.00 → INV/2026/04/000133
[2026/4/30 上午4:25:50]    - ID:3647 泡泡貓｜雲林虎尾店 $8389.00 → INV/2026/04/000132
[2026/4/30 上午4:25:50] 🔧 自動修正了 0 筆儲值金記錄
[2026/4/30 上午4:25:54] 📱 Telegram 警報發送失敗
[2026/4/30 上午4:25:54] 🔍 GiveMe API 監控完成
[2026/4/30 上午4:56:00] 🔍 GiveMe API 監控開始
[2026/4/30 上午4:56:00] 🛡️ 防護機制狀態正常：腳本層 ✅ API層 ✅
[2026/4/30 上午4:56:00] ❌ 警告：發現 2 筆儲值金被誤開發票！
[2026/4/30 上午4:56:00]    - ID:3648 泡泡貓｜雲林斗六店 $50981.00 → INV/2026/04/000133
[2026/4/30 上午4:56:00]    - ID:3647 泡泡貓｜雲林虎尾店 $8389.00 → INV/2026/04/000132
[2026/4/30 上午4:56:00] 🔧 自動修正了 0 筆儲值金記錄
[2026/4/30 上午4:56:06] 📱 Telegram 警報發送失敗
[2026/4/30 上午4:56:06] 🔍 GiveMe API 監控完成
[2026/4/30 上午5:26:10] 🔍 GiveMe API 監控開始
[2026/4/30 上午5:26:10] 🛡️ 防護機制狀態正常：腳本層 ✅ API層 ✅
[2026/4/30 上午5:26:10] ❌ 警告：發現 2 筆儲值金被誤開發票！
[2026/4/30 上午5:26:10]    - ID:3648 泡泡貓｜雲林斗六店 $50981.00 → INV/2026/04/000133
[2026/4/30 上午5:26:10]    - ID:3647 泡泡貓｜雲林虎尾店 $8389.00 → INV/2026/04/000132
[2026/4/30 上午5:26:10] 🔧 自動修正了 0 筆儲值金記錄
[2026/4/30 上午5:26:13] 📱 Telegram 警報發送失敗
[2026/4/30 上午5:26:13] 🔍 GiveMe API 監控完成
[2026/4/30 上午5:56:20] 🔍 GiveMe API 監控開始
[2026/4/30 上午5:56:20] 🛡️ 防護機制狀態正常：腳本層 ✅ API層 ✅
[2026/4/30 上午5:56:20] ❌ 警告：發現 2 筆儲值金被誤開發票！
[2026/4/30 上午5:56:20]    - ID:3648 泡泡貓｜雲林斗六店 $50981.00 → INV/2026/04/000133
[2026/4/30 上午5:56:20]    - ID:3647 泡泡貓｜雲林虎尾店 $8389.00 → INV/2026/04/000132
[2026/4/30 上午5:56:20] 🔧 自動修正了 0 筆儲值金記錄
[2026/4/30 上午5:56:23] 📱 Telegram 警報發送失敗
[2026/4/30 上午5:56:23] 🔍 GiveMe API 監控完成
[2026/4/30 上午6:26:31] 🔍 GiveMe API 監控開始
[2026/4/30 上午6:26:31] 🛡️ 防護機制狀態正常：腳本層 ✅ API層 ✅
[2026/4/30 上午6:26:31] ❌ 警告：發現 2 筆儲值金被誤開發票！
[2026/4/30 上午6:26:31]    - ID:3648 泡泡貓｜雲林斗六店 $50981.00 → INV/2026/04/000133
[2026/4/30 上午6:26:31]    - ID:3647 泡泡貓｜雲林虎尾店 $8389.00 → INV/2026/04/000132
[2026/4/30 上午6:26:31] 🔧 自動修正了 0 筆儲值金記錄
[2026/4/30 上午6:26:33] 📱 Telegram 警報發送失敗
[2026/4/30 上午6:26:33] 🔍 GiveMe API 監控完成
[2026/4/30 上午6:56:41] 🔍 GiveMe API 監控開始
[2026/4/30 上午6:56:41] 🛡️ 防護機制狀態正常：腳本層 ✅ API層 ✅
[2026/4/30 上午6:56:41] ❌ 警告：發現 2 筆儲值金被誤開發票！
[2026/4/30 上午6:56:41]    - ID:3648 泡泡貓｜雲林斗六店 $50981.00 → INV/2026/04/000133
[2026/4/30 上午6:56:41]    - ID:3647 泡泡貓｜雲林虎尾店 $8389.00 → INV/2026/04/000132
[2026/4/30 上午6:56:41] 🔧 自動修正了 0 筆儲值金記錄
[2026/4/30 上午6:56:43] 📱 Telegram 警報發送失敗
[2026/4/30 上午6:56:43] 🔍 GiveMe API 監控完成
[2026/4/30 上午7:26:51] 🔍 GiveMe API 監控開始
[2026/4/30 上午7:26:51] 🛡️ 防護機制狀態正常：腳本層 ✅ API層 ✅
[2026/4/30 上午7:26:51] ❌ 警告：發現 2 筆儲值金被誤開發票！
[2026/4/30 上午7:26:51]    - ID:3648 泡泡貓｜雲林斗六店 $50981.00 → INV/2026/04/000133
[2026/4/30 上午7:26:51]    - ID:3647 泡泡貓｜雲林虎尾店 $8389.00 → INV/2026/04/000132
[2026/4/30 上午7:26:51] 🔧 自動修正了 0 筆儲值金記錄
[2026/4/30 上午7:26:54] 📱 Telegram 警報發送失敗
[2026/4/30 上午7:26:54] 🔍 GiveMe API 監控完成
[2026/4/30 上午7:57:01] 🔍 GiveMe API 監控開始
[2026/4/30 上午7:57:01] 🛡️ 防護機制狀態正常：腳本層 ✅ API層 ✅
[2026/4/30 上午7:57:01] ❌ 警告：發現 2 筆儲值金被誤開發票！
[2026/4/30 上午7:57:01]    - ID:3648 泡泡貓｜雲林斗六店 $50981.00 → INV/2026/04/000133
[2026/4/30 上午7:57:01]    - ID:3647 泡泡貓｜雲林虎尾店 $8389.00 → INV/2026/04/000132
[2026/4/30 上午7:57:01] 🔧 自動修正了 0 筆儲值金記錄
[2026/4/30 上午7:57:04] 📱 Telegram 警報發送失敗
[2026/4/30 上午7:57:04] 🔍 GiveMe API 監控完成
[2026/4/30 上午8:27:11] 🔍 GiveMe API 監控開始
[2026/4/30 上午8:27:11] 🛡️ 防護機制狀態正常：腳本層 ✅ API層 ✅
[2026/4/30 上午8:27:11] ❌ 警告：發現 2 筆儲值金被誤開發票！
[2026/4/30 上午8:27:11]    - ID:3648 泡泡貓｜雲林斗六店 $50981.00 → INV/2026/04/000133
[2026/4/30 上午8:27:11]    - ID:3647 泡泡貓｜雲林虎尾店 $8389.00 → INV/2026/04/000132
[2026/4/30 上午8:27:11] 🔧 自動修正了 0 筆儲值金記錄
[2026/4/30 上午8:27:14] 📱 Telegram 警報發送失敗
[2026/4/30 上午8:27:14] 🔍 GiveMe API 監控完成
[2026/4/30 上午8:57:21] 🔍 GiveMe API 監控開始
[2026/4/30 上午8:57:21] 🛡️ 防護機制狀態正常：腳本層 ✅ API層 ✅
[2026/4/30 上午8:57:21] ❌ 警告：發現 2 筆儲值金被誤開發票！
[2026/4/30 上午8:57:21]    - ID:3648 泡泡貓｜雲林斗六店 $50981.00 → INV/2026/04/000133
[2026/4/30 上午8:57:21]    - ID:3647 泡泡貓｜雲林虎尾店 $8389.00 → INV/2026/04/000132
[2026/4/30 上午8:57:21] 🔧 自動修正了 0 筆儲值金記錄
[2026/4/30 上午8:57:27] 📱 Telegram 警報發送失敗
[2026/4/30 上午8:57:27] 🔍 GiveMe API 監控完成
[2026/4/30 上午9:27:32] 🔍 GiveMe API 監控開始
[2026/4/30 上午9:27:32] 🛡️ 防護機制狀態正常：腳本層 ✅ API層 ✅
[2026/4/30 上午9:27:32] ❌ 警告：發現 2 筆儲值金被誤開發票！
[2026/4/30 上午9:27:32]    - ID:3648 泡泡貓｜雲林斗六店 $50981.00 → INV/2026/04/000133
[2026/4/30 上午9:27:32]    - ID:3647 泡泡貓｜雲林虎尾店 $8389.00 → INV/2026/04/000132
[2026/4/30 上午9:27:32] 🔧 自動修正了 0 筆儲值金記錄
[2026/4/30 上午9:27:35] 📱 Telegram 警報發送失敗
[2026/4/30 上午9:27:35] 🔍 GiveMe API 監控完成
[2026/4/30 上午9:57:42] 🔍 GiveMe API 監控開始
[2026/4/30 上午9:57:42] 🛡️ 防護機制狀態正常：腳本層 ✅ API層 ✅
[2026/4/30 上午9:57:42] ❌ 警告：發現 2 筆儲值金被誤開發票！
[2026/4/30 上午9:57:42]    - ID:3648 泡泡貓｜雲林斗六店 $50981.00 → INV/2026/04/000133
[2026/4/30 上午9:57:42]    - ID:3647 泡泡貓｜雲林虎尾店 $8389.00 → INV/2026/04/000132
[2026/4/30 上午9:57:42] 🔧 自動修正了 0 筆儲值金記錄
[2026/4/30 上午9:57:46] 📱 Telegram 警報發送失敗
[2026/4/30 上午9:57:46] 🔍 GiveMe API 監控完成
[2026/4/30 上午10:27:52] 🔍 GiveMe API 監控開始
[2026/4/30 上午10:27:52] 🛡️ 防護機制狀態正常：腳本層 ✅ API層 ✅
[2026/4/30 上午10:27:52] ❌ 警告：發現 2 筆儲值金被誤開發票！
[2026/4/30 上午10:27:52]    - ID:3648 泡泡貓｜雲林斗六店 $50981.00 → INV/2026/04/000133
[2026/4/30 上午10:27:52]    - ID:3647 泡泡貓｜雲林虎尾店 $8389.00 → INV/2026/04/000132
[2026/4/30 上午10:27:52] 🔧 自動修正了 0 筆儲值金記錄
[2026/4/30 上午10:27:55] 📱 Telegram 警報發送失敗
[2026/4/30 上午10:27:55] 🔍 GiveMe API 監控完成
[2026/4/30 上午10:58:02] 🔍 GiveMe API 監控開始
[2026/4/30 上午10:58:02] 🛡️ 防護機制狀態正常：腳本層 ✅ API層 ✅
[2026/4/30 上午10:58:02] ❌ 警告：發現 2 筆儲值金被誤開發票！
[2026/4/30 上午10:58:02]    - ID:3648 泡泡貓｜雲林斗六店 $50981.00 → INV/2026/04/000133
[2026/4/30 上午10:58:02]    - ID:3647 泡泡貓｜雲林虎尾店 $8389.00 → INV/2026/04/000132
[2026/4/30 上午10:58:02] 🔧 自動修正了 0 筆儲值金記錄
[2026/4/30 上午10:58:05] 📱 Telegram 警報發送失敗
[2026/4/30 上午10:58:05] 🔍 GiveMe API 監控完成
[2026/4/30 上午11:28:12] 🔍 GiveMe API 監控開始
[2026/4/30 上午11:28:12] 🛡️ 防護機制狀態正常：腳本層 ✅ API層 ✅
[2026/4/30 上午11:28:12] ❌ 警告：發現 2 筆儲值金被誤開發票！
[2026/4/30 上午11:28:12]    - ID:3648 泡泡貓｜雲林斗六店 $50981.00 → INV/2026/04/000133
[2026/4/30 上午11:28:12]    - ID:3647 泡泡貓｜雲林虎尾店 $8389.00 → INV/2026/04/000132
[2026/4/30 上午11:28:12] 🔧 自動修正了 0 筆儲值金記錄
[2026/4/30 上午11:28:15] 📱 Telegram 警報發送失敗
[2026/4/30 上午11:28:15] 🔍 GiveMe API 監控完成
[2026/4/30 上午11:58:22] 🔍 GiveMe API 監控開始
[2026/4/30 上午11:58:22] 🛡️ 防護機制狀態正常：腳本層 ✅ API層 ✅
[2026/4/30 上午11:58:22] ❌ 警告：發現 2 筆儲值金被誤開發票！
[2026/4/30 上午11:58:22]    - ID:3648 泡泡貓｜雲林斗六店 $50981.00 → INV/2026/04/000133
[2026/4/30 上午11:58:22]    - ID:3647 泡泡貓｜雲林虎尾店 $8389.00 → INV/2026/04/000132
[2026/4/30 上午11:58:22] 🔧 自動修正了 0 筆儲值金記錄
[2026/4/30 上午11:58:25] 📱 Telegram 警報發送失敗
[2026/4/30 上午11:58:25] 🔍 GiveMe API 監控完成
[2026/4/30 下午12:28:33] 🔍 GiveMe API 監控開始
[2026/4/30 下午12:28:33] 🛡️ 防護機制狀態正常：腳本層 ✅ API層 ✅
[2026/4/30 下午12:28:33] ❌ 警告：發現 2 筆儲值金被誤開發票！
[2026/4/30 下午12:28:33]    - ID:3648 泡泡貓｜雲林斗六店 $50981.00 → INV/2026/04/000133
[2026/4/30 下午12:28:33]    - ID:3647 泡泡貓｜雲林虎尾店 $8389.00 → INV/2026/04/000132
[2026/4/30 下午12:28:33] 🔧 自動修正了 0 筆儲值金記錄
[2026/4/30 下午12:28:36] 📱 Telegram 警報發送失敗
[2026/4/30 下午12:28:36] 🔍 GiveMe API 監控完成
[2026/4/30 下午12:58:43] 🔍 GiveMe API 監控開始
[2026/4/30 下午12:58:43] 🛡️ 防護機制狀態正常：腳本層 ✅ API層 ✅
[2026/4/30 下午12:58:43] ❌ 警告：發現 2 筆儲值金被誤開發票！
[2026/4/30 下午12:58:43]    - ID:3648 泡泡貓｜雲林斗六店 $50981.00 → INV/2026/04/000133
[2026/4/30 下午12:58:43]    - ID:3647 泡泡貓｜雲林虎尾店 $8389.00 → INV/2026/04/000132
[2026/4/30 下午12:58:43] 🔧 自動修正了 0 筆儲值金記錄
[2026/4/30 下午12:58:45] 📱 Telegram 警報發送失敗
[2026/4/30 下午12:58:45] 🔍 GiveMe API 監控完成
[2026/4/30 下午1:28:53] 🔍 GiveMe API 監控開始
[2026/4/30 下午1:28:53] 🛡️ 防護機制狀態正常：腳本層 ✅ API層 ✅
[2026/4/30 下午1:28:53] ❌ 警告：發現 2 筆儲值金被誤開發票！
[2026/4/30 下午1:28:53]    - ID:3648 泡泡貓｜雲林斗六店 $50981.00 → INV/2026/04/000133
[2026/4/30 下午1:28:53]    - ID:3647 泡泡貓｜雲林虎尾店 $8389.00 → INV/2026/04/000132
[2026/4/30 下午1:28:53] 🔧 自動修正了 0 筆儲值金記錄
[2026/4/30 下午1:28:57] 📱 Telegram 警報發送失敗
[2026/4/30 下午1:28:57] 🔍 GiveMe API 監控完成
[2026/4/30 下午1:59:03] 🔍 GiveMe API 監控開始
[2026/4/30 下午1:59:03] 🛡️ 防護機制狀態正常：腳本層 ✅ API層 ✅
[2026/4/30 下午1:59:03] ❌ 警告：發現 2 筆儲值金被誤開發票！
[2026/4/30 下午1:59:03]    - ID:3648 泡泡貓｜雲林斗六店 $50981.00 → INV/2026/04/000133
[2026/4/30 下午1:59:03]    - ID:3647 泡泡貓｜雲林虎尾店 $8389.00 → INV/2026/04/000132
[2026/4/30 下午1:59:03] 🔧 自動修正了 0 筆儲值金記錄
[2026/4/30 下午1:59:18] 📱 Telegram 警報發送失敗
[2026/4/30 下午1:59:18] 🔍 GiveMe API 監控完成
[2026/4/30 下午2:29:18] 🔍 GiveMe API 監控開始
[2026/4/30 下午2:29:18] 🛡️ 防護機制狀態正常：腳本層 ✅ API層 ✅
[2026/4/30 下午2:29:18] ❌ 警告：發現 2 筆儲值金被誤開發票！
[2026/4/30 下午2:29:18]    - ID:3648 泡泡貓｜雲林斗六店 $50981.00 → INV/2026/04/000133
[2026/4/30 下午2:29:18]    - ID:3647 泡泡貓｜雲林虎尾店 $8389.00 → INV/2026/04/000132
[2026/4/30 下午2:29:18] 🔧 自動修正了 0 筆儲值金記錄
[2026/4/30 下午2:29:23] 📱 Telegram 警報發送失敗
[2026/4/30 下午2:29:23] 🔍 GiveMe API 監控完成
[2026/4/30 下午2:59:29] 🔍 GiveMe API 監控開始
[2026/4/30 下午2:59:29] 🛡️ 防護機制狀態正常：腳本層 ✅ API層 ✅
[2026/4/30 下午2:59:29] ❌ 警告：發現 2 筆儲值金被誤開發票！
[2026/4/30 下午2:59:29]    - ID:3648 泡泡貓｜雲林斗六店 $50981.00 → INV/2026/04/000133
[2026/4/30 下午2:59:29]    - ID:3647 泡泡貓｜雲林虎尾店 $8389.00 → INV/2026/04/000132
[2026/4/30 下午2:59:29] 🔧 自動修正了 0 筆儲值金記錄
[2026/4/30 下午2:59:33] 📱 Telegram 警報發送失敗
[2026/4/30 下午2:59:33] 🔍 GiveMe API 監控完成
[2026/4/30 下午3:29:39] 🔍 GiveMe API 監控開始
[2026/4/30 下午3:29:39] 🛡️ 防護機制狀態正常：腳本層 ✅ API層 ✅
[2026/4/30 下午3:29:39] ❌ 警告：發現 2 筆儲值金被誤開發票！
[2026/4/30 下午3:29:39]    - ID:3648 泡泡貓｜雲林斗六店 $50981.00 → INV/2026/04/000133
[2026/4/30 下午3:29:39]    - ID:3647 泡泡貓｜雲林虎尾店 $8389.00 → INV/2026/04/000132
[2026/4/30 下午3:29:39] 🔧 自動修正了 0 筆儲值金記錄
[2026/4/30 下午3:29:41] 📱 Telegram 警報發送失敗
[2026/4/30 下午3:29:41] 🔍 GiveMe API 監控完成
[2026/4/30 下午3:59:49] 🔍 GiveMe API 監控開始
[2026/4/30 下午3:59:49] 🛡️ 防護機制狀態正常：腳本層 ✅ API層 ✅
[2026/4/30 下午3:59:49] ❌ 警告：發現 2 筆儲值金被誤開發票！
[2026/4/30 下午3:59:49]    - ID:3648 泡泡貓｜雲林斗六店 $50981.00 → INV/2026/04/000133
[2026/4/30 下午3:59:49]    - ID:3647 泡泡貓｜雲林虎尾店 $8389.00 → INV/2026/04/000132
[2026/4/30 下午3:59:49] 🔧 自動修正了 0 筆儲值金記錄
[2026/4/30 下午3:59:52] 📱 Telegram 警報發送失敗
[2026/4/30 下午3:59:52] 🔍 GiveMe API 監控完成
[2026/4/30 下午4:29:59] 🔍 GiveMe API 監控開始
[2026/4/30 下午4:29:59] 🛡️ 防護機制狀態正常：腳本層 ✅ API層 ✅
[2026/4/30 下午4:29:59] ❌ 警告：發現 2 筆儲值金被誤開發票！
[2026/4/30 下午4:29:59]    - ID:3648 泡泡貓｜雲林斗六店 $50981.00 → INV/2026/04/000133
[2026/4/30 下午4:29:59]    - ID:3647 泡泡貓｜雲林虎尾店 $8389.00 → INV/2026/04/000132
[2026/4/30 下午4:29:59] 🔧 自動修正了 0 筆儲值金記錄
[2026/4/30 下午4:30:03] 📱 Telegram 警報發送失敗
[2026/4/30 下午4:30:03] 🔍 GiveMe API 監控完成
[2026/4/30 下午5:00:09] 🔍 GiveMe API 監控開始
[2026/4/30 下午5:00:09] 🛡️ 防護機制狀態正常：腳本層 ✅ API層 ✅
[2026/4/30 下午5:00:09] ❌ 警告：發現 2 筆儲值金被誤開發票！
[2026/4/30 下午5:00:09]    - ID:3648 泡泡貓｜雲林斗六店 $50981.00 → INV/2026/04/000133
[2026/4/30 下午5:00:09]    - ID:3647 泡泡貓｜雲林虎尾店 $8389.00 → INV/2026/04/000132
[2026/4/30 下午5:00:09] 🔧 自動修正了 0 筆儲值金記錄
[2026/4/30 下午5:00:12] 📱 Telegram 警報發送失敗
[2026/4/30 下午5:00:12] 🔍 GiveMe API 監控完成
[2026/4/30 下午5:30:19] 🔍 GiveMe API 監控開始
[2026/4/30 下午5:30:19] 🛡️ 防護機制狀態正常：腳本層 ✅ API層 ✅
[2026/4/30 下午5:30:19] ❌ 警告：發現 2 筆儲值金被誤開發票！
[2026/4/30 下午5:30:19]    - ID:3648 泡泡貓｜雲林斗六店 $50981.00 → INV/2026/04/000133
[2026/4/30 下午5:30:19]    - ID:3647 泡泡貓｜雲林虎尾店 $8389.00 → INV/2026/04/000132
[2026/4/30 下午5:30:19] 🔧 自動修正了 0 筆儲值金記錄
[2026/4/30 下午5:30:24] 📱 Telegram 警報發送失敗
[2026/4/30 下午5:30:24] 🔍 GiveMe API 監控完成
[2026/4/30 下午6:00:30] 🔍 GiveMe API 監控開始
[2026/4/30 下午6:00:30] 🛡️ 防護機制狀態正常：腳本層 ✅ API層 ✅
[2026/4/30 下午6:00:30] ❌ 警告：發現 2 筆儲值金被誤開發票！
[2026/4/30 下午6:00:30]    - ID:3648 泡泡貓｜雲林斗六店 $50981.00 → INV/2026/04/000133
[2026/4/30 下午6:00:30]    - ID:3647 泡泡貓｜雲林虎尾店 $8389.00 → INV/2026/04/000132
[2026/4/30 下午6:00:30] 🔧 自動修正了 0 筆儲值金記錄
[2026/4/30 下午6:00:33] 📱 Telegram 警報發送失敗
[2026/4/30 下午6:00:33] 🔍 GiveMe API 監控完成
[2026/4/30 下午6:30:40] 🔍 GiveMe API 監控開始
[2026/4/30 下午6:30:40] 🛡️ 防護機制狀態正常：腳本層 ✅ API層 ✅
[2026/4/30 下午6:30:40] ❌ 警告：發現 2 筆儲值金被誤開發票！
[2026/4/30 下午6:30:40]    - ID:3648 泡泡貓｜雲林斗六店 $50981.00 → INV/2026/04/000133
[2026/4/30 下午6:30:40]    - ID:3647 泡泡貓｜雲林虎尾店 $8389.00 → INV/2026/04/000132
[2026/4/30 下午6:30:40] 🔧 自動修正了 0 筆儲值金記錄
[2026/4/30 下午6:30:43] 📱 Telegram 警報發送失敗
[2026/4/30 下午6:30:43] 🔍 GiveMe API 監控完成
[2026/4/30 下午7:00:50] 🔍 GiveMe API 監控開始
[2026/4/30 下午7:00:50] 🛡️ 防護機制狀態正常：腳本層 ✅ API層 ✅
[2026/4/30 下午7:00:50] ❌ 警告：發現 2 筆儲值金被誤開發票！
[2026/4/30 下午7:00:50]    - ID:3648 泡泡貓｜雲林斗六店 $50981.00 → INV/2026/04/000133
[2026/4/30 下午7:00:50]    - ID:3647 泡泡貓｜雲林虎尾店 $8389.00 → INV/2026/04/000132
[2026/4/30 下午7:00:50] 🔧 自動修正了 0 筆儲值金記錄
[2026/4/30 下午7:00:55] 📱 Telegram 警報發送失敗
[2026/4/30 下午7:00:55] 🔍 GiveMe API 監控完成
[2026/4/30 下午7:31:00] 🔍 GiveMe API 監控開始
[2026/4/30 下午7:31:00] 🛡️ 防護機制狀態正常：腳本層 ✅ API層 ✅
[2026/4/30 下午7:31:00] ❌ 警告：發現 2 筆儲值金被誤開發票！
[2026/4/30 下午7:31:00]    - ID:3648 泡泡貓｜雲林斗六店 $50981.00 → INV/2026/04/000133
[2026/4/30 下午7:31:00]    - ID:3647 泡泡貓｜雲林虎尾店 $8389.00 → INV/2026/04/000132
[2026/4/30 下午7:31:00] 🔧 自動修正了 0 筆儲值金記錄
[2026/4/30 下午7:31:13] 📱 Telegram 警報發送失敗
[2026/4/30 下午7:31:13] 🔍 GiveMe API 監控完成
[2026/4/30 下午8:01:13] 🔍 GiveMe API 監控開始
[2026/4/30 下午8:01:13] 🛡️ 防護機制狀態正常：腳本層 ✅ API層 ✅
[2026/4/30 下午8:01:13] ❌ 警告：發現 2 筆儲值金被誤開發票！
[2026/4/30 下午8:01:13]    - ID:3648 泡泡貓｜雲林斗六店 $50981.00 → INV/2026/04/000133
[2026/4/30 下午8:01:13]    - ID:3647 泡泡貓｜雲林虎尾店 $8389.00 → INV/2026/04/000132
[2026/4/30 下午8:01:13] 🔧 自動修正了 0 筆儲值金記錄
[2026/4/30 下午8:01:17] 📱 Telegram 警報發送失敗
[2026/4/30 下午8:01:17] 🔍 GiveMe API 監控完成
[2026/4/30 下午8:31:23] 🔍 GiveMe API 監控開始
[2026/4/30 下午8:31:23] 🛡️ 防護機制狀態正常：腳本層 ✅ API層 ✅
[2026/4/30 下午8:31:23] ❌ 警告：發現 2 筆儲值金被誤開發票！
[2026/4/30 下午8:31:23]    - ID:3648 泡泡貓｜雲林斗六店 $50981.00 → INV/2026/04/000133
[2026/4/30 下午8:31:23]    - ID:3647 泡泡貓｜雲林虎尾店 $8389.00 → INV/2026/04/000132
[2026/4/30 下午8:31:23] 🔧 自動修正了 0 筆儲值金記錄
[2026/4/30 下午8:31:27] 📱 Telegram 警報發送失敗
[2026/4/30 下午8:31:27] 🔍 GiveMe API 監控完成
[2026/4/30 下午9:01:34] 🔍 GiveMe API 監控開始
[2026/4/30 下午9:01:34] 🛡️ 防護機制狀態正常：腳本層 ✅ API層 ✅
[2026/4/30 下午9:01:34] ❌ 警告：發現 2 筆儲值金被誤開發票！
[2026/4/30 下午9:01:34]    - ID:3648 泡泡貓｜雲林斗六店 $50981.00 → INV/2026/04/000133
[2026/4/30 下午9:01:34]    - ID:3647 泡泡貓｜雲林虎尾店 $8389.00 → INV/2026/04/000132
[2026/4/30 下午9:01:34] 🔧 自動修正了 0 筆儲值金記錄
[2026/4/30 下午9:01:37] 📱 Telegram 警報發送失敗
[2026/4/30 下午9:01:37] 🔍 GiveMe API 監控完成
[2026/4/30 下午9:31:44] 🔍 GiveMe API 監控開始
[2026/4/30 下午9:31:44] 🛡️ 防護機制狀態正常：腳本層 ✅ API層 ✅
[2026/4/30 下午9:31:44] ❌ 警告：發現 2 筆儲值金被誤開發票！
[2026/4/30 下午9:31:44]    - ID:3648 泡泡貓｜雲林斗六店 $50981.00 → INV/2026/04/000133
[2026/4/30 下午9:31:44]    - ID:3647 泡泡貓｜雲林虎尾店 $8389.00 → INV/2026/04/000132
[2026/4/30 下午9:31:44] 🔧 自動修正了 0 筆儲值金記錄
[2026/4/30 下午9:31:51] 📱 Telegram 警報發送失敗
[2026/4/30 下午9:31:51] 🔍 GiveMe API 監控完成
[2026/4/30 下午10:01:54] 🔍 GiveMe API 監控開始
[2026/4/30 下午10:01:54] 🛡️ 防護機制狀態正常：腳本層 ✅ API層 ✅
[2026/4/30 下午10:01:54] ❌ 警告：發現 2 筆儲值金被誤開發票！
[2026/4/30 下午10:01:54]    - ID:3648 泡泡貓｜雲林斗六店 $50981.00 → INV/2026/04/000133
[2026/4/30 下午10:01:54]    - ID:3647 泡泡貓｜雲林虎尾店 $8389.00 → INV/2026/04/000132
[2026/4/30 下午10:01:54] 🔧 自動修正了 0 筆儲值金記錄
[2026/4/30 下午10:02:00] 📱 Telegram 警報發送失敗
[2026/4/30 下午10:02:00] 🔍 GiveMe API 監控完成
[2026/4/30 下午10:32:04] 🔍 GiveMe API 監控開始
[2026/4/30 下午10:32:04] 🛡️ 防護機制狀態正常：腳本層 ✅ API層 ✅
[2026/4/30 下午10:32:04] ❌ 警告：發現 2 筆儲值金被誤開發票！
[2026/4/30 下午10:32:04]    - ID:3648 泡泡貓｜雲林斗六店 $50981.00 → INV/2026/04/000133
[2026/4/30 下午10:32:04]    - ID:3647 泡泡貓｜雲林虎尾店 $8389.00 → INV/2026/04/000132
[2026/4/30 下午10:32:04] 🔧 自動修正了 0 筆儲值金記錄
[2026/4/30 下午10:32:08] 📱 Telegram 警報發送失敗
[2026/4/30 下午10:32:08] 🔍 GiveMe API 監控完成
[2026/4/30 下午11:02:14] 🔍 GiveMe API 監控開始
[2026/4/30 下午11:02:14] 🛡️ 防護機制狀態正常：腳本層 ✅ API層 ✅
[2026/4/30 下午11:02:14] ❌ 警告：發現 2 筆儲值金被誤開發票！
[2026/4/30 下午11:02:14]    - ID:3648 泡泡貓｜雲林斗六店 $50981.00 → INV/2026/04/000133
[2026/4/30 下午11:02:14]    - ID:3647 泡泡貓｜雲林虎尾店 $8389.00 → INV/2026/04/000132
[2026/4/30 下午11:02:14] 🔧 自動修正了 0 筆儲值金記錄
[2026/4/30 下午11:02:18] 📱 Telegram 警報發送失敗
[2026/4/30 下午11:02:18] 🔍 GiveMe API 監控完成
[2026/4/30 下午11:32:24] 🔍 GiveMe API 監控開始
[2026/4/30 下午11:32:24] 🛡️ 防護機制狀態正常：腳本層 ✅ API層 ✅
[2026/4/30 下午11:32:25] ❌ 警告：發現 2 筆儲值金被誤開發票！
[2026/4/30 下午11:32:25]    - ID:3648 泡泡貓｜雲林斗六店 $50981.00 → INV/2026/04/000133
[2026/4/30 下午11:32:25]    - ID:3647 泡泡貓｜雲林虎尾店 $8389.00 → INV/2026/04/000132
[2026/4/30 下午11:32:25] 🔧 自動修正了 0 筆儲值金記錄
[2026/4/30 下午11:32:27] 📱 Telegram 警報發送失敗
[2026/4/30 下午11:32:27] 🔍 GiveMe API 監控完成
[2026/5/1 上午12:02:35] 🔍 GiveMe API 監控開始
[2026/5/1 上午12:02:35] 🛡️ 防護機制狀態正常：腳本層 ✅ API層 ✅
[2026/5/1 上午12:02:35] ❌ 警告：發現 2 筆儲值金被誤開發票！
[2026/5/1 上午12:02:35]    - ID:3648 泡泡貓｜雲林斗六店 $50981.00 → INV/2026/04/000133
[2026/5/1 上午12:02:35]    - ID:3647 泡泡貓｜雲林虎尾店 $8389.00 → INV/2026/04/000132
[2026/5/1 上午12:02:35] 🔧 自動修正了 0 筆儲值金記錄
[2026/5/1 上午12:02:37] 📱 Telegram 警報發送失敗
[2026/5/1 上午12:02:37] 🔍 GiveMe API 監控完成
[2026/5/1 上午12:32:45] 🔍 GiveMe API 監控開始
[2026/5/1 上午12:32:45] 🛡️ 防護機制狀態正常：腳本層 ✅ API層 ✅
[2026/5/1 上午12:32:45] ❌ 警告：發現 2 筆儲值金被誤開發票！
[2026/5/1 上午12:32:45]    - ID:3648 泡泡貓｜雲林斗六店 $50981.00 → INV/2026/04/000133
[2026/5/1 上午12:32:45]    - ID:3647 泡泡貓｜雲林虎尾店 $8389.00 → INV/2026/04/000132
[2026/5/1 上午12:32:45] 🔧 自動修正了 0 筆儲值金記錄
[2026/5/1 上午12:32:47] 📱 Telegram 警報發送失敗
[2026/5/1 上午12:32:47] 🔍 GiveMe API 監控完成
[2026/5/1 上午1:02:55] 🔍 GiveMe API 監控開始
[2026/5/1 上午1:02:55] 🛡️ 防護機制狀態正常：腳本層 ✅ API層 ✅
[2026/5/1 上午1:02:55] ❌ 警告：發現 2 筆儲值金被誤開發票！
[2026/5/1 上午1:02:55]    - ID:3648 泡泡貓｜雲林斗六店 $50981.00 → INV/2026/04/000133
[2026/5/1 上午1:02:55]    - ID:3647 泡泡貓｜雲林虎尾店 $8389.00 → INV/2026/04/000132
[2026/5/1 上午1:02:55] 🔧 自動修正了 0 筆儲值金記錄
[2026/5/1 上午1:02:58] 📱 Telegram 警報發送失敗
[2026/5/1 上午1:02:58] 🔍 GiveMe API 監控完成
[2026/5/1 上午1:33:05] 🔍 GiveMe API 監控開始
[2026/5/1 上午1:33:05] 🛡️ 防護機制狀態正常：腳本層 ✅ API層 ✅
[2026/5/1 上午1:33:05] ❌ 警告：發現 2 筆儲值金被誤開發票！
[2026/5/1 上午1:33:05]    - ID:3648 泡泡貓｜雲林斗六店 $50981.00 → INV/2026/04/000133
[2026/5/1 上午1:33:05]    - ID:3647 泡泡貓｜雲林虎尾店 $8389.00 → INV/2026/04/000132
[2026/5/1 上午1:33:05] 🔧 自動修正了 0 筆儲值金記錄
[2026/5/1 上午1:33:08] 📱 Telegram 警報發送失敗
[2026/5/1 上午1:33:08] 🔍 GiveMe API 監控完成
[2026/5/1 上午2:03:15] 🔍 GiveMe API 監控開始
[2026/5/1 上午2:03:15] 🛡️ 防護機制狀態正常：腳本層 ✅ API層 ✅
[2026/5/1 上午2:03:15] ❌ 警告：發現 2 筆儲值金被誤開發票！
[2026/5/1 上午2:03:15]    - ID:3648 泡泡貓｜雲林斗六店 $50981.00 → INV/2026/04/000133
[2026/5/1 上午2:03:15]    - ID:3647 泡泡貓｜雲林虎尾店 $8389.00 → INV/2026/04/000132
[2026/5/1 上午2:03:15] 🔧 自動修正了 0 筆儲值金記錄
[2026/5/1 上午2:03:18] 📱 Telegram 警報發送失敗
[2026/5/1 上午2:03:18] 🔍 GiveMe API 監控完成
[2026/5/1 上午2:33:25] 🔍 GiveMe API 監控開始
[2026/5/1 上午2:33:26] 🛡️ 防護機制狀態正常：腳本層 ✅ API層 ✅
[2026/5/1 上午2:33:26] ❌ 警告：發現 2 筆儲值金被誤開發票！
[2026/5/1 上午2:33:26]    - ID:3648 泡泡貓｜雲林斗六店 $50981.00 → INV/2026/04/000133
[2026/5/1 上午2:33:26]    - ID:3647 泡泡貓｜雲林虎尾店 $8389.00 → INV/2026/04/000132
[2026/5/1 上午2:33:26] 🔧 自動修正了 0 筆儲值金記錄
[2026/5/1 上午2:33:28] 📱 Telegram 警報發送失敗
[2026/5/1 上午2:33:28] 🔍 GiveMe API 監控完成
[2026/5/1 上午3:03:36] 🔍 GiveMe API 監控開始
[2026/5/1 上午3:03:36] 🛡️ 防護機制狀態正常：腳本層 ✅ API層 ✅
[2026/5/1 上午3:03:36] ❌ 警告：發現 2 筆儲值金被誤開發票！
[2026/5/1 上午3:03:36]    - ID:3648 泡泡貓｜雲林斗六店 $50981.00 → INV/2026/04/000133
[2026/5/1 上午3:03:36]    - ID:3647 泡泡貓｜雲林虎尾店 $8389.00 → INV/2026/04/000132
[2026/5/1 上午3:03:36] 🔧 自動修正了 0 筆儲值金記錄
[2026/5/1 上午3:03:38] 📱 Telegram 警報發送失敗
[2026/5/1 上午3:03:38] 🔍 GiveMe API 監控完成
[2026/5/1 上午3:33:46] 🔍 GiveMe API 監控開始
[2026/5/1 上午3:33:46] 🛡️ 防護機制狀態正常：腳本層 ✅ API層 ✅
[2026/5/1 上午3:33:46] ✅ 檢查完成：最近 0 筆發票記錄正常，無儲值金誤開發票
[2026/5/1 上午3:33:46] 🔍 GiveMe API 監控完成
[2026/5/1 上午4:03:56] 🔍 GiveMe API 監控開始
[2026/5/1 上午4:03:56] 🛡️ 防護機制狀態正常：腳本層 ✅ API層 ✅
[2026/5/1 上午4:03:56] ✅ 檢查完成：最近 0 筆發票記錄正常，無儲值金誤開發票
[2026/5/1 上午4:03:56] 🔍 GiveMe API 監控完成
[2026/5/1 上午4:34:06] 🔍 GiveMe API 監控開始
[2026/5/1 上午4:34:06] 🛡️ 防護機制狀態正常：腳本層 ✅ API層 ✅
[2026/5/1 上午4:34:06] ✅ 檢查完成：最近 0 筆發票記錄正常，無儲值金誤開發票
[2026/5/1 上午4:34:06] 🔍 GiveMe API 監控完成
[2026/5/1 上午5:04:16] 🔍 GiveMe API 監控開始
[2026/5/1 上午5:04:16] 🛡️ 防護機制狀態正常：腳本層 ✅ API層 ✅
[2026/5/1 上午5:04:16] ✅ 檢查完成：最近 0 筆發票記錄正常，無儲值金誤開發票
[2026/5/1 上午5:04:16] 🔍 GiveMe API 監控完成
[2026/5/1 上午5:34:26] 🔍 GiveMe API 監控開始
[2026/5/1 上午5:34:27] 🛡️ 防護機制狀態正常：腳本層 ✅ API層 ✅
[2026/5/1 上午5:34:27] ✅ 檢查完成：最近 0 筆發票記錄正常，無儲值金誤開發票
[2026/5/1 上午5:34:27] 🔍 GiveMe API 監控完成
[2026/5/1 上午6:04:37] 🔍 GiveMe API 監控開始
[2026/5/1 上午6:04:37] 🛡️ 防護機制狀態正常：腳本層 ✅ API層 ✅
[2026/5/1 上午6:04:37] ✅ 檢查完成：最近 0 筆發票記錄正常，無儲值金誤開發票
[2026/5/1 上午6:04:37] 🔍 GiveMe API 監控完成
[2026/5/1 上午6:34:47] 🔍 GiveMe API 監控開始
[2026/5/1 上午6:34:47] 🛡️ 防護機制狀態正常：腳本層 ✅ API層 ✅
[2026/5/1 上午6:34:47] ✅ 檢查完成：最近 0 筆發票記錄正常，無儲值金誤開發票
[2026/5/1 上午6:34:47] 🔍 GiveMe API 監控完成
[2026/5/1 上午7:04:57] 🔍 GiveMe API 監控開始
[2026/5/1 上午7:04:57] 🛡️ 防護機制狀態正常：腳本層 ✅ API層 ✅
[2026/5/1 上午7:04:57] ✅ 檢查完成：最近 0 筆發票記錄正常，無儲值金誤開發票
[2026/5/1 上午7:04:57] 🔍 GiveMe API 監控完成
[2026/5/1 上午7:35:07] 🔍 GiveMe API 監控開始
[2026/5/1 上午7:35:07] 🛡️ 防護機制狀態正常：腳本層 ✅ API層 ✅
[2026/5/1 上午7:35:07] ✅ 檢查完成：最近 0 筆發票記錄正常，無儲值金誤開發票
[2026/5/1 上午7:35:07] 🔍 GiveMe API 監控完成
[2026/5/1 上午8:05:17] 🔍 GiveMe API 監控開始
[2026/5/1 上午8:05:17] 🛡️ 防護機制狀態正常：腳本層 ✅ API層 ✅
[2026/5/1 上午8:05:17] ✅ 檢查完成：最近 0 筆發票記錄正常，無儲值金誤開發票
[2026/5/1 上午8:05:17] 🔍 GiveMe API 監控完成
[2026/5/1 上午8:35:28] 🔍 GiveMe API 監控開始
[2026/5/1 上午8:35:28] 🛡️ 防護機制狀態正常：腳本層 ✅ API層 ✅
[2026/5/1 上午8:35:28] ✅ 檢查完成：最近 0 筆發票記錄正常，無儲值金誤開發票
[2026/5/1 上午8:35:28] 🔍 GiveMe API 監控完成
[2026/5/1 上午9:05:38] 🔍 GiveMe API 監控開始
[2026/5/1 上午9:05:38] 🛡️ 防護機制狀態正常：腳本層 ✅ API層 ✅
[2026/5/1 上午9:05:38] ✅ 檢查完成：最近 0 筆發票記錄正常，無儲值金誤開發票
[2026/5/1 上午9:05:38] 🔍 GiveMe API 監控完成
[2026/5/1 上午9:35:48] 🔍 GiveMe API 監控開始
[2026/5/1 上午9:35:48] 🛡️ 防護機制狀態正常：腳本層 ✅ API層 ✅
[2026/5/1 上午9:35:48] ✅ 檢查完成：最近 2 筆發票記錄正常，無儲值金誤開發票
[2026/5/1 上午9:35:48] 🔍 GiveMe API 監控完成
[2026/5/1 上午10:05:58] 🔍 GiveMe API 監控開始
[2026/5/1 上午10:05:58] 🛡️ 防護機制狀態正常：腳本層 ✅ API層 ✅
[2026/5/1 上午10:05:58] ✅ 檢查完成：最近 5 筆發票記錄正常，無儲值金誤開發票
[2026/5/1 上午10:05:58] 🔍 GiveMe API 監控完成
[2026/5/1 上午10:36:08] 🔍 GiveMe API 監控開始
[2026/5/1 上午10:36:08] 🛡️ 防護機制狀態正常：腳本層 ✅ API層 ✅
[2026/5/1 上午10:36:08] ✅ 檢查完成：最近 6 筆發票記錄正常，無儲值金誤開發票
[2026/5/1 上午10:36:08] 🔍 GiveMe API 監控完成
[2026/5/1 上午11:06:18] 🔍 GiveMe API 監控開始
[2026/5/1 上午11:06:18] 🛡️ 防護機制狀態正常：腳本層 ✅ API層 ✅
[2026/5/1 上午11:06:18] ✅ 檢查完成：最近 8 筆發票記錄正常，無儲值金誤開發票
[2026/5/1 上午11:06:18] 🔍 GiveMe API 監控完成
[2026/5/1 上午11:36:29] 🔍 GiveMe API 監控開始
[2026/5/1 上午11:36:29] 🛡️ 防護機制狀態正常：腳本層 ✅ API層 ✅
[2026/5/1 上午11:36:29] ✅ 檢查完成：最近 9 筆發票記錄正常，無儲值金誤開發票
[2026/5/1 上午11:36:29] 🔍 GiveMe API 監控完成
[2026/5/1 下午12:06:39] 🔍 GiveMe API 監控開始
[2026/5/1 下午12:06:39] 🛡️ 防護機制狀態正常：腳本層 ✅ API層 ✅
[2026/5/1 下午12:06:39] ✅ 檢查完成：最近 9 筆發票記錄正常，無儲值金誤開發票
[2026/5/1 下午12:06:39] 🔍 GiveMe API 監控完成
[2026/5/1 下午12:36:49] 🔍 GiveMe API 監控開始
[2026/5/1 下午12:36:49] 🛡️ 防護機制狀態正常：腳本層 ✅ API層 ✅
[2026/5/1 下午12:36:49] ✅ 檢查完成：最近 9 筆發票記錄正常，無儲值金誤開發票
[2026/5/1 下午12:36:49] 🔍 GiveMe API 監控完成
[2026/5/1 下午1:06:59] 🔍 GiveMe API 監控開始
[2026/5/1 下午1:06:59] 🛡️ 防護機制狀態正常：腳本層 ✅ API層 ✅
[2026/5/1 下午1:06:59] ✅ 檢查完成：最近 9 筆發票記錄正常，無儲值金誤開發票
[2026/5/1 下午1:06:59] 🔍 GiveMe API 監控完成
[2026/5/1 下午1:37:09] 🔍 GiveMe API 監控開始
[2026/5/1 下午1:37:09] 🛡️ 防護機制狀態正常：腳本層 ✅ API層 ✅
[2026/5/1 下午1:37:09] ✅ 檢查完成：最近 9 筆發票記錄正常，無儲值金誤開發票
[2026/5/1 下午1:37:09] 🔍 GiveMe API 監控完成
[2026/5/1 下午2:07:19] 🔍 GiveMe API 監控開始
[2026/5/1 下午2:07:19] 🛡️ 防護機制狀態正常：腳本層 ✅ API層 ✅
[2026/5/1 下午2:07:19] ✅ 檢查完成：最近 9 筆發票記錄正常，無儲值金誤開發票
[2026/5/1 下午2:07:19] 🔍 GiveMe API 監控完成
[2026/5/1 下午2:37:29] 🔍 GiveMe API 監控開始
[2026/5/1 下午2:37:29] 🛡️ 防護機制狀態正常：腳本層 ✅ API層 ✅
[2026/5/1 下午2:37:29] ✅ 檢查完成：最近 9 筆發票記錄正常，無儲值金誤開發票
[2026/5/1 下午2:37:29] 🔍 GiveMe API 監控完成
[2026/5/1 下午3:07:40] 🔍 GiveMe API 監控開始
[2026/5/1 下午3:07:40] 🛡️ 防護機制狀態正常：腳本層 ✅ API層 ✅
[2026/5/1 下午3:07:40] ✅ 檢查完成：最近 11 筆發票記錄正常，無儲值金誤開發票
[2026/5/1 下午3:07:40] 🔍 GiveMe API 監控完成
[2026/5/1 下午3:37:50] 🔍 GiveMe API 監控開始
[2026/5/1 下午3:37:50] 🛡️ 防護機制狀態正常：腳本層 ✅ API層 ✅
[2026/5/1 下午3:37:50] ✅ 檢查完成：最近 11 筆發票記錄正常，無儲值金誤開發票
[2026/5/1 下午3:37:50] 🔍 GiveMe API 監控完成
[2026/5/1 下午4:08:00] 🔍 GiveMe API 監控開始
[2026/5/1 下午4:08:00] 🛡️ 防護機制狀態正常：腳本層 ✅ API層 ✅
[2026/5/1 下午4:08:00] ✅ 檢查完成：最近 11 筆發票記錄正常，無儲值金誤開發票
[2026/5/1 下午4:08:00] 🔍 GiveMe API 監控完成
[2026/5/1 下午4:38:10] 🔍 GiveMe API 監控開始
[2026/5/1 下午4:38:10] 🛡️ 防護機制狀態正常：腳本層 ✅ API層 ✅
[2026/5/1 下午4:38:10] ✅ 檢查完成：最近 11 筆發票記錄正常，無儲值金誤開發票
[2026/5/1 下午4:38:10] 🔍 GiveMe API 監控完成
[2026/5/1 下午5:08:20] 🔍 GiveMe API 監控開始
[2026/5/1 下午5:08:20] 🛡️ 防護機制狀態正常：腳本層 ✅ API層 ✅
[2026/5/1 下午5:08:20] ✅ 檢查完成：最近 11 筆發票記錄正常，無儲值金誤開發票
[2026/5/1 下午5:08:20] 🔍 GiveMe API 監控完成
[2026/5/1 下午5:38:31] 🔍 GiveMe API 監控開始
[2026/5/1 下午5:38:31] 🛡️ 防護機制狀態正常：腳本層 ✅ API層 ✅
[2026/5/1 下午5:38:31] ✅ 檢查完成：最近 12 筆發票記錄正常，無儲值金誤開發票
[2026/5/1 下午5:38:31] 🔍 GiveMe API 監控完成
[2026/5/1 下午6:08:41] 🔍 GiveMe API 監控開始
[2026/5/1 下午6:08:41] 🛡️ 防護機制狀態正常：腳本層 ✅ API層 ✅
[2026/5/1 下午6:08:41] ✅ 檢查完成：最近 12 筆發票記錄正常，無儲值金誤開發票
[2026/5/1 下午6:08:41] 🔍 GiveMe API 監控完成
[2026/5/1 下午6:38:51] 🔍 GiveMe API 監控開始
[2026/5/1 下午6:38:51] 🛡️ 防護機制狀態正常：腳本層 ✅ API層 ✅
[2026/5/1 下午6:38:51] ✅ 檢查完成：最近 13 筆發票記錄正常，無儲值金誤開發票
[2026/5/1 下午6:38:51] 🔍 GiveMe API 監控完成
[2026/5/1 下午7:09:01] 🔍 GiveMe API 監控開始
[2026/5/1 下午7:09:01] 🛡️ 防護機制狀態正常：腳本層 ✅ API層 ✅
[2026/5/1 下午7:09:01] ✅ 檢查完成：最近 13 筆發票記錄正常，無儲值金誤開發票
[2026/5/1 下午7:09:01] 🔍 GiveMe API 監控完成
[2026/5/1 下午7:39:11] 🔍 GiveMe API 監控開始
[2026/5/1 下午7:39:11] 🛡️ 防護機制狀態正常：腳本層 ✅ API層 ✅
[2026/5/1 下午7:39:11] ✅ 檢查完成：最近 13 筆發票記錄正常，無儲值金誤開發票
[2026/5/1 下午7:39:11] 🔍 GiveMe API 監控完成
[2026/5/1 下午8:09:21] 🔍 GiveMe API 監控開始
[2026/5/1 下午8:09:21] 🛡️ 防護機制狀態正常：腳本層 ✅ API層 ✅
[2026/5/1 下午8:09:21] ✅ 檢查完成：最近 13 筆發票記錄正常，無儲值金誤開發票
[2026/5/1 下午8:09:21] 🔍 GiveMe API 監控完成
[2026/5/1 下午8:39:31] 🔍 GiveMe API 監控開始
[2026/5/1 下午8:39:31] 🛡️ 防護機制狀態正常：腳本層 ✅ API層 ✅
[2026/5/1 下午8:39:31] ✅ 檢查完成：最近 15 筆發票記錄正常，無儲值金誤開發票
[2026/5/1 下午8:39:31] 🔍 GiveMe API 監控完成
[2026/5/1 下午9:09:42] 🔍 GiveMe API 監控開始
[2026/5/1 下午9:09:42] 🛡️ 防護機制狀態正常：腳本層 ✅ API層 ✅
[2026/5/1 下午9:09:42] ✅ 檢查完成：最近 15 筆發票記錄正常，無儲值金誤開發票
[2026/5/1 下午9:09:42] 🔍 GiveMe API 監控完成
[2026/5/1 下午9:39:52] 🔍 GiveMe API 監控開始
[2026/5/1 下午9:39:52] 🛡️ 防護機制狀態正常：腳本層 ✅ API層 ✅
[2026/5/1 下午9:39:52] ✅ 檢查完成：最近 15 筆發票記錄正常，無儲值金誤開發票
[2026/5/1 下午9:39:52] 🔍 GiveMe API 監控完成
[2026/5/1 下午10:10:02] 🔍 GiveMe API 監控開始
[2026/5/1 下午10:10:02] 🛡️ 防護機制狀態正常：腳本層 ✅ API層 ✅
[2026/5/1 下午10:10:02] ✅ 檢查完成：最近 15 筆發票記錄正常，無儲值金誤開發票
[2026/5/1 下午10:10:02] 🔍 GiveMe API 監控完成
[2026/5/1 下午10:40:12] 🔍 GiveMe API 監控開始
[2026/5/1 下午10:40:12] 🛡️ 防護機制狀態正常：腳本層 ✅ API層 ✅
[2026/5/1 下午10:40:12] ✅ 檢查完成：最近 15 筆發票記錄正常，無儲值金誤開發票
[2026/5/1 下午10:40:12] 🔍 GiveMe API 監控完成
[2026/5/1 下午11:10:22] 🔍 GiveMe API 監控開始
[2026/5/1 下午11:10:22] 🛡️ 防護機制狀態正常：腳本層 ✅ API層 ✅
[2026/5/1 下午11:10:22] ✅ 檢查完成：最近 16 筆發票記錄正常，無儲值金誤開發票
[2026/5/1 下午11:10:22] 🔍 GiveMe API 監控完成
[2026/5/1 下午11:40:33] 🔍 GiveMe API 監控開始
[2026/5/1 下午11:40:33] 🛡️ 防護機制狀態正常：腳本層 ✅ API層 ✅
[2026/5/1 下午11:40:33] ✅ 檢查完成：最近 16 筆發票記錄正常，無儲值金誤開發票
[2026/5/1 下午11:40:33] 🔍 GiveMe API 監控完成
[2026/5/2 上午12:10:43] 🔍 GiveMe API 監控開始
[2026/5/2 上午12:10:43] 🛡️ 防護機制狀態正常：腳本層 ✅ API層 ✅
[2026/5/2 上午12:10:43] ✅ 檢查完成：最近 16 筆發票記錄正常，無儲值金誤開發票
[2026/5/2 上午12:10:43] 🔍 GiveMe API 監控完成
[2026/5/2 上午12:40:53] 🔍 GiveMe API 監控開始
[2026/5/2 上午12:40:53] 🛡️ 防護機制狀態正常：腳本層 ✅ API層 ✅
[2026/5/2 上午12:40:53] ✅ 檢查完成：最近 16 筆發票記錄正常，無儲值金誤開發票
[2026/5/2 上午12:40:53] 🔍 GiveMe API 監控完成
